<?xml version="1.0"?>
<link_info>
   <banner>TMS320C6x Linker PC v7.4.20</banner>
   <copyright>Copyright (c) 1996-2015 Texas Instruments Incorporated</copyright>
   <link_time>0x67f4f1b0</link_time>
   <output_file>bt91.out</output_file>
   <entry_point>
      <name>_c_int00</name>
      <address>0x3c20</address>
   </entry_point>
   <input_file_list>
      <input_file id="fl-2">
         <path>.\</path>
         <kind>object</kind>
         <file>bt91.obj</file>
         <name>bt91.obj</name>
      </input_file>
      <input_file id="fl-3">
         <path>.\</path>
         <kind>object</kind>
         <file>c6416dskinit.obj</file>
         <name>c6416dskinit.obj</name>
      </input_file>
      <input_file id="fl-80">
         <path>C:\ti\ccsv7\2_c6000_7.4.20\c6000_7.4.20\lib\</path>
         <kind>archive</kind>
         <file>rts6400.lib</file>
         <name>boot.obj</name>
      </input_file>
      <input_file id="fl-81">
         <path>C:\ti\ccsv7\2_c6000_7.4.20\c6000_7.4.20\lib\</path>
         <kind>archive</kind>
         <file>rts6400.lib</file>
         <name>cvtfd.obj</name>
      </input_file>
      <input_file id="fl-82">
         <path>C:\ti\ccsv7\2_c6000_7.4.20\c6000_7.4.20\lib\</path>
         <kind>archive</kind>
         <file>rts6400.lib</file>
         <name>divd.obj</name>
      </input_file>
      <input_file id="fl-83">
         <path>C:\ti\ccsv7\2_c6000_7.4.20\c6000_7.4.20\lib\</path>
         <kind>archive</kind>
         <file>rts6400.lib</file>
         <name>exit.obj</name>
      </input_file>
      <input_file id="fl-84">
         <path>C:\ti\ccsv7\2_c6000_7.4.20\c6000_7.4.20\lib\</path>
         <kind>archive</kind>
         <file>rts6400.lib</file>
         <name>fixdi.obj</name>
      </input_file>
      <input_file id="fl-85">
         <path>C:\ti\ccsv7\2_c6000_7.4.20\c6000_7.4.20\lib\</path>
         <kind>archive</kind>
         <file>rts6400.lib</file>
         <name>fltid.obj</name>
      </input_file>
      <input_file id="fl-86">
         <path>C:\ti\ccsv7\2_c6000_7.4.20\c6000_7.4.20\lib\</path>
         <kind>archive</kind>
         <file>rts6400.lib</file>
         <name>frcmpyd_div.obj</name>
      </input_file>
      <input_file id="fl-87">
         <path>C:\ti\ccsv7\2_c6000_7.4.20\c6000_7.4.20\lib\</path>
         <kind>archive</kind>
         <file>rts6400.lib</file>
         <name>mpyd.obj</name>
      </input_file>
      <input_file id="fl-88">
         <path>C:\ti\ccsv7\2_c6000_7.4.20\c6000_7.4.20\lib\</path>
         <kind>archive</kind>
         <file>rts6400.lib</file>
         <name>mpyll.obj</name>
      </input_file>
      <input_file id="fl-89">
         <path>C:\ti\ccsv7\2_c6000_7.4.20\c6000_7.4.20\lib\</path>
         <kind>archive</kind>
         <file>rts6400.lib</file>
         <name>sin.obj</name>
      </input_file>
      <input_file id="fl-8a">
         <path>C:\ti\ccsv7\2_c6000_7.4.20\c6000_7.4.20\lib\</path>
         <kind>archive</kind>
         <file>rts6400.lib</file>
         <name>subd.obj</name>
      </input_file>
      <input_file id="fl-8b">
         <path>C:\ti\ccsv7\2_c6000_7.4.20\c6000_7.4.20\lib\</path>
         <kind>archive</kind>
         <file>rts6400.lib</file>
         <name>trunc.obj</name>
      </input_file>
      <input_file id="fl-8c">
         <path>C:\ti\ccsv7\2_c6000_7.4.20\c6000_7.4.20\lib\</path>
         <kind>archive</kind>
         <file>rts6400.lib</file>
         <name>addd.obj</name>
      </input_file>
      <input_file id="fl-8d">
         <path>C:\ti\ccsv7\2_c6000_7.4.20\c6000_7.4.20\lib\</path>
         <kind>archive</kind>
         <file>rts6400.lib</file>
         <name>args_main.obj</name>
      </input_file>
      <input_file id="fl-8e">
         <path>C:\ti\ccsv7\2_c6000_7.4.20\c6000_7.4.20\lib\</path>
         <kind>archive</kind>
         <file>rts6400.lib</file>
         <name>autoinit.obj</name>
      </input_file>
      <input_file id="fl-8f">
         <path>C:\ti\ccsv7\2_c6000_7.4.20\c6000_7.4.20\lib\</path>
         <kind>archive</kind>
         <file>rts6400.lib</file>
         <name>cmpd.obj</name>
      </input_file>
      <input_file id="fl-90">
         <path>C:\ti\ccsv7\2_c6000_7.4.20\c6000_7.4.20\lib\</path>
         <kind>archive</kind>
         <file>rts6400.lib</file>
         <name>cpp_init.obj</name>
      </input_file>
      <input_file id="fl-91">
         <path>C:\ti\ccsv7\2_c6000_7.4.20\c6000_7.4.20\lib\</path>
         <kind>archive</kind>
         <file>rts6400.lib</file>
         <name>cpy_tbl.obj</name>
      </input_file>
      <input_file id="fl-92">
         <path>C:\ti\ccsv7\2_c6000_7.4.20\c6000_7.4.20\lib\</path>
         <kind>archive</kind>
         <file>rts6400.lib</file>
         <name>frcaddd.obj</name>
      </input_file>
      <input_file id="fl-93">
         <path>C:\ti\ccsv7\2_c6000_7.4.20\c6000_7.4.20\lib\</path>
         <kind>archive</kind>
         <file>rts6400.lib</file>
         <name>frcmpyd.obj</name>
      </input_file>
      <input_file id="fl-94">
         <path>C:\ti\ccsv7\2_c6000_7.4.20\c6000_7.4.20\lib\</path>
         <kind>archive</kind>
         <file>rts6400.lib</file>
         <name>memcpy64.obj</name>
      </input_file>
      <input_file id="fl-95">
         <path>C:\ti\ccsv7\2_c6000_7.4.20\c6000_7.4.20\lib\</path>
         <kind>archive</kind>
         <file>rts6400.lib</file>
         <name>modf.obj</name>
      </input_file>
      <input_file id="fl-96">
         <path>C:\ti\ccsv7\2_c6000_7.4.20\c6000_7.4.20\lib\</path>
         <kind>archive</kind>
         <file>rts6400.lib</file>
         <name>negd.obj</name>
      </input_file>
      <input_file id="fl-97">
         <path>C:\ti\ccsv7\2_c6000_7.4.20\c6000_7.4.20\lib\</path>
         <kind>archive</kind>
         <file>rts6400.lib</file>
         <name>renormd.obj</name>
      </input_file>
      <input_file id="fl-98">
         <path>C:\ti\ccsv7\2_c6000_7.4.20\c6000_7.4.20\lib\</path>
         <kind>archive</kind>
         <file>rts6400.lib</file>
         <name>round.obj</name>
      </input_file>
      <input_file id="fl-99">
         <path>C:\ti\2_ThuvienDSP\2_ThuvienDSP\lib\</path>
         <kind>archive</kind>
         <file>csl6416.lib</file>
         <name>csl_irq.obj</name>
      </input_file>
      <input_file id="fl-9a">
         <path>C:\ti\2_ThuvienDSP\2_ThuvienDSP\lib\</path>
         <kind>archive</kind>
         <file>csl6416.lib</file>
         <name>csl_mcbsp.obj</name>
      </input_file>
      <input_file id="fl-9b">
         <path>C:\ti\2_ThuvienDSP\lib\</path>
         <kind>archive</kind>
         <file>dsk6416bsl.lib</file>
         <name>dsk6416.obj</name>
      </input_file>
      <input_file id="fl-9c">
         <path>C:\ti\2_ThuvienDSP\lib\</path>
         <kind>archive</kind>
         <file>dsk6416bsl.lib</file>
         <name>dsk6416_aic23_opencodec.obj</name>
      </input_file>
      <input_file id="fl-9d">
         <path>C:\ti\2_ThuvienDSP\lib\</path>
         <kind>archive</kind>
         <file>dsk6416bsl.lib</file>
         <name>dsk6416_aic23_registers.obj</name>
      </input_file>
      <input_file id="fl-9e">
         <path>C:\ti\2_ThuvienDSP\lib\</path>
         <kind>archive</kind>
         <file>dsk6416bsl.lib</file>
         <name>dsk6416_aic23_setfreq.obj</name>
      </input_file>
      <input_file id="fl-9f">
         <path>C:\ti\2_ThuvienDSP\lib\</path>
         <kind>archive</kind>
         <file>dsk6416bsl.lib</file>
         <name>dsk6416_dip.obj</name>
      </input_file>
      <input_file id="fl-a0">
         <path>C:\ti\2_ThuvienDSP\lib\</path>
         <kind>archive</kind>
         <file>dsk6416bsl.lib</file>
         <name>dsk6416_led.obj</name>
      </input_file>
      <input_file id="fl-a1">
         <path>C:\ti\ccsv7\2_c6000_7.4.20\c6000_7.4.20\lib\</path>
         <kind>archive</kind>
         <file>rts6400.lib</file>
         <name>strasg.obj</name>
      </input_file>
      <input_file id="fl-a2">
         <path>C:\ti\2_ThuvienDSP\2_ThuvienDSP\lib\</path>
         <kind>archive</kind>
         <file>csl6416.lib</file>
         <name>csl_emifa.obj</name>
      </input_file>
      <input_file id="fl-a3">
         <path>C:\ti\2_ThuvienDSP\2_ThuvienDSP\lib\</path>
         <kind>archive</kind>
         <file>csl6416.lib</file>
         <name>csl_emifb.obj</name>
      </input_file>
   </input_file_list>
   <object_component_list>
      <object_component id="oc-bf">
         <name>.text</name>
         <load_address>0x220</load_address>
         <run_address>0x220</run_address>
         <size>0x640</size>
         <input_file_ref idref="fl-3"/>
      </object_component>
      <object_component id="oc-bc">
         <name>.text:__divd</name>
         <load_address>0x860</load_address>
         <run_address>0x860</run_address>
         <size>0x5e0</size>
         <input_file_ref idref="fl-82"/>
      </object_component>
      <object_component id="oc-bd">
         <name>.text:_sin</name>
         <load_address>0xe40</load_address>
         <run_address>0xe40</run_address>
         <size>0x4c0</size>
         <input_file_ref idref="fl-89"/>
      </object_component>
      <object_component id="oc-76">
         <name>.text</name>
         <load_address>0x1300</load_address>
         <run_address>0x1300</run_address>
         <size>0x3c0</size>
         <input_file_ref idref="fl-9b"/>
      </object_component>
      <object_component id="oc-ba">
         <name>.text:__mpyd</name>
         <load_address>0x16c0</load_address>
         <run_address>0x16c0</run_address>
         <size>0x2a0</size>
         <input_file_ref idref="fl-87"/>
      </object_component>
      <object_component id="oc-b6">
         <name>.text</name>
         <load_address>0x1960</load_address>
         <run_address>0x1960</run_address>
         <size>0x280</size>
         <input_file_ref idref="fl-2"/>
      </object_component>
      <object_component id="oc-d2">
         <name>.text:__frcaddd</name>
         <load_address>0x1be0</load_address>
         <run_address>0x1be0</run_address>
         <size>0x260</size>
         <input_file_ref idref="fl-92"/>
      </object_component>
      <object_component id="oc-c4">
         <name>.text:__addd</name>
         <load_address>0x1e40</load_address>
         <run_address>0x1e40</run_address>
         <size>0x240</size>
         <input_file_ref idref="fl-8c"/>
      </object_component>
      <object_component id="oc-7d">
         <name>.text</name>
         <load_address>0x2080</load_address>
         <run_address>0x2080</run_address>
         <size>0x220</size>
         <input_file_ref idref="fl-9c"/>
      </object_component>
      <object_component id="oc-84">
         <name>.text</name>
         <load_address>0x22a0</load_address>
         <run_address>0x22a0</run_address>
         <size>0x220</size>
         <input_file_ref idref="fl-9d"/>
      </object_component>
      <object_component id="oc-cc">
         <name>.text:_IRQ_map</name>
         <load_address>0x24c0</load_address>
         <run_address>0x24c0</run_address>
         <size>0x1e0</size>
         <input_file_ref idref="fl-99"/>
      </object_component>
      <object_component id="oc-b8">
         <name>.text:_MCBSP_reset</name>
         <load_address>0x26a0</load_address>
         <run_address>0x26a0</run_address>
         <size>0x1e0</size>
         <input_file_ref idref="fl-9a"/>
      </object_component>
      <object_component id="oc-97">
         <name>.text</name>
         <load_address>0x2880</load_address>
         <run_address>0x2880</run_address>
         <size>0x1a0</size>
         <input_file_ref idref="fl-a0"/>
      </object_component>
      <object_component id="oc-c5">
         <name>.text:__nround</name>
         <load_address>0x2a20</load_address>
         <run_address>0x2a20</run_address>
         <size>0x160</size>
         <input_file_ref idref="fl-98"/>
      </object_component>
      <object_component id="oc-c0">
         <name>.text:__frcmpyd</name>
         <load_address>0x2b80</load_address>
         <run_address>0x2b80</run_address>
         <size>0x120</size>
         <input_file_ref idref="fl-93"/>
      </object_component>
      <object_component id="oc-c2">
         <name>.text:__frcmpyd_div</name>
         <load_address>0x2ca0</load_address>
         <run_address>0x2ca0</run_address>
         <size>0x100</size>
         <input_file_ref idref="fl-86"/>
      </object_component>
      <object_component id="oc-8b">
         <name>.text</name>
         <load_address>0x2da0</load_address>
         <run_address>0x2da0</run_address>
         <size>0x100</size>
         <input_file_ref idref="fl-9e"/>
      </object_component>
      <object_component id="oc-ac">
         <name>.text:_MCBSP_open</name>
         <load_address>0x2ea0</load_address>
         <run_address>0x2ea0</run_address>
         <size>0xe0</size>
         <input_file_ref idref="fl-9a"/>
      </object_component>
      <object_component id="oc-ae">
         <name>.text:_MCBSP_start</name>
         <load_address>0x2f80</load_address>
         <run_address>0x2f80</run_address>
         <size>0xe0</size>
         <input_file_ref idref="fl-9a"/>
      </object_component>
      <object_component id="oc-a6">
         <name>.text:__auto_init</name>
         <load_address>0x3060</load_address>
         <run_address>0x3060</run_address>
         <size>0xe0</size>
         <input_file_ref idref="fl-8e"/>
      </object_component>
      <object_component id="oc-c3">
         <name>.text:__cmpd</name>
         <load_address>0x3140</load_address>
         <run_address>0x3140</run_address>
         <size>0xe0</size>
         <input_file_ref idref="fl-8f"/>
      </object_component>
      <object_component id="oc-b4">
         <name>.text:_memcpy</name>
         <load_address>0x3220</load_address>
         <run_address>0x3220</run_address>
         <size>0xe0</size>
         <input_file_ref idref="fl-94"/>
      </object_component>
      <object_component id="oc-c7">
         <name>.text:_modf</name>
         <load_address>0x3300</load_address>
         <run_address>0x3300</run_address>
         <size>0xe0</size>
         <input_file_ref idref="fl-95"/>
      </object_component>
      <object_component id="oc-ad">
         <name>.text:_MCBSP_config</name>
         <load_address>0x33e0</load_address>
         <run_address>0x33e0</run_address>
         <size>0xc0</size>
         <input_file_ref idref="fl-9a"/>
      </object_component>
      <object_component id="oc-a9">
         <name>.text:__strasg</name>
         <load_address>0x34a0</load_address>
         <run_address>0x34a0</run_address>
         <size>0xc0</size>
         <input_file_ref idref="fl-a1"/>
      </object_component>
      <object_component id="oc-a8">
         <name>.text:_exit</name>
         <load_address>0x3560</load_address>
         <run_address>0x3560</run_address>
         <size>0xc0</size>
         <input_file_ref idref="fl-83"/>
      </object_component>
      <object_component id="oc-d3">
         <name>.text:_setMux</name>
         <load_address>0x3620</load_address>
         <run_address>0x3620</run_address>
         <size>0xc0</size>
         <input_file_ref idref="fl-99"/>
      </object_component>
      <object_component id="oc-ab">
         <name>.text:_EMIFA_config</name>
         <load_address>0x36e0</load_address>
         <run_address>0x36e0</run_address>
         <size>0xa0</size>
         <input_file_ref idref="fl-a2"/>
      </object_component>
      <object_component id="oc-aa">
         <name>.text:_EMIFB_config</name>
         <load_address>0x3780</load_address>
         <run_address>0x3780</run_address>
         <size>0xa0</size>
         <input_file_ref idref="fl-a3"/>
      </object_component>
      <object_component id="oc-d4">
         <name>.text:__renormd</name>
         <load_address>0x3820</load_address>
         <run_address>0x3820</run_address>
         <size>0xa0</size>
         <input_file_ref idref="fl-97"/>
      </object_component>
      <object_component id="oc-b3">
         <name>.text:_copy_in</name>
         <load_address>0x38c0</load_address>
         <run_address>0x38c0</run_address>
         <size>0xa0</size>
         <input_file_ref idref="fl-91"/>
      </object_component>
      <object_component id="oc-b5">
         <name>.text:___TI_cpp_init</name>
         <load_address>0x3960</load_address>
         <run_address>0x3960</run_address>
         <size>0x80</size>
         <input_file_ref idref="fl-90"/>
      </object_component>
      <object_component id="oc-be">
         <name>.text:__fixdi</name>
         <load_address>0x39e0</load_address>
         <run_address>0x39e0</run_address>
         <size>0x80</size>
         <input_file_ref idref="fl-84"/>
      </object_component>
      <object_component id="oc-d1">
         <name>.text:__mpyll</name>
         <load_address>0x3a60</load_address>
         <run_address>0x3a60</run_address>
         <size>0x80</size>
         <input_file_ref idref="fl-88"/>
      </object_component>
      <object_component id="oc-92">
         <name>.text</name>
         <load_address>0x3ae0</load_address>
         <run_address>0x3ae0</run_address>
         <size>0x80</size>
         <input_file_ref idref="fl-9f"/>
      </object_component>
      <object_component id="oc-b9">
         <name>.text:__cvtfd</name>
         <load_address>0x3b60</load_address>
         <run_address>0x3b60</run_address>
         <size>0x60</size>
         <input_file_ref idref="fl-81"/>
      </object_component>
      <object_component id="oc-bb">
         <name>.text:__fltid</name>
         <load_address>0x3bc0</load_address>
         <run_address>0x3bc0</run_address>
         <size>0x60</size>
         <input_file_ref idref="fl-85"/>
      </object_component>
      <object_component id="oc-e">
         <name>.text:_c_int00</name>
         <load_address>0x3c20</load_address>
         <run_address>0x3c20</run_address>
         <size>0x60</size>
         <input_file_ref idref="fl-80"/>
      </object_component>
      <object_component id="oc-cd">
         <name>.text:_IRQ_reset</name>
         <load_address>0x3c80</load_address>
         <run_address>0x3c80</run_address>
         <size>0x40</size>
         <input_file_ref idref="fl-99"/>
      </object_component>
      <object_component id="oc-a7">
         <name>.text:__args_main</name>
         <load_address>0x3cc0</load_address>
         <run_address>0x3cc0</run_address>
         <size>0x40</size>
         <input_file_ref idref="fl-8d"/>
      </object_component>
      <object_component id="oc-c9">
         <name>.text:__negd</name>
         <load_address>0x3d00</load_address>
         <run_address>0x3d00</run_address>
         <size>0x40</size>
         <input_file_ref idref="fl-96"/>
      </object_component>
      <object_component id="oc-c8">
         <name>.text:__subd</name>
         <load_address>0x3d40</load_address>
         <run_address>0x3d40</run_address>
         <size>0x40</size>
         <input_file_ref idref="fl-8a"/>
      </object_component>
      <object_component id="oc-d0">
         <name>.text:_IRQ_enable</name>
         <load_address>0x3d80</load_address>
         <run_address>0x3d80</run_address>
         <size>0x20</size>
         <input_file_ref idref="fl-99"/>
      </object_component>
      <object_component id="oc-ca">
         <name>.text:_IRQ_globalDisable</name>
         <load_address>0x3da0</load_address>
         <run_address>0x3da0</run_address>
         <size>0x20</size>
         <input_file_ref idref="fl-99"/>
      </object_component>
      <object_component id="oc-ce">
         <name>.text:_IRQ_globalEnable</name>
         <load_address>0x3dc0</load_address>
         <run_address>0x3dc0</run_address>
         <size>0x20</size>
         <input_file_ref idref="fl-99"/>
      </object_component>
      <object_component id="oc-cf">
         <name>.text:_IRQ_nmiEnable</name>
         <load_address>0x3de0</load_address>
         <run_address>0x3de0</run_address>
         <size>0x20</size>
         <input_file_ref idref="fl-99"/>
      </object_component>
      <object_component id="oc-cb">
         <name>.text:_MCBSP_getXmtEventId</name>
         <load_address>0x3e00</load_address>
         <run_address>0x3e00</run_address>
         <size>0x20</size>
         <input_file_ref idref="fl-9a"/>
      </object_component>
      <object_component id="oc-b0">
         <name>.text:_MCBSP_read</name>
         <load_address>0x3e20</load_address>
         <run_address>0x3e20</run_address>
         <size>0x20</size>
         <input_file_ref idref="fl-9a"/>
      </object_component>
      <object_component id="oc-af">
         <name>.text:_MCBSP_rrdy</name>
         <load_address>0x3e40</load_address>
         <run_address>0x3e40</run_address>
         <size>0x20</size>
         <input_file_ref idref="fl-9a"/>
      </object_component>
      <object_component id="oc-b2">
         <name>.text:_MCBSP_write</name>
         <load_address>0x3e60</load_address>
         <run_address>0x3e60</run_address>
         <size>0x20</size>
         <input_file_ref idref="fl-9a"/>
      </object_component>
      <object_component id="oc-b1">
         <name>.text:_MCBSP_xrdy</name>
         <load_address>0x3e80</load_address>
         <run_address>0x3e80</run_address>
         <size>0x20</size>
         <input_file_ref idref="fl-9a"/>
      </object_component>
      <object_component id="oc-c6">
         <name>.text:__trunc</name>
         <load_address>0x3ea0</load_address>
         <run_address>0x3ea0</run_address>
         <size>0x20</size>
         <input_file_ref idref="fl-8b"/>
      </object_component>
      <object_component id="oc-b7">
         <name>.text:_abort</name>
         <load_address>0x3ec0</load_address>
         <run_address>0x3ec0</run_address>
         <size>0x20</size>
         <input_file_ref idref="fl-83"/>
      </object_component>
      <object_component id="oc-6b">
         <name>.text</name>
         <load_address>0x3ee0</load_address>
         <run_address>0x3ee0</run_address>
         <size>0x20</size>
         <input_file_ref idref="fl-99"/>
      </object_component>
      <object_component id="oc-6c">
         <name>.cinit</name>
         <load_address>0x48d0</load_address>
         <run_address>0x48d0</run_address>
         <size>0x12c</size>
         <input_file_ref idref="fl-99"/>
      </object_component>
      <object_component id="oc-71">
         <name>.cinit</name>
         <load_address>0x4a00</load_address>
         <run_address>0x4a00</run_address>
         <size>0x7c</size>
         <input_file_ref idref="fl-9a"/>
      </object_component>
      <object_component id="oc-16">
         <name>.cinit</name>
         <load_address>0x4a80</load_address>
         <run_address>0x4a80</run_address>
         <size>0x5c</size>
         <input_file_ref idref="fl-3"/>
      </object_component>
      <object_component id="oc-3a">
         <name>.cinit</name>
         <load_address>0x4ae0</load_address>
         <run_address>0x4ae0</run_address>
         <size>0x48</size>
         <input_file_ref idref="fl-89"/>
      </object_component>
      <object_component id="oc-10">
         <name>.cinit</name>
         <load_address>0x4b28</load_address>
         <run_address>0x4b28</run_address>
         <size>0x3c</size>
         <input_file_ref idref="fl-2"/>
      </object_component>
      <object_component id="oc-26">
         <name>.cinit</name>
         <load_address>0x4b68</load_address>
         <run_address>0x4b68</run_address>
         <size>0x2c</size>
         <input_file_ref idref="fl-83"/>
      </object_component>
      <object_component id="oc-8c">
         <name>.cinit</name>
         <load_address>0x4b98</load_address>
         <run_address>0x4b98</run_address>
         <size>0x28</size>
         <input_file_ref idref="fl-9e"/>
      </object_component>
      <object_component id="oc-85">
         <name>.cinit</name>
         <load_address>0x4bc0</load_address>
         <run_address>0x4bc0</run_address>
         <size>0x1c</size>
         <input_file_ref idref="fl-9d"/>
      </object_component>
      <object_component id="oc-1c">
         <name>.stack</name>
         <uninitialized>true</uninitialized>
         <run_address>0x44d0</run_address>
         <size>0x8</size>
         <input_file_ref idref="fl-80"/>
      </object_component>
      <object_component id="oc-ea">
         <name>.stack</name>
         <uninitialized>true</uninitialized>
         <run_address>0x44d0</run_address>
         <size>0x0</size>
      </object_component>
      <object_component id="oc-78">
         <name>.const</name>
         <load_address>0x4be8</load_address>
         <run_address>0x4be8</run_address>
         <size>0xc0</size>
         <input_file_ref idref="fl-9b"/>
      </object_component>
      <object_component id="oc-7f">
         <name>.const</name>
         <load_address>0x4ca8</load_address>
         <run_address>0x4ca8</run_address>
         <size>0x70</size>
         <input_file_ref idref="fl-9c"/>
      </object_component>
      <object_component id="oc-c1">
         <name>.const:.string:_initial_approx$1</name>
         <load_address>0x4d18</load_address>
         <run_address>0x4d18</run_address>
         <size>0x8</size>
         <input_file_ref idref="fl-82"/>
      </object_component>
      <object_component id="oc-11">
         <name>.far</name>
         <uninitialized>true</uninitialized>
         <run_address>0x3f00</run_address>
         <size>0x390</size>
         <input_file_ref idref="fl-2"/>
      </object_component>
      <object_component id="oc-17">
         <name>.far</name>
         <uninitialized>true</uninitialized>
         <run_address>0x4390</run_address>
         <size>0x5a</size>
         <input_file_ref idref="fl-3"/>
      </object_component>
      <object_component id="oc-27">
         <name>.far</name>
         <uninitialized>true</uninitialized>
         <run_address>0x44bc</run_address>
         <size>0xc</size>
         <input_file_ref idref="fl-83"/>
      </object_component>
      <object_component id="oc-3b">
         <name>.far</name>
         <uninitialized>true</uninitialized>
         <run_address>0x4448</run_address>
         <size>0x40</size>
         <input_file_ref idref="fl-89"/>
      </object_component>
      <object_component id="oc-6d">
         <name>.far</name>
         <uninitialized>true</uninitialized>
         <run_address>0x4290</run_address>
         <size>0x100</size>
         <input_file_ref idref="fl-99"/>
      </object_component>
      <object_component id="oc-72">
         <name>.far</name>
         <uninitialized>true</uninitialized>
         <run_address>0x43f0</run_address>
         <size>0x54</size>
         <input_file_ref idref="fl-9a"/>
      </object_component>
      <object_component id="oc-77">
         <name>.far</name>
         <uninitialized>true</uninitialized>
         <run_address>0x43ea</run_address>
         <size>0x4</size>
         <input_file_ref idref="fl-9b"/>
      </object_component>
      <object_component id="oc-7e">
         <name>.far</name>
         <uninitialized>true</uninitialized>
         <run_address>0x44c8</run_address>
         <size>0x8</size>
         <input_file_ref idref="fl-9c"/>
      </object_component>
      <object_component id="oc-86">
         <name>.far</name>
         <uninitialized>true</uninitialized>
         <run_address>0x44a8</run_address>
         <size>0x14</size>
         <input_file_ref idref="fl-9d"/>
      </object_component>
      <object_component id="oc-8d">
         <name>.far</name>
         <uninitialized>true</uninitialized>
         <run_address>0x4488</run_address>
         <size>0x20</size>
         <input_file_ref idref="fl-9e"/>
      </object_component>
      <object_component id="oc-98">
         <name>.far</name>
         <uninitialized>true</uninitialized>
         <run_address>0x43ee</run_address>
         <size>0x2</size>
         <input_file_ref idref="fl-a0"/>
      </object_component>
      <object_component id="oc-f">
         <name>.debug_info</name>
         <load_address>0x0</load_address>
         <run_address>0x0</run_address>
         <size>0xb0c</size>
         <input_file_ref idref="fl-2"/>
      </object_component>
      <object_component id="oc-15">
         <name>.debug_info</name>
         <load_address>0xb0c</load_address>
         <run_address>0xb0c</run_address>
         <size>0x1561</size>
         <input_file_ref idref="fl-3"/>
      </object_component>
      <object_component id="oc-1b">
         <name>.debug_info</name>
         <load_address>0x206d</load_address>
         <run_address>0x206d</run_address>
         <size>0x73c</size>
         <input_file_ref idref="fl-80"/>
      </object_component>
      <object_component id="oc-1f">
         <name>.debug_info</name>
         <load_address>0x27a9</load_address>
         <run_address>0x27a9</run_address>
         <size>0x6cf</size>
         <input_file_ref idref="fl-81"/>
      </object_component>
      <object_component id="oc-22">
         <name>.debug_info</name>
         <load_address>0x2e78</load_address>
         <run_address>0x2e78</run_address>
         <size>0xa3b</size>
         <input_file_ref idref="fl-82"/>
      </object_component>
      <object_component id="oc-25">
         <name>.debug_info</name>
         <load_address>0x38b3</load_address>
         <run_address>0x38b3</run_address>
         <size>0x86a</size>
         <input_file_ref idref="fl-83"/>
      </object_component>
      <object_component id="oc-2a">
         <name>.debug_info</name>
         <load_address>0x411d</load_address>
         <run_address>0x411d</run_address>
         <size>0x6bf</size>
         <input_file_ref idref="fl-84"/>
      </object_component>
      <object_component id="oc-2d">
         <name>.debug_info</name>
         <load_address>0x47dc</load_address>
         <run_address>0x47dc</run_address>
         <size>0x6d8</size>
         <input_file_ref idref="fl-85"/>
      </object_component>
      <object_component id="oc-30">
         <name>.debug_info</name>
         <load_address>0x4eb4</load_address>
         <run_address>0x4eb4</run_address>
         <size>0x6d5</size>
         <input_file_ref idref="fl-86"/>
      </object_component>
      <object_component id="oc-33">
         <name>.debug_info</name>
         <load_address>0x5589</load_address>
         <run_address>0x5589</run_address>
         <size>0x716</size>
         <input_file_ref idref="fl-87"/>
      </object_component>
      <object_component id="oc-36">
         <name>.debug_info</name>
         <load_address>0x5c9f</load_address>
         <run_address>0x5c9f</run_address>
         <size>0x6e8</size>
         <input_file_ref idref="fl-88"/>
      </object_component>
      <object_component id="oc-39">
         <name>.debug_info</name>
         <load_address>0x6387</load_address>
         <run_address>0x6387</run_address>
         <size>0x932</size>
         <input_file_ref idref="fl-89"/>
      </object_component>
      <object_component id="oc-3e">
         <name>.debug_info</name>
         <load_address>0x6cb9</load_address>
         <run_address>0x6cb9</run_address>
         <size>0x675</size>
         <input_file_ref idref="fl-8a"/>
      </object_component>
      <object_component id="oc-41">
         <name>.debug_info</name>
         <load_address>0x732e</load_address>
         <run_address>0x732e</run_address>
         <size>0x682</size>
         <input_file_ref idref="fl-8b"/>
      </object_component>
      <object_component id="oc-44">
         <name>.debug_info</name>
         <load_address>0x79b0</load_address>
         <run_address>0x79b0</run_address>
         <size>0x71b</size>
         <input_file_ref idref="fl-8c"/>
      </object_component>
      <object_component id="oc-47">
         <name>.debug_info</name>
         <load_address>0x80cb</load_address>
         <run_address>0x80cb</run_address>
         <size>0x712</size>
         <input_file_ref idref="fl-8d"/>
      </object_component>
      <object_component id="oc-4a">
         <name>.debug_info</name>
         <load_address>0x87dd</load_address>
         <run_address>0x87dd</run_address>
         <size>0x8e9</size>
         <input_file_ref idref="fl-8e"/>
      </object_component>
      <object_component id="oc-4d">
         <name>.debug_info</name>
         <load_address>0x90c6</load_address>
         <run_address>0x90c6</run_address>
         <size>0x6d6</size>
         <input_file_ref idref="fl-8f"/>
      </object_component>
      <object_component id="oc-50">
         <name>.debug_info</name>
         <load_address>0x979c</load_address>
         <run_address>0x979c</run_address>
         <size>0x761</size>
         <input_file_ref idref="fl-90"/>
      </object_component>
      <object_component id="oc-53">
         <name>.debug_info</name>
         <load_address>0x9efd</load_address>
         <run_address>0x9efd</run_address>
         <size>0x857</size>
         <input_file_ref idref="fl-91"/>
      </object_component>
      <object_component id="oc-56">
         <name>.debug_info</name>
         <load_address>0xa754</load_address>
         <run_address>0xa754</run_address>
         <size>0x727</size>
         <input_file_ref idref="fl-92"/>
      </object_component>
      <object_component id="oc-59">
         <name>.debug_info</name>
         <load_address>0xae7b</load_address>
         <run_address>0xae7b</run_address>
         <size>0x763</size>
         <input_file_ref idref="fl-93"/>
      </object_component>
      <object_component id="oc-5c">
         <name>.debug_info</name>
         <load_address>0xb5de</load_address>
         <run_address>0xb5de</run_address>
         <size>0x110</size>
         <input_file_ref idref="fl-94"/>
      </object_component>
      <object_component id="oc-5f">
         <name>.debug_info</name>
         <load_address>0xb6ee</load_address>
         <run_address>0xb6ee</run_address>
         <size>0x6b8</size>
         <input_file_ref idref="fl-95"/>
      </object_component>
      <object_component id="oc-62">
         <name>.debug_info</name>
         <load_address>0xbda6</load_address>
         <run_address>0xbda6</run_address>
         <size>0x64e</size>
         <input_file_ref idref="fl-96"/>
      </object_component>
      <object_component id="oc-65">
         <name>.debug_info</name>
         <load_address>0xc3f4</load_address>
         <run_address>0xc3f4</run_address>
         <size>0x7a0</size>
         <input_file_ref idref="fl-97"/>
      </object_component>
      <object_component id="oc-68">
         <name>.debug_info</name>
         <load_address>0xcb94</load_address>
         <run_address>0xcb94</run_address>
         <size>0x6d7</size>
         <input_file_ref idref="fl-98"/>
      </object_component>
      <object_component id="oc-6f">
         <name>.debug_info</name>
         <load_address>0xd26b</load_address>
         <run_address>0xd26b</run_address>
         <size>0xcc6</size>
         <input_file_ref idref="fl-99"/>
      </object_component>
      <object_component id="oc-74">
         <name>.debug_info</name>
         <load_address>0xdf31</load_address>
         <run_address>0xdf31</run_address>
         <size>0xfac</size>
         <input_file_ref idref="fl-9a"/>
      </object_component>
      <object_component id="oc-7a">
         <name>.debug_info</name>
         <load_address>0xeedd</load_address>
         <run_address>0xeedd</run_address>
         <size>0xd57</size>
         <input_file_ref idref="fl-9b"/>
      </object_component>
      <object_component id="oc-81">
         <name>.debug_info</name>
         <load_address>0xfc34</load_address>
         <run_address>0xfc34</run_address>
         <size>0xbbd</size>
         <input_file_ref idref="fl-9c"/>
      </object_component>
      <object_component id="oc-88">
         <name>.debug_info</name>
         <load_address>0x107f1</load_address>
         <run_address>0x107f1</run_address>
         <size>0xba3</size>
         <input_file_ref idref="fl-9d"/>
      </object_component>
      <object_component id="oc-8f">
         <name>.debug_info</name>
         <load_address>0x11394</load_address>
         <run_address>0x11394</run_address>
         <size>0x78a</size>
         <input_file_ref idref="fl-9e"/>
      </object_component>
      <object_component id="oc-94">
         <name>.debug_info</name>
         <load_address>0x11b1e</load_address>
         <run_address>0x11b1e</run_address>
         <size>0x641</size>
         <input_file_ref idref="fl-9f"/>
      </object_component>
      <object_component id="oc-9a">
         <name>.debug_info</name>
         <load_address>0x1215f</load_address>
         <run_address>0x1215f</run_address>
         <size>0x7c2</size>
         <input_file_ref idref="fl-a0"/>
      </object_component>
      <object_component id="oc-9d">
         <name>.debug_info</name>
         <load_address>0x12921</load_address>
         <run_address>0x12921</run_address>
         <size>0x107</size>
         <input_file_ref idref="fl-a1"/>
      </object_component>
      <object_component id="oc-a1">
         <name>.debug_info</name>
         <load_address>0x12a28</load_address>
         <run_address>0x12a28</run_address>
         <size>0x730</size>
         <input_file_ref idref="fl-a2"/>
      </object_component>
      <object_component id="oc-a4">
         <name>.debug_info</name>
         <load_address>0x13158</load_address>
         <run_address>0x13158</run_address>
         <size>0x730</size>
         <input_file_ref idref="fl-a3"/>
      </object_component>
      <object_component id="oc-eb">
         <name>.debug_info</name>
         <load_address>0x13888</load_address>
         <run_address>0x13888</run_address>
         <size>0x6e</size>
      </object_component>
      <object_component id="oc-12">
         <name>.debug_frame</name>
         <load_address>0x0</load_address>
         <run_address>0x0</run_address>
         <size>0x280</size>
         <input_file_ref idref="fl-2"/>
      </object_component>
      <object_component id="oc-18">
         <name>.debug_frame</name>
         <load_address>0x280</load_address>
         <run_address>0x280</run_address>
         <size>0x34d</size>
         <input_file_ref idref="fl-3"/>
      </object_component>
      <object_component id="oc-7c">
         <name>.debug_frame</name>
         <load_address>0x5cd</load_address>
         <run_address>0x5cd</run_address>
         <size>0x1d4</size>
         <input_file_ref idref="fl-9b"/>
      </object_component>
      <object_component id="oc-83">
         <name>.debug_frame</name>
         <load_address>0x7a1</load_address>
         <run_address>0x7a1</run_address>
         <size>0x134</size>
         <input_file_ref idref="fl-9c"/>
      </object_component>
      <object_component id="oc-8a">
         <name>.debug_frame</name>
         <load_address>0x8d5</load_address>
         <run_address>0x8d5</run_address>
         <size>0x174</size>
         <input_file_ref idref="fl-9d"/>
      </object_component>
      <object_component id="oc-91">
         <name>.debug_frame</name>
         <load_address>0xa49</load_address>
         <run_address>0xa49</run_address>
         <size>0x130</size>
         <input_file_ref idref="fl-9e"/>
      </object_component>
      <object_component id="oc-96">
         <name>.debug_frame</name>
         <load_address>0xb79</load_address>
         <run_address>0xb79</run_address>
         <size>0x14c</size>
         <input_file_ref idref="fl-9f"/>
      </object_component>
      <object_component id="oc-9c">
         <name>.debug_frame</name>
         <load_address>0xcc5</load_address>
         <run_address>0xcc5</run_address>
         <size>0x190</size>
         <input_file_ref idref="fl-a0"/>
      </object_component>
      <object_component id="oc-13">
         <name>.debug_line</name>
         <load_address>0x0</load_address>
         <run_address>0x0</run_address>
         <size>0x86</size>
         <input_file_ref idref="fl-2"/>
      </object_component>
      <object_component id="oc-19">
         <name>.debug_line</name>
         <load_address>0x86</load_address>
         <run_address>0x86</run_address>
         <size>0x158</size>
         <input_file_ref idref="fl-3"/>
      </object_component>
      <object_component id="oc-1d">
         <name>.debug_line</name>
         <load_address>0x1de</load_address>
         <run_address>0x1de</run_address>
         <size>0x3d</size>
         <input_file_ref idref="fl-80"/>
      </object_component>
      <object_component id="oc-20">
         <name>.debug_line</name>
         <load_address>0x21b</load_address>
         <run_address>0x21b</run_address>
         <size>0x3d</size>
         <input_file_ref idref="fl-81"/>
      </object_component>
      <object_component id="oc-23">
         <name>.debug_line</name>
         <load_address>0x258</load_address>
         <run_address>0x258</run_address>
         <size>0x5a</size>
         <input_file_ref idref="fl-82"/>
      </object_component>
      <object_component id="oc-28">
         <name>.debug_line</name>
         <load_address>0x2b2</load_address>
         <run_address>0x2b2</run_address>
         <size>0x4f</size>
         <input_file_ref idref="fl-83"/>
      </object_component>
      <object_component id="oc-2b">
         <name>.debug_line</name>
         <load_address>0x301</load_address>
         <run_address>0x301</run_address>
         <size>0x3d</size>
         <input_file_ref idref="fl-84"/>
      </object_component>
      <object_component id="oc-2e">
         <name>.debug_line</name>
         <load_address>0x33e</load_address>
         <run_address>0x33e</run_address>
         <size>0x3d</size>
         <input_file_ref idref="fl-85"/>
      </object_component>
      <object_component id="oc-31">
         <name>.debug_line</name>
         <load_address>0x37b</load_address>
         <run_address>0x37b</run_address>
         <size>0x3e</size>
         <input_file_ref idref="fl-86"/>
      </object_component>
      <object_component id="oc-34">
         <name>.debug_line</name>
         <load_address>0x3b9</load_address>
         <run_address>0x3b9</run_address>
         <size>0x3c</size>
         <input_file_ref idref="fl-87"/>
      </object_component>
      <object_component id="oc-37">
         <name>.debug_line</name>
         <load_address>0x3f5</load_address>
         <run_address>0x3f5</run_address>
         <size>0x3d</size>
         <input_file_ref idref="fl-88"/>
      </object_component>
      <object_component id="oc-3c">
         <name>.debug_line</name>
         <load_address>0x432</load_address>
         <run_address>0x432</run_address>
         <size>0x54</size>
         <input_file_ref idref="fl-89"/>
      </object_component>
      <object_component id="oc-3f">
         <name>.debug_line</name>
         <load_address>0x486</load_address>
         <run_address>0x486</run_address>
         <size>0x37</size>
         <input_file_ref idref="fl-8a"/>
      </object_component>
      <object_component id="oc-42">
         <name>.debug_line</name>
         <load_address>0x4bd</load_address>
         <run_address>0x4bd</run_address>
         <size>0x38</size>
         <input_file_ref idref="fl-8b"/>
      </object_component>
      <object_component id="oc-45">
         <name>.debug_line</name>
         <load_address>0x4f5</load_address>
         <run_address>0x4f5</run_address>
         <size>0x3c</size>
         <input_file_ref idref="fl-8c"/>
      </object_component>
      <object_component id="oc-48">
         <name>.debug_line</name>
         <load_address>0x531</load_address>
         <run_address>0x531</run_address>
         <size>0x41</size>
         <input_file_ref idref="fl-8d"/>
      </object_component>
      <object_component id="oc-4b">
         <name>.debug_line</name>
         <load_address>0x572</load_address>
         <run_address>0x572</run_address>
         <size>0x47</size>
         <input_file_ref idref="fl-8e"/>
      </object_component>
      <object_component id="oc-4e">
         <name>.debug_line</name>
         <load_address>0x5b9</load_address>
         <run_address>0x5b9</run_address>
         <size>0x37</size>
         <input_file_ref idref="fl-8f"/>
      </object_component>
      <object_component id="oc-51">
         <name>.debug_line</name>
         <load_address>0x5f0</load_address>
         <run_address>0x5f0</run_address>
         <size>0x45</size>
         <input_file_ref idref="fl-90"/>
      </object_component>
      <object_component id="oc-54">
         <name>.debug_line</name>
         <load_address>0x635</load_address>
         <run_address>0x635</run_address>
         <size>0x44</size>
         <input_file_ref idref="fl-91"/>
      </object_component>
      <object_component id="oc-57">
         <name>.debug_line</name>
         <load_address>0x679</load_address>
         <run_address>0x679</run_address>
         <size>0x3f</size>
         <input_file_ref idref="fl-92"/>
      </object_component>
      <object_component id="oc-5a">
         <name>.debug_line</name>
         <load_address>0x6b8</load_address>
         <run_address>0x6b8</run_address>
         <size>0x3a</size>
         <input_file_ref idref="fl-93"/>
      </object_component>
      <object_component id="oc-5d">
         <name>.debug_line</name>
         <load_address>0x6f2</load_address>
         <run_address>0x6f2</run_address>
         <size>0x4f</size>
         <input_file_ref idref="fl-94"/>
      </object_component>
      <object_component id="oc-60">
         <name>.debug_line</name>
         <load_address>0x741</load_address>
         <run_address>0x741</run_address>
         <size>0x37</size>
         <input_file_ref idref="fl-95"/>
      </object_component>
      <object_component id="oc-63">
         <name>.debug_line</name>
         <load_address>0x778</load_address>
         <run_address>0x778</run_address>
         <size>0x37</size>
         <input_file_ref idref="fl-96"/>
      </object_component>
      <object_component id="oc-66">
         <name>.debug_line</name>
         <load_address>0x7af</load_address>
         <run_address>0x7af</run_address>
         <size>0x53</size>
         <input_file_ref idref="fl-97"/>
      </object_component>
      <object_component id="oc-69">
         <name>.debug_line</name>
         <load_address>0x802</load_address>
         <run_address>0x802</run_address>
         <size>0x3a</size>
         <input_file_ref idref="fl-98"/>
      </object_component>
      <object_component id="oc-70">
         <name>.debug_line</name>
         <load_address>0x83c</load_address>
         <run_address>0x83c</run_address>
         <size>0x109</size>
         <input_file_ref idref="fl-99"/>
      </object_component>
      <object_component id="oc-75">
         <name>.debug_line</name>
         <load_address>0x945</load_address>
         <run_address>0x945</run_address>
         <size>0x13f</size>
         <input_file_ref idref="fl-9a"/>
      </object_component>
      <object_component id="oc-7b">
         <name>.debug_line</name>
         <load_address>0xa84</load_address>
         <run_address>0xa84</run_address>
         <size>0x102</size>
         <input_file_ref idref="fl-9b"/>
      </object_component>
      <object_component id="oc-82">
         <name>.debug_line</name>
         <load_address>0xb86</load_address>
         <run_address>0xb86</run_address>
         <size>0x72</size>
         <input_file_ref idref="fl-9c"/>
      </object_component>
      <object_component id="oc-89">
         <name>.debug_line</name>
         <load_address>0xbf8</load_address>
         <run_address>0xbf8</run_address>
         <size>0xa7</size>
         <input_file_ref idref="fl-9d"/>
      </object_component>
      <object_component id="oc-90">
         <name>.debug_line</name>
         <load_address>0xc9f</load_address>
         <run_address>0xc9f</run_address>
         <size>0x69</size>
         <input_file_ref idref="fl-9e"/>
      </object_component>
      <object_component id="oc-95">
         <name>.debug_line</name>
         <load_address>0xd08</load_address>
         <run_address>0xd08</run_address>
         <size>0x5e</size>
         <input_file_ref idref="fl-9f"/>
      </object_component>
      <object_component id="oc-9b">
         <name>.debug_line</name>
         <load_address>0xd66</load_address>
         <run_address>0xd66</run_address>
         <size>0xa0</size>
         <input_file_ref idref="fl-a0"/>
      </object_component>
      <object_component id="oc-9e">
         <name>.debug_line</name>
         <load_address>0xe06</load_address>
         <run_address>0xe06</run_address>
         <size>0x48</size>
         <input_file_ref idref="fl-a1"/>
      </object_component>
      <object_component id="oc-a2">
         <name>.debug_line</name>
         <load_address>0xe4e</load_address>
         <run_address>0xe4e</run_address>
         <size>0x5a</size>
         <input_file_ref idref="fl-a2"/>
      </object_component>
      <object_component id="oc-a5">
         <name>.debug_line</name>
         <load_address>0xea8</load_address>
         <run_address>0xea8</run_address>
         <size>0x5a</size>
         <input_file_ref idref="fl-a3"/>
      </object_component>
      <object_component id="oc-14">
         <name>.debug_abbrev</name>
         <load_address>0x0</load_address>
         <run_address>0x0</run_address>
         <size>0x118</size>
         <input_file_ref idref="fl-2"/>
      </object_component>
      <object_component id="oc-1a">
         <name>.debug_abbrev</name>
         <load_address>0x118</load_address>
         <run_address>0x118</run_address>
         <size>0x18e</size>
         <input_file_ref idref="fl-3"/>
      </object_component>
      <object_component id="oc-1e">
         <name>.debug_abbrev</name>
         <load_address>0x2a6</load_address>
         <run_address>0x2a6</run_address>
         <size>0xfe</size>
         <input_file_ref idref="fl-80"/>
      </object_component>
      <object_component id="oc-21">
         <name>.debug_abbrev</name>
         <load_address>0x3a4</load_address>
         <run_address>0x3a4</run_address>
         <size>0xc3</size>
         <input_file_ref idref="fl-81"/>
      </object_component>
      <object_component id="oc-24">
         <name>.debug_abbrev</name>
         <load_address>0x467</load_address>
         <run_address>0x467</run_address>
         <size>0x112</size>
         <input_file_ref idref="fl-82"/>
      </object_component>
      <object_component id="oc-29">
         <name>.debug_abbrev</name>
         <load_address>0x579</load_address>
         <run_address>0x579</run_address>
         <size>0x119</size>
         <input_file_ref idref="fl-83"/>
      </object_component>
      <object_component id="oc-2c">
         <name>.debug_abbrev</name>
         <load_address>0x692</load_address>
         <run_address>0x692</run_address>
         <size>0xac</size>
         <input_file_ref idref="fl-84"/>
      </object_component>
      <object_component id="oc-2f">
         <name>.debug_abbrev</name>
         <load_address>0x73e</load_address>
         <run_address>0x73e</run_address>
         <size>0xc3</size>
         <input_file_ref idref="fl-85"/>
      </object_component>
      <object_component id="oc-32">
         <name>.debug_abbrev</name>
         <load_address>0x801</load_address>
         <run_address>0x801</run_address>
         <size>0x9a</size>
         <input_file_ref idref="fl-86"/>
      </object_component>
      <object_component id="oc-35">
         <name>.debug_abbrev</name>
         <load_address>0x89b</load_address>
         <run_address>0x89b</run_address>
         <size>0xda</size>
         <input_file_ref idref="fl-87"/>
      </object_component>
      <object_component id="oc-38">
         <name>.debug_abbrev</name>
         <load_address>0x975</load_address>
         <run_address>0x975</run_address>
         <size>0xa3</size>
         <input_file_ref idref="fl-88"/>
      </object_component>
      <object_component id="oc-3d">
         <name>.debug_abbrev</name>
         <load_address>0xa18</load_address>
         <run_address>0xa18</run_address>
         <size>0xcc</size>
         <input_file_ref idref="fl-89"/>
      </object_component>
      <object_component id="oc-40">
         <name>.debug_abbrev</name>
         <load_address>0xae4</load_address>
         <run_address>0xae4</run_address>
         <size>0x8f</size>
         <input_file_ref idref="fl-8a"/>
      </object_component>
      <object_component id="oc-43">
         <name>.debug_abbrev</name>
         <load_address>0xb73</load_address>
         <run_address>0xb73</run_address>
         <size>0xaf</size>
         <input_file_ref idref="fl-8b"/>
      </object_component>
      <object_component id="oc-46">
         <name>.debug_abbrev</name>
         <load_address>0xc22</load_address>
         <run_address>0xc22</run_address>
         <size>0xda</size>
         <input_file_ref idref="fl-8c"/>
      </object_component>
      <object_component id="oc-49">
         <name>.debug_abbrev</name>
         <load_address>0xcfc</load_address>
         <run_address>0xcfc</run_address>
         <size>0xe1</size>
         <input_file_ref idref="fl-8d"/>
      </object_component>
      <object_component id="oc-4c">
         <name>.debug_abbrev</name>
         <load_address>0xddd</load_address>
         <run_address>0xddd</run_address>
         <size>0x13f</size>
         <input_file_ref idref="fl-8e"/>
      </object_component>
      <object_component id="oc-4f">
         <name>.debug_abbrev</name>
         <load_address>0xf1c</load_address>
         <run_address>0xf1c</run_address>
         <size>0xac</size>
         <input_file_ref idref="fl-8f"/>
      </object_component>
      <object_component id="oc-52">
         <name>.debug_abbrev</name>
         <load_address>0xfc8</load_address>
         <run_address>0xfc8</run_address>
         <size>0xdd</size>
         <input_file_ref idref="fl-90"/>
      </object_component>
      <object_component id="oc-55">
         <name>.debug_abbrev</name>
         <load_address>0x10a5</load_address>
         <run_address>0x10a5</run_address>
         <size>0x10c</size>
         <input_file_ref idref="fl-91"/>
      </object_component>
      <object_component id="oc-58">
         <name>.debug_abbrev</name>
         <load_address>0x11b1</load_address>
         <run_address>0x11b1</run_address>
         <size>0xda</size>
         <input_file_ref idref="fl-92"/>
      </object_component>
      <object_component id="oc-5b">
         <name>.debug_abbrev</name>
         <load_address>0x128b</load_address>
         <run_address>0x128b</run_address>
         <size>0xcc</size>
         <input_file_ref idref="fl-93"/>
      </object_component>
      <object_component id="oc-5e">
         <name>.debug_abbrev</name>
         <load_address>0x1357</load_address>
         <run_address>0x1357</run_address>
         <size>0x3b</size>
         <input_file_ref idref="fl-94"/>
      </object_component>
      <object_component id="oc-61">
         <name>.debug_abbrev</name>
         <load_address>0x1392</load_address>
         <run_address>0x1392</run_address>
         <size>0xaf</size>
         <input_file_ref idref="fl-95"/>
      </object_component>
      <object_component id="oc-64">
         <name>.debug_abbrev</name>
         <load_address>0x1441</load_address>
         <run_address>0x1441</run_address>
         <size>0x81</size>
         <input_file_ref idref="fl-96"/>
      </object_component>
      <object_component id="oc-67">
         <name>.debug_abbrev</name>
         <load_address>0x14c2</load_address>
         <run_address>0x14c2</run_address>
         <size>0xe9</size>
         <input_file_ref idref="fl-97"/>
      </object_component>
      <object_component id="oc-6a">
         <name>.debug_abbrev</name>
         <load_address>0x15ab</load_address>
         <run_address>0x15ab</run_address>
         <size>0xaf</size>
         <input_file_ref idref="fl-98"/>
      </object_component>
      <object_component id="oc-6e">
         <name>.debug_abbrev</name>
         <load_address>0x165a</load_address>
         <run_address>0x165a</run_address>
         <size>0x1b7</size>
         <input_file_ref idref="fl-99"/>
      </object_component>
      <object_component id="oc-73">
         <name>.debug_abbrev</name>
         <load_address>0x1811</load_address>
         <run_address>0x1811</run_address>
         <size>0x1a3</size>
         <input_file_ref idref="fl-9a"/>
      </object_component>
      <object_component id="oc-79">
         <name>.debug_abbrev</name>
         <load_address>0x19b4</load_address>
         <run_address>0x19b4</run_address>
         <size>0x162</size>
         <input_file_ref idref="fl-9b"/>
      </object_component>
      <object_component id="oc-80">
         <name>.debug_abbrev</name>
         <load_address>0x1b16</load_address>
         <run_address>0x1b16</run_address>
         <size>0x11c</size>
         <input_file_ref idref="fl-9c"/>
      </object_component>
      <object_component id="oc-87">
         <name>.debug_abbrev</name>
         <load_address>0x1c32</load_address>
         <run_address>0x1c32</run_address>
         <size>0x154</size>
         <input_file_ref idref="fl-9d"/>
      </object_component>
      <object_component id="oc-8e">
         <name>.debug_abbrev</name>
         <load_address>0x1d86</load_address>
         <run_address>0x1d86</run_address>
         <size>0xf0</size>
         <input_file_ref idref="fl-9e"/>
      </object_component>
      <object_component id="oc-93">
         <name>.debug_abbrev</name>
         <load_address>0x1e76</load_address>
         <run_address>0x1e76</run_address>
         <size>0xd7</size>
         <input_file_ref idref="fl-9f"/>
      </object_component>
      <object_component id="oc-99">
         <name>.debug_abbrev</name>
         <load_address>0x1f4d</load_address>
         <run_address>0x1f4d</run_address>
         <size>0xc8</size>
         <input_file_ref idref="fl-a0"/>
      </object_component>
      <object_component id="oc-9f">
         <name>.debug_abbrev</name>
         <load_address>0x2015</load_address>
         <run_address>0x2015</run_address>
         <size>0x3b</size>
         <input_file_ref idref="fl-a1"/>
      </object_component>
      <object_component id="oc-a0">
         <name>.debug_abbrev</name>
         <load_address>0x2050</load_address>
         <run_address>0x2050</run_address>
         <size>0xe0</size>
         <input_file_ref idref="fl-a2"/>
      </object_component>
      <object_component id="oc-a3">
         <name>.debug_abbrev</name>
         <load_address>0x2130</load_address>
         <run_address>0x2130</run_address>
         <size>0xe0</size>
         <input_file_ref idref="fl-a3"/>
      </object_component>
      <object_component id="oc-ec">
         <name>.debug_abbrev</name>
         <load_address>0x2210</load_address>
         <run_address>0x2210</run_address>
         <size>0xd</size>
      </object_component>
   </object_component_list>
   <logical_group_list>
      <logical_group id="lg-2">
         <name>.EXT_RAM</name>
         <run_address>0x0</run_address>
         <size>0x0</size>
         <contents>
         </contents>
      </logical_group>
      <logical_group id="lg-3">
         <name>.vectors</name>
         <run_address>0x0</run_address>
         <size>0x0</size>
         <contents>
         </contents>
      </logical_group>
      <logical_group id="lg-4">
         <name>.text</name>
         <load_address>0x220</load_address>
         <run_address>0x220</run_address>
         <size>0x3ce0</size>
         <contents>
            <object_component_ref idref="oc-bf"/>
            <object_component_ref idref="oc-bc"/>
            <object_component_ref idref="oc-bd"/>
            <object_component_ref idref="oc-76"/>
            <object_component_ref idref="oc-ba"/>
            <object_component_ref idref="oc-b6"/>
            <object_component_ref idref="oc-d2"/>
            <object_component_ref idref="oc-c4"/>
            <object_component_ref idref="oc-7d"/>
            <object_component_ref idref="oc-84"/>
            <object_component_ref idref="oc-cc"/>
            <object_component_ref idref="oc-b8"/>
            <object_component_ref idref="oc-97"/>
            <object_component_ref idref="oc-c5"/>
            <object_component_ref idref="oc-c0"/>
            <object_component_ref idref="oc-c2"/>
            <object_component_ref idref="oc-8b"/>
            <object_component_ref idref="oc-ac"/>
            <object_component_ref idref="oc-ae"/>
            <object_component_ref idref="oc-a6"/>
            <object_component_ref idref="oc-c3"/>
            <object_component_ref idref="oc-b4"/>
            <object_component_ref idref="oc-c7"/>
            <object_component_ref idref="oc-ad"/>
            <object_component_ref idref="oc-a9"/>
            <object_component_ref idref="oc-a8"/>
            <object_component_ref idref="oc-d3"/>
            <object_component_ref idref="oc-ab"/>
            <object_component_ref idref="oc-aa"/>
            <object_component_ref idref="oc-d4"/>
            <object_component_ref idref="oc-b3"/>
            <object_component_ref idref="oc-b5"/>
            <object_component_ref idref="oc-be"/>
            <object_component_ref idref="oc-d1"/>
            <object_component_ref idref="oc-92"/>
            <object_component_ref idref="oc-b9"/>
            <object_component_ref idref="oc-bb"/>
            <object_component_ref idref="oc-e"/>
            <object_component_ref idref="oc-cd"/>
            <object_component_ref idref="oc-a7"/>
            <object_component_ref idref="oc-c9"/>
            <object_component_ref idref="oc-c8"/>
            <object_component_ref idref="oc-d0"/>
            <object_component_ref idref="oc-ca"/>
            <object_component_ref idref="oc-ce"/>
            <object_component_ref idref="oc-cf"/>
            <object_component_ref idref="oc-cb"/>
            <object_component_ref idref="oc-b0"/>
            <object_component_ref idref="oc-af"/>
            <object_component_ref idref="oc-b2"/>
            <object_component_ref idref="oc-b1"/>
            <object_component_ref idref="oc-c6"/>
            <object_component_ref idref="oc-b7"/>
            <object_component_ref idref="oc-6b"/>
         </contents>
      </logical_group>
      <logical_group id="lg-5">
         <name>.bss</name>
         <run_address>0x220</run_address>
         <size>0x0</size>
         <contents>
         </contents>
      </logical_group>
      <logical_group id="lg-6">
         <name>.cinit</name>
         <load_address>0x48d0</load_address>
         <run_address>0x48d0</run_address>
         <size>0x314</size>
         <contents>
            <object_component_ref idref="oc-6c"/>
            <object_component_ref idref="oc-71"/>
            <object_component_ref idref="oc-16"/>
            <object_component_ref idref="oc-3a"/>
            <object_component_ref idref="oc-10"/>
            <object_component_ref idref="oc-26"/>
            <object_component_ref idref="oc-8c"/>
            <object_component_ref idref="oc-85"/>
         </contents>
      </logical_group>
      <logical_group id="lg-7">
         <name>.stack</name>
         <run_address>0x44d0</run_address>
         <size>0x400</size>
         <contents>
            <object_component_ref idref="oc-1c"/>
            <object_component_ref idref="oc-ea"/>
         </contents>
      </logical_group>
      <logical_group id="lg-8">
         <name>.sysmem</name>
         <run_address>0x0</run_address>
         <size>0x0</size>
         <contents>
         </contents>
      </logical_group>
      <logical_group id="lg-9">
         <name>.const</name>
         <load_address>0x4be8</load_address>
         <run_address>0x4be8</run_address>
         <size>0x138</size>
         <contents>
            <object_component_ref idref="oc-78"/>
            <object_component_ref idref="oc-7f"/>
            <object_component_ref idref="oc-c1"/>
         </contents>
      </logical_group>
      <logical_group id="lg-a">
         <name>.switch</name>
         <run_address>0x0</run_address>
         <size>0x0</size>
         <contents>
         </contents>
      </logical_group>
      <logical_group id="lg-b">
         <name>.far</name>
         <run_address>0x3f00</run_address>
         <size>0x5d0</size>
         <contents>
            <object_component_ref idref="oc-11"/>
            <object_component_ref idref="oc-17"/>
            <object_component_ref idref="oc-27"/>
            <object_component_ref idref="oc-3b"/>
            <object_component_ref idref="oc-6d"/>
            <object_component_ref idref="oc-72"/>
            <object_component_ref idref="oc-77"/>
            <object_component_ref idref="oc-7e"/>
            <object_component_ref idref="oc-86"/>
            <object_component_ref idref="oc-8d"/>
            <object_component_ref idref="oc-98"/>
         </contents>
      </logical_group>
      <logical_group id="lg-c">
         <name>.cio</name>
         <run_address>0x0</run_address>
         <size>0x0</size>
         <contents>
         </contents>
      </logical_group>
      <logical_group id="lg-d">
         <name>.csldata</name>
         <run_address>0x0</run_address>
         <size>0x0</size>
         <contents>
         </contents>
      </logical_group>
      <logical_group id="lg-e1">
         <name>.debug_info</name>
         <load_address>0x0</load_address>
         <run_address>0x0</run_address>
         <size>0x138f6</size>
         <contents>
            <object_component_ref idref="oc-f"/>
            <object_component_ref idref="oc-15"/>
            <object_component_ref idref="oc-1b"/>
            <object_component_ref idref="oc-1f"/>
            <object_component_ref idref="oc-22"/>
            <object_component_ref idref="oc-25"/>
            <object_component_ref idref="oc-2a"/>
            <object_component_ref idref="oc-2d"/>
            <object_component_ref idref="oc-30"/>
            <object_component_ref idref="oc-33"/>
            <object_component_ref idref="oc-36"/>
            <object_component_ref idref="oc-39"/>
            <object_component_ref idref="oc-3e"/>
            <object_component_ref idref="oc-41"/>
            <object_component_ref idref="oc-44"/>
            <object_component_ref idref="oc-47"/>
            <object_component_ref idref="oc-4a"/>
            <object_component_ref idref="oc-4d"/>
            <object_component_ref idref="oc-50"/>
            <object_component_ref idref="oc-53"/>
            <object_component_ref idref="oc-56"/>
            <object_component_ref idref="oc-59"/>
            <object_component_ref idref="oc-5c"/>
            <object_component_ref idref="oc-5f"/>
            <object_component_ref idref="oc-62"/>
            <object_component_ref idref="oc-65"/>
            <object_component_ref idref="oc-68"/>
            <object_component_ref idref="oc-6f"/>
            <object_component_ref idref="oc-74"/>
            <object_component_ref idref="oc-7a"/>
            <object_component_ref idref="oc-81"/>
            <object_component_ref idref="oc-88"/>
            <object_component_ref idref="oc-8f"/>
            <object_component_ref idref="oc-94"/>
            <object_component_ref idref="oc-9a"/>
            <object_component_ref idref="oc-9d"/>
            <object_component_ref idref="oc-a1"/>
            <object_component_ref idref="oc-a4"/>
            <object_component_ref idref="oc-eb"/>
         </contents>
      </logical_group>
      <logical_group id="lg-e3">
         <name>.debug_frame</name>
         <load_address>0x0</load_address>
         <run_address>0x0</run_address>
         <size>0xe55</size>
         <contents>
            <object_component_ref idref="oc-12"/>
            <object_component_ref idref="oc-18"/>
            <object_component_ref idref="oc-7c"/>
            <object_component_ref idref="oc-83"/>
            <object_component_ref idref="oc-8a"/>
            <object_component_ref idref="oc-91"/>
            <object_component_ref idref="oc-96"/>
            <object_component_ref idref="oc-9c"/>
         </contents>
      </logical_group>
      <logical_group id="lg-e5">
         <name>.debug_line</name>
         <load_address>0x0</load_address>
         <run_address>0x0</run_address>
         <size>0xf02</size>
         <contents>
            <object_component_ref idref="oc-13"/>
            <object_component_ref idref="oc-19"/>
            <object_component_ref idref="oc-1d"/>
            <object_component_ref idref="oc-20"/>
            <object_component_ref idref="oc-23"/>
            <object_component_ref idref="oc-28"/>
            <object_component_ref idref="oc-2b"/>
            <object_component_ref idref="oc-2e"/>
            <object_component_ref idref="oc-31"/>
            <object_component_ref idref="oc-34"/>
            <object_component_ref idref="oc-37"/>
            <object_component_ref idref="oc-3c"/>
            <object_component_ref idref="oc-3f"/>
            <object_component_ref idref="oc-42"/>
            <object_component_ref idref="oc-45"/>
            <object_component_ref idref="oc-48"/>
            <object_component_ref idref="oc-4b"/>
            <object_component_ref idref="oc-4e"/>
            <object_component_ref idref="oc-51"/>
            <object_component_ref idref="oc-54"/>
            <object_component_ref idref="oc-57"/>
            <object_component_ref idref="oc-5a"/>
            <object_component_ref idref="oc-5d"/>
            <object_component_ref idref="oc-60"/>
            <object_component_ref idref="oc-63"/>
            <object_component_ref idref="oc-66"/>
            <object_component_ref idref="oc-69"/>
            <object_component_ref idref="oc-70"/>
            <object_component_ref idref="oc-75"/>
            <object_component_ref idref="oc-7b"/>
            <object_component_ref idref="oc-82"/>
            <object_component_ref idref="oc-89"/>
            <object_component_ref idref="oc-90"/>
            <object_component_ref idref="oc-95"/>
            <object_component_ref idref="oc-9b"/>
            <object_component_ref idref="oc-9e"/>
            <object_component_ref idref="oc-a2"/>
            <object_component_ref idref="oc-a5"/>
         </contents>
      </logical_group>
      <logical_group id="lg-e7">
         <name>.debug_abbrev</name>
         <load_address>0x0</load_address>
         <run_address>0x0</run_address>
         <size>0x221d</size>
         <contents>
            <object_component_ref idref="oc-14"/>
            <object_component_ref idref="oc-1a"/>
            <object_component_ref idref="oc-1e"/>
            <object_component_ref idref="oc-21"/>
            <object_component_ref idref="oc-24"/>
            <object_component_ref idref="oc-29"/>
            <object_component_ref idref="oc-2c"/>
            <object_component_ref idref="oc-2f"/>
            <object_component_ref idref="oc-32"/>
            <object_component_ref idref="oc-35"/>
            <object_component_ref idref="oc-38"/>
            <object_component_ref idref="oc-3d"/>
            <object_component_ref idref="oc-40"/>
            <object_component_ref idref="oc-43"/>
            <object_component_ref idref="oc-46"/>
            <object_component_ref idref="oc-49"/>
            <object_component_ref idref="oc-4c"/>
            <object_component_ref idref="oc-4f"/>
            <object_component_ref idref="oc-52"/>
            <object_component_ref idref="oc-55"/>
            <object_component_ref idref="oc-58"/>
            <object_component_ref idref="oc-5b"/>
            <object_component_ref idref="oc-5e"/>
            <object_component_ref idref="oc-61"/>
            <object_component_ref idref="oc-64"/>
            <object_component_ref idref="oc-67"/>
            <object_component_ref idref="oc-6a"/>
            <object_component_ref idref="oc-6e"/>
            <object_component_ref idref="oc-73"/>
            <object_component_ref idref="oc-79"/>
            <object_component_ref idref="oc-80"/>
            <object_component_ref idref="oc-87"/>
            <object_component_ref idref="oc-8e"/>
            <object_component_ref idref="oc-93"/>
            <object_component_ref idref="oc-99"/>
            <object_component_ref idref="oc-9f"/>
            <object_component_ref idref="oc-a0"/>
            <object_component_ref idref="oc-a3"/>
            <object_component_ref idref="oc-ec"/>
         </contents>
      </logical_group>
   </logical_group_list>
   <placement_map>
      <memory_area>
         <name>IVECS</name>
         <page_id>0x0</page_id>
         <origin>0x0</origin>
         <length>0x220</length>
         <used_space>0x0</used_space>
         <unused_space>0x220</unused_space>
         <attributes>RWIX</attributes>
         <usage_details>
         </usage_details>
      </memory_area>
      <memory_area>
         <name>IRAM</name>
         <page_id>0x0</page_id>
         <origin>0x220</origin>
         <length>0x2fde0</length>
         <used_space>0x4afc</used_space>
         <unused_space>0x2b2e4</unused_space>
         <attributes>RWIX</attributes>
         <usage_details>
            <allocated_space>
               <start_address>0x220</start_address>
               <size>0x0</size>
               <logical_group_ref idref="lg-5"/>
            </allocated_space>
            <allocated_space>
               <start_address>0x220</start_address>
               <size>0x3ce0</size>
               <logical_group_ref idref="lg-4"/>
            </allocated_space>
            <allocated_space>
               <start_address>0x3f00</start_address>
               <size>0x5d0</size>
               <logical_group_ref idref="lg-b"/>
            </allocated_space>
            <allocated_space>
               <start_address>0x44d0</start_address>
               <size>0x400</size>
               <logical_group_ref idref="lg-7"/>
            </allocated_space>
            <allocated_space>
               <start_address>0x48d0</start_address>
               <size>0x314</size>
               <logical_group_ref idref="lg-6"/>
            </allocated_space>
            <available_space>
               <start_address>0x4be4</start_address>
               <size>0x4</size>
            </available_space>
            <allocated_space>
               <start_address>0x4be8</start_address>
               <size>0x138</size>
               <logical_group_ref idref="lg-9"/>
            </allocated_space>
            <available_space>
               <start_address>0x4d20</start_address>
               <size>0x2b2e0</size>
            </available_space>
         </usage_details>
      </memory_area>
      <memory_area>
         <name>SDRAM</name>
         <page_id>0x0</page_id>
         <origin>0x80000000</origin>
         <length>0x100000</length>
         <used_space>0x0</used_space>
         <unused_space>0x100000</unused_space>
         <attributes>RWIX</attributes>
         <usage_details>
         </usage_details>
      </memory_area>
      <memory_area>
         <name>FLASH</name>
         <page_id>0x0</page_id>
         <origin>0x90000000</origin>
         <length>0x20000</length>
         <used_space>0x0</used_space>
         <unused_space>0x20000</unused_space>
         <attributes>RWIX</attributes>
         <usage_details>
         </usage_details>
      </memory_area>
   </placement_map>
   <symbol_table>
      <symbol id="sm-0">
         <name>cinit</name>
         <value>0x48d0</value>
      </symbol>
      <symbol id="sm-1">
         <name>___cinit__</name>
         <value>0x48d0</value>
      </symbol>
      <symbol id="sm-2">
         <name>pinit</name>
         <value>0xffffffff</value>
      </symbol>
      <symbol id="sm-3">
         <name>___pinit__</name>
         <value>0xffffffff</value>
      </symbol>
      <symbol id="sm-4">
         <name>binit</name>
         <value>0xffffffff</value>
      </symbol>
      <symbol id="sm-5">
         <name>___binit__</name>
         <value>0xffffffff</value>
      </symbol>
      <symbol id="sm-6">
         <name>__STACK_SIZE</name>
         <value>0x400</value>
      </symbol>
      <symbol id="sm-7">
         <name>__STACK_END</name>
         <value>0x48d0</value>
      </symbol>
      <symbol id="sm-8">
         <name>___c_args__</name>
         <value>0xffffffff</value>
      </symbol>
      <symbol id="sm-9">
         <name>.text</name>
         <value>0x220</value>
      </symbol>
      <symbol id="sm-a">
         <name>___text__</name>
         <value>0x220</value>
      </symbol>
      <symbol id="sm-b">
         <name>etext</name>
         <value>0x3f00</value>
      </symbol>
      <symbol id="sm-c">
         <name>___etext__</name>
         <value>0x3f00</value>
      </symbol>
      <symbol id="sm-d">
         <name>.bss</name>
         <value>0x220</value>
      </symbol>
      <symbol id="sm-e">
         <name>___bss__</name>
         <value>0x220</value>
      </symbol>
      <symbol id="sm-f">
         <name>end</name>
         <value>0x220</value>
      </symbol>
      <symbol id="sm-10">
         <name>___end__</name>
         <value>0x220</value>
      </symbol>
      <symbol id="sm-11">
         <name>___TI_pprof_out_hndl</name>
         <value>0xffffffff</value>
      </symbol>
      <symbol id="sm-12">
         <name>___TI_prof_data_start</name>
         <value>0xffffffff</value>
      </symbol>
      <symbol id="sm-13">
         <name>___TI_prof_data_size</name>
         <value>0xffffffff</value>
      </symbol>
      <symbol id="sm-14">
         <name>$bss</name>
         <value>0x220</value>
      </symbol>
      <symbol id="sm-62">
         <name>_main</name>
         <value>0x1a60</value>
         <object_component_ref idref="oc-b6"/>
      </symbol>
      <symbol id="sm-63">
         <name>_generate_sin_table</name>
         <value>0x1960</value>
         <object_component_ref idref="oc-b6"/>
      </symbol>
      <symbol id="sm-64">
         <name>_gain</name>
         <value>0x3f04</value>
         <object_component_ref idref="oc-11"/>
      </symbol>
      <symbol id="sm-65">
         <name>_tone1</name>
         <value>0x3f08</value>
         <object_component_ref idref="oc-11"/>
      </symbol>
      <symbol id="sm-66">
         <name>_tone2</name>
         <value>0x3f0c</value>
         <object_component_ref idref="oc-11"/>
      </symbol>
      <symbol id="sm-67">
         <name>_gBuffer1</name>
         <value>0x3f90</value>
         <object_component_ref idref="oc-11"/>
      </symbol>
      <symbol id="sm-68">
         <name>_gBuffer3</name>
         <value>0x4190</value>
         <object_component_ref idref="oc-11"/>
      </symbol>
      <symbol id="sm-69">
         <name>_gBuffer2</name>
         <value>0x4090</value>
         <object_component_ref idref="oc-11"/>
      </symbol>
      <symbol id="sm-6a">
         <name>_fs</name>
         <value>0x3f00</value>
         <object_component_ref idref="oc-11"/>
      </symbol>
      <symbol id="sm-6b">
         <name>_Sin_table1</name>
         <value>0x3f10</value>
         <object_component_ref idref="oc-11"/>
      </symbol>
      <symbol id="sm-6c">
         <name>_Sin_table2</name>
         <value>0x3f50</value>
         <object_component_ref idref="oc-11"/>
      </symbol>
      <symbol id="sm-b5">
         <name>_comm_poll</name>
         <value>0x2c4</value>
         <object_component_ref idref="oc-bf"/>
      </symbol>
      <symbol id="sm-b6">
         <name>_output_left_sample</name>
         <value>0x4c4</value>
         <object_component_ref idref="oc-bf"/>
      </symbol>
      <symbol id="sm-b7">
         <name>_comm_intr</name>
         <value>0x2ec</value>
         <object_component_ref idref="oc-bf"/>
      </symbol>
      <symbol id="sm-b8">
         <name>_input_left_sample</name>
         <value>0x708</value>
         <object_component_ref idref="oc-bf"/>
      </symbol>
      <symbol id="sm-b9">
         <name>_output_sample</name>
         <value>0x3d8</value>
         <object_component_ref idref="oc-bf"/>
      </symbol>
      <symbol id="sm-ba">
         <name>_c6416_dsk_init</name>
         <value>0x220</value>
         <object_component_ref idref="oc-bf"/>
      </symbol>
      <symbol id="sm-bb">
         <name>_config</name>
         <value>0x43d4</value>
         <object_component_ref idref="oc-17"/>
      </symbol>
      <symbol id="sm-bc">
         <name>_input_right_sample</name>
         <value>0x7a8</value>
         <object_component_ref idref="oc-bf"/>
      </symbol>
      <symbol id="sm-bd">
         <name>_AIC_data</name>
         <value>0x4390</value>
         <object_component_ref idref="oc-17"/>
      </symbol>
      <symbol id="sm-be">
         <name>_hAIC23_handle</name>
         <value>0x43e8</value>
         <object_component_ref idref="oc-17"/>
      </symbol>
      <symbol id="sm-bf">
         <name>_AIC23CfgData</name>
         <value>0x439c</value>
         <object_component_ref idref="oc-17"/>
      </symbol>
      <symbol id="sm-c0">
         <name>_input_sample</name>
         <value>0x630</value>
         <object_component_ref idref="oc-bf"/>
      </symbol>
      <symbol id="sm-c1">
         <name>_output_right_sample</name>
         <value>0x57c</value>
         <object_component_ref idref="oc-bf"/>
      </symbol>
      <symbol id="sm-cd">
         <name>_c_int00</name>
         <value>0x3c20</value>
         <object_component_ref idref="oc-e"/>
      </symbol>
      <symbol id="sm-ce">
         <name>__stack</name>
         <value>0x44d0</value>
         <object_component_ref idref="oc-1c"/>
      </symbol>
      <symbol id="sm-d8">
         <name>__cvtfd</name>
         <value>0x3b60</value>
         <object_component_ref idref="oc-b9"/>
      </symbol>
      <symbol id="sm-e4">
         <name>__divd</name>
         <value>0x860</value>
         <object_component_ref idref="oc-bc"/>
      </symbol>
      <symbol id="sm-f4">
         <name>C$$EXIT</name>
         <value>0x3ec0</value>
         <object_component_ref idref="oc-b7"/>
      </symbol>
      <symbol id="sm-f5">
         <name>_exit</name>
         <value>0x3560</value>
         <object_component_ref idref="oc-a8"/>
      </symbol>
      <symbol id="sm-f6">
         <name>___TI_enable_exit_profile_output</name>
         <value>0x44c4</value>
         <object_component_ref idref="oc-27"/>
      </symbol>
      <symbol id="sm-f7">
         <name>_abort</name>
         <value>0x3ec0</value>
         <object_component_ref idref="oc-b7"/>
      </symbol>
      <symbol id="sm-f8">
         <name>__cleanup_ptr</name>
         <value>0x44bc</value>
         <object_component_ref idref="oc-27"/>
      </symbol>
      <symbol id="sm-f9">
         <name>__dtors_ptr</name>
         <value>0x44c0</value>
         <object_component_ref idref="oc-27"/>
      </symbol>
      <symbol id="sm-103">
         <name>__fixdi</name>
         <value>0x39e0</value>
         <object_component_ref idref="oc-be"/>
      </symbol>
      <symbol id="sm-10d">
         <name>__fltid</name>
         <value>0x3bc0</value>
         <object_component_ref idref="oc-bb"/>
      </symbol>
      <symbol id="sm-117">
         <name>__frcmpyd_div</name>
         <value>0x2ca0</value>
         <object_component_ref idref="oc-c2"/>
      </symbol>
      <symbol id="sm-121">
         <name>__mpyd</name>
         <value>0x16c0</value>
         <object_component_ref idref="oc-ba"/>
      </symbol>
      <symbol id="sm-12b">
         <name>__mpyll</name>
         <value>0x3a60</value>
         <object_component_ref idref="oc-d1"/>
      </symbol>
      <symbol id="sm-139">
         <name>_sin</name>
         <value>0xe40</value>
         <object_component_ref idref="oc-bd"/>
      </symbol>
      <symbol id="sm-143">
         <name>__subd</name>
         <value>0x3d40</value>
         <object_component_ref idref="oc-c8"/>
      </symbol>
      <symbol id="sm-14d">
         <name>__trunc</name>
         <value>0x3ea0</value>
         <object_component_ref idref="oc-c6"/>
      </symbol>
      <symbol id="sm-157">
         <name>__addd</name>
         <value>0x1e40</value>
         <object_component_ref idref="oc-c4"/>
      </symbol>
      <symbol id="sm-161">
         <name>__args_main</name>
         <value>0x3cc0</value>
         <object_component_ref idref="oc-a7"/>
      </symbol>
      <symbol id="sm-162">
         <name>__TI_args_main</name>
         <value>0x1</value>
      </symbol>
      <symbol id="sm-16c">
         <name>__auto_init</name>
         <value>0x3060</value>
         <object_component_ref idref="oc-a6"/>
      </symbol>
      <symbol id="sm-176">
         <name>__cmpd</name>
         <value>0x3140</value>
         <object_component_ref idref="oc-c3"/>
      </symbol>
      <symbol id="sm-180">
         <name>___TI_cpp_init</name>
         <value>0x3960</value>
         <object_component_ref idref="oc-b5"/>
      </symbol>
      <symbol id="sm-18a">
         <name>_copy_in</name>
         <value>0x38c0</value>
         <object_component_ref idref="oc-b3"/>
      </symbol>
      <symbol id="sm-194">
         <name>__frcaddd</name>
         <value>0x1be0</value>
         <object_component_ref idref="oc-d2"/>
      </symbol>
      <symbol id="sm-19e">
         <name>__frcmpyd</name>
         <value>0x2b80</value>
         <object_component_ref idref="oc-c0"/>
      </symbol>
      <symbol id="sm-1a6">
         <name>_memcpy</name>
         <value>0x3220</value>
         <object_component_ref idref="oc-b4"/>
      </symbol>
      <symbol id="sm-1b0">
         <name>_modf</name>
         <value>0x3300</value>
         <object_component_ref idref="oc-c7"/>
      </symbol>
      <symbol id="sm-1ba">
         <name>__negd</name>
         <value>0x3d00</value>
         <object_component_ref idref="oc-c9"/>
      </symbol>
      <symbol id="sm-1c4">
         <name>__renormd</name>
         <value>0x3820</value>
         <object_component_ref idref="oc-d4"/>
      </symbol>
      <symbol id="sm-1ce">
         <name>__nround</name>
         <value>0x2a20</value>
         <object_component_ref idref="oc-c5"/>
      </symbol>
      <symbol id="sm-1ea">
         <name>__IRQ_eventTable</name>
         <value>0x42c0</value>
         <object_component_ref idref="oc-6d"/>
      </symbol>
      <symbol id="sm-1eb">
         <name>_IRQ_nmiEnable</name>
         <value>0x3de0</value>
         <object_component_ref idref="oc-cf"/>
      </symbol>
      <symbol id="sm-1ec">
         <name>_IRQ_reset</name>
         <value>0x3c80</value>
         <object_component_ref idref="oc-cd"/>
      </symbol>
      <symbol id="sm-1ed">
         <name>__IRQ_intTable</name>
         <value>0x4348</value>
         <object_component_ref idref="oc-6d"/>
      </symbol>
      <symbol id="sm-1ee">
         <name>_IRQ_globalEnable</name>
         <value>0x3dc0</value>
         <object_component_ref idref="oc-ce"/>
      </symbol>
      <symbol id="sm-1ef">
         <name>_IRQ_globalDisable</name>
         <value>0x3da0</value>
         <object_component_ref idref="oc-ca"/>
      </symbol>
      <symbol id="sm-1f0">
         <name>_IRQ_map</name>
         <value>0x24c0</value>
         <object_component_ref idref="oc-cc"/>
      </symbol>
      <symbol id="sm-1f1">
         <name>_IRQ_enable</name>
         <value>0x3d80</value>
         <object_component_ref idref="oc-d0"/>
      </symbol>
      <symbol id="sm-1f2">
         <name>__IRQ_dispatchTable</name>
         <value>0x4388</value>
         <object_component_ref idref="oc-6d"/>
      </symbol>
      <symbol id="sm-1f3">
         <name>__IRQ_hookFetchPacket</name>
         <value>0x3ee0</value>
         <object_component_ref idref="oc-6b"/>
      </symbol>
      <symbol id="sm-211">
         <name>_MCBSP_reset</name>
         <value>0x26a0</value>
         <object_component_ref idref="oc-b8"/>
      </symbol>
      <symbol id="sm-212">
         <name>_MCBSP_read</name>
         <value>0x3e20</value>
         <object_component_ref idref="oc-b0"/>
      </symbol>
      <symbol id="sm-213">
         <name>_MCBSP_getXmtEventId</name>
         <value>0x3e00</value>
         <object_component_ref idref="oc-cb"/>
      </symbol>
      <symbol id="sm-214">
         <name>_MCBSP_open</name>
         <value>0x2ea0</value>
         <object_component_ref idref="oc-ac"/>
      </symbol>
      <symbol id="sm-215">
         <name>__MCBSP_hDev0</name>
         <value>0x4438</value>
         <object_component_ref idref="oc-72"/>
      </symbol>
      <symbol id="sm-216">
         <name>__MCBSP_hDev1</name>
         <value>0x443c</value>
         <object_component_ref idref="oc-72"/>
      </symbol>
      <symbol id="sm-217">
         <name>__MCBSP_hDev2</name>
         <value>0x4440</value>
         <object_component_ref idref="oc-72"/>
      </symbol>
      <symbol id="sm-218">
         <name>_MCBSP_start</name>
         <value>0x2f80</value>
         <object_component_ref idref="oc-ae"/>
      </symbol>
      <symbol id="sm-219">
         <name>_MCBSP_rrdy</name>
         <value>0x3e40</value>
         <object_component_ref idref="oc-af"/>
      </symbol>
      <symbol id="sm-21a">
         <name>_MCBSP_config</name>
         <value>0x33e0</value>
         <object_component_ref idref="oc-ad"/>
      </symbol>
      <symbol id="sm-21b">
         <name>_MCBSP_xrdy</name>
         <value>0x3e80</value>
         <object_component_ref idref="oc-b1"/>
      </symbol>
      <symbol id="sm-21c">
         <name>_MCBSP_write</name>
         <value>0x3e60</value>
         <object_component_ref idref="oc-b2"/>
      </symbol>
      <symbol id="sm-24c">
         <name>_DSK6416_waitusec</name>
         <value>0x15a0</value>
         <object_component_ref idref="oc-76"/>
      </symbol>
      <symbol id="sm-24d">
         <name>_DSK6416_rget</name>
         <value>0x14b0</value>
         <object_component_ref idref="oc-76"/>
      </symbol>
      <symbol id="sm-24e">
         <name>_DSK6416_wait</name>
         <value>0x1530</value>
         <object_component_ref idref="oc-76"/>
      </symbol>
      <symbol id="sm-24f">
         <name>_DSK6416_rset</name>
         <value>0x14e8</value>
         <object_component_ref idref="oc-76"/>
      </symbol>
      <symbol id="sm-250">
         <name>_DSK6416_version</name>
         <value>0x43ea</value>
         <object_component_ref idref="oc-77"/>
      </symbol>
      <symbol id="sm-251">
         <name>_DSK6416_getVersion</name>
         <value>0x15ec</value>
         <object_component_ref idref="oc-76"/>
      </symbol>
      <symbol id="sm-252">
         <name>_DSK6416_init</name>
         <value>0x1300</value>
         <object_component_ref idref="oc-76"/>
      </symbol>
      <symbol id="sm-274">
         <name>_DSK6416_AIC23_openCodec</name>
         <value>0x2080</value>
         <object_component_ref idref="oc-7d"/>
      </symbol>
      <symbol id="sm-275">
         <name>_DSK6416_AIC23_codecdatahandle</name>
         <value>0x44cc</value>
         <object_component_ref idref="oc-7e"/>
      </symbol>
      <symbol id="sm-276">
         <name>_DSK6416_AIC23_codeccontrolhandle</name>
         <value>0x44c8</value>
         <object_component_ref idref="oc-7e"/>
      </symbol>
      <symbol id="sm-2a3">
         <name>_DSK6416_AIC23_rset</name>
         <value>0x22a0</value>
         <object_component_ref idref="oc-84"/>
      </symbol>
      <symbol id="sm-2a4">
         <name>_DSK6416_AIC23_config</name>
         <value>0x23fc</value>
         <object_component_ref idref="oc-84"/>
      </symbol>
      <symbol id="sm-2a5">
         <name>_DSK6416_AIC23_rget</name>
         <value>0x23bc</value>
         <object_component_ref idref="oc-84"/>
      </symbol>
      <symbol id="sm-2c2">
         <name>_DSK6416_AIC23_setFreq</name>
         <value>0x2da0</value>
         <object_component_ref idref="oc-8b"/>
      </symbol>
      <symbol id="sm-2d2">
         <name>_DSK6416_DIP_init</name>
         <value>0x3ae0</value>
         <object_component_ref idref="oc-92"/>
      </symbol>
      <symbol id="sm-2d3">
         <name>_DSK6416_DIP_get</name>
         <value>0x3ae4</value>
         <object_component_ref idref="oc-92"/>
      </symbol>
      <symbol id="sm-2ec">
         <name>_DSK6416_LED_init</name>
         <value>0x2880</value>
         <object_component_ref idref="oc-97"/>
      </symbol>
      <symbol id="sm-2ed">
         <name>_DSK6416_LED_toggle</name>
         <value>0x29a0</value>
         <object_component_ref idref="oc-97"/>
      </symbol>
      <symbol id="sm-2ee">
         <name>_DSK6416_LED_on</name>
         <value>0x2934</value>
         <object_component_ref idref="oc-97"/>
      </symbol>
      <symbol id="sm-2ef">
         <name>_DSK6416_LED_off</name>
         <value>0x28c8</value>
         <object_component_ref idref="oc-97"/>
      </symbol>
      <symbol id="sm-2f7">
         <name>__strasg</name>
         <value>0x34a0</value>
         <object_component_ref idref="oc-a9"/>
      </symbol>
      <symbol id="sm-301">
         <name>_EMIFA_config</name>
         <value>0x36e0</value>
         <object_component_ref idref="oc-ab"/>
      </symbol>
      <symbol id="sm-30b">
         <name>_EMIFB_config</name>
         <value>0x3780</value>
         <object_component_ref idref="oc-aa"/>
      </symbol>
   </symbol_table>
</link_info>
