<?xml version="1.0"?>
<link_info>
   <banner>TMS320C6x Linker PC v7.4.24</banner>
   <copyright>Copyright (c) 1996-2017 Texas Instruments Incorporated</copyright>
   <link_time>0x67d420dc</link_time>
   <output_file>vd83.out</output_file>
   <entry_point>
      <name>_c_int00</name>
      <address>0x3d40</address>
   </entry_point>
   <input_file_list>
      <input_file id="fl-2">
         <path>.\</path>
         <kind>object</kind>
         <file>c6416dskinit.obj</file>
         <name>c6416dskinit.obj</name>
      </input_file>
      <input_file id="fl-3">
         <path>.\</path>
         <kind>object</kind>
         <file>vd83.obj</file>
         <name>vd83.obj</name>
      </input_file>
      <input_file id="fl-80">
         <path>C:\ti\ccsv7\tools\compiler\c6000_7.4.24\lib\</path>
         <kind>archive</kind>
         <file>rts6400.lib</file>
         <name>boot.obj</name>
      </input_file>
      <input_file id="fl-81">
         <path>C:\ti\ccsv7\tools\compiler\c6000_7.4.24\lib\</path>
         <kind>archive</kind>
         <file>rts6400.lib</file>
         <name>divd.obj</name>
      </input_file>
      <input_file id="fl-82">
         <path>C:\ti\ccsv7\tools\compiler\c6000_7.4.24\lib\</path>
         <kind>archive</kind>
         <file>rts6400.lib</file>
         <name>exit.obj</name>
      </input_file>
      <input_file id="fl-83">
         <path>C:\ti\ccsv7\tools\compiler\c6000_7.4.24\lib\</path>
         <kind>archive</kind>
         <file>rts6400.lib</file>
         <name>fixdi.obj</name>
      </input_file>
      <input_file id="fl-84">
         <path>C:\ti\ccsv7\tools\compiler\c6000_7.4.24\lib\</path>
         <kind>archive</kind>
         <file>rts6400.lib</file>
         <name>fltid.obj</name>
      </input_file>
      <input_file id="fl-85">
         <path>C:\ti\ccsv7\tools\compiler\c6000_7.4.24\lib\</path>
         <kind>archive</kind>
         <file>rts6400.lib</file>
         <name>frcmpyd_div.obj</name>
      </input_file>
      <input_file id="fl-86">
         <path>C:\ti\ccsv7\tools\compiler\c6000_7.4.24\lib\</path>
         <kind>archive</kind>
         <file>rts6400.lib</file>
         <name>mpyd.obj</name>
      </input_file>
      <input_file id="fl-87">
         <path>C:\ti\ccsv7\tools\compiler\c6000_7.4.24\lib\</path>
         <kind>archive</kind>
         <file>rts6400.lib</file>
         <name>mpyll.obj</name>
      </input_file>
      <input_file id="fl-88">
         <path>C:\ti\ccsv7\tools\compiler\c6000_7.4.24\lib\</path>
         <kind>archive</kind>
         <file>rts6400.lib</file>
         <name>sin.obj</name>
      </input_file>
      <input_file id="fl-89">
         <path>C:\ti\ccsv7\tools\compiler\c6000_7.4.24\lib\</path>
         <kind>archive</kind>
         <file>rts6400.lib</file>
         <name>subd.obj</name>
      </input_file>
      <input_file id="fl-8a">
         <path>C:\ti\ccsv7\tools\compiler\c6000_7.4.24\lib\</path>
         <kind>archive</kind>
         <file>rts6400.lib</file>
         <name>trunc.obj</name>
      </input_file>
      <input_file id="fl-8b">
         <path>C:\ti\ccsv7\tools\compiler\c6000_7.4.24\lib\</path>
         <kind>archive</kind>
         <file>rts6400.lib</file>
         <name>addd.obj</name>
      </input_file>
      <input_file id="fl-8c">
         <path>C:\ti\ccsv7\tools\compiler\c6000_7.4.24\lib\</path>
         <kind>archive</kind>
         <file>rts6400.lib</file>
         <name>args_main.obj</name>
      </input_file>
      <input_file id="fl-8d">
         <path>C:\ti\ccsv7\tools\compiler\c6000_7.4.24\lib\</path>
         <kind>archive</kind>
         <file>rts6400.lib</file>
         <name>autoinit.obj</name>
      </input_file>
      <input_file id="fl-8e">
         <path>C:\ti\ccsv7\tools\compiler\c6000_7.4.24\lib\</path>
         <kind>archive</kind>
         <file>rts6400.lib</file>
         <name>cmpd.obj</name>
      </input_file>
      <input_file id="fl-8f">
         <path>C:\ti\ccsv7\tools\compiler\c6000_7.4.24\lib\</path>
         <kind>archive</kind>
         <file>rts6400.lib</file>
         <name>cpp_init.obj</name>
      </input_file>
      <input_file id="fl-90">
         <path>C:\ti\ccsv7\tools\compiler\c6000_7.4.24\lib\</path>
         <kind>archive</kind>
         <file>rts6400.lib</file>
         <name>cpy_tbl.obj</name>
      </input_file>
      <input_file id="fl-91">
         <path>C:\ti\ccsv7\tools\compiler\c6000_7.4.24\lib\</path>
         <kind>archive</kind>
         <file>rts6400.lib</file>
         <name>frcaddd.obj</name>
      </input_file>
      <input_file id="fl-92">
         <path>C:\ti\ccsv7\tools\compiler\c6000_7.4.24\lib\</path>
         <kind>archive</kind>
         <file>rts6400.lib</file>
         <name>frcmpyd.obj</name>
      </input_file>
      <input_file id="fl-93">
         <path>C:\ti\ccsv7\tools\compiler\c6000_7.4.24\lib\</path>
         <kind>archive</kind>
         <file>rts6400.lib</file>
         <name>memcpy64.obj</name>
      </input_file>
      <input_file id="fl-94">
         <path>C:\ti\ccsv7\tools\compiler\c6000_7.4.24\lib\</path>
         <kind>archive</kind>
         <file>rts6400.lib</file>
         <name>modf.obj</name>
      </input_file>
      <input_file id="fl-95">
         <path>C:\ti\ccsv7\tools\compiler\c6000_7.4.24\lib\</path>
         <kind>archive</kind>
         <file>rts6400.lib</file>
         <name>negd.obj</name>
      </input_file>
      <input_file id="fl-96">
         <path>C:\ti\ccsv7\tools\compiler\c6000_7.4.24\lib\</path>
         <kind>archive</kind>
         <file>rts6400.lib</file>
         <name>renormd.obj</name>
      </input_file>
      <input_file id="fl-97">
         <path>C:\ti\ccsv7\tools\compiler\c6000_7.4.24\lib\</path>
         <kind>archive</kind>
         <file>rts6400.lib</file>
         <name>round.obj</name>
      </input_file>
      <input_file id="fl-98">
         <path>C:\ti\2_ThuvienDSP\2_ThuvienDSP\lib\</path>
         <kind>archive</kind>
         <file>csl6416.lib</file>
         <name>csl_irq.obj</name>
      </input_file>
      <input_file id="fl-99">
         <path>C:\ti\2_ThuvienDSP\2_ThuvienDSP\lib\</path>
         <kind>archive</kind>
         <file>csl6416.lib</file>
         <name>csl_mcbsp.obj</name>
      </input_file>
      <input_file id="fl-9a">
         <path>C:\ti\2_ThuvienDSP\lib\</path>
         <kind>archive</kind>
         <file>dsk6416bsl.lib</file>
         <name>dsk6416.obj</name>
      </input_file>
      <input_file id="fl-9b">
         <path>C:\ti\2_ThuvienDSP\lib\</path>
         <kind>archive</kind>
         <file>dsk6416bsl.lib</file>
         <name>dsk6416_aic23_opencodec.obj</name>
      </input_file>
      <input_file id="fl-9c">
         <path>C:\ti\2_ThuvienDSP\lib\</path>
         <kind>archive</kind>
         <file>dsk6416bsl.lib</file>
         <name>dsk6416_aic23_registers.obj</name>
      </input_file>
      <input_file id="fl-9d">
         <path>C:\ti\2_ThuvienDSP\lib\</path>
         <kind>archive</kind>
         <file>dsk6416bsl.lib</file>
         <name>dsk6416_aic23_setfreq.obj</name>
      </input_file>
      <input_file id="fl-9e">
         <path>C:\ti\2_ThuvienDSP\lib\</path>
         <kind>archive</kind>
         <file>dsk6416bsl.lib</file>
         <name>dsk6416_dip.obj</name>
      </input_file>
      <input_file id="fl-9f">
         <path>C:\ti\2_ThuvienDSP\lib\</path>
         <kind>archive</kind>
         <file>dsk6416bsl.lib</file>
         <name>dsk6416_led.obj</name>
      </input_file>
      <input_file id="fl-a0">
         <path>C:\ti\ccsv7\tools\compiler\c6000_7.4.24\lib\</path>
         <kind>archive</kind>
         <file>rts6400.lib</file>
         <name>strasg.obj</name>
      </input_file>
      <input_file id="fl-a1">
         <path>C:\ti\2_ThuvienDSP\2_ThuvienDSP\lib\</path>
         <kind>archive</kind>
         <file>csl6416.lib</file>
         <name>csl_emifa.obj</name>
      </input_file>
      <input_file id="fl-a2">
         <path>C:\ti\2_ThuvienDSP\2_ThuvienDSP\lib\</path>
         <kind>archive</kind>
         <file>csl6416.lib</file>
         <name>csl_emifb.obj</name>
      </input_file>
   </input_file_list>
   <object_component_list>
      <object_component id="oc-b6">
         <name>.text</name>
         <load_address>0x220</load_address>
         <run_address>0x220</run_address>
         <size>0x640</size>
         <input_file_ref idref="fl-2"/>
      </object_component>
      <object_component id="oc-b8">
         <name>.text:__divd</name>
         <load_address>0x860</load_address>
         <run_address>0x860</run_address>
         <size>0x5e0</size>
         <input_file_ref idref="fl-81"/>
      </object_component>
      <object_component id="oc-ba">
         <name>.text:_sin</name>
         <load_address>0xe40</load_address>
         <run_address>0xe40</run_address>
         <size>0x4c0</size>
         <input_file_ref idref="fl-88"/>
      </object_component>
      <object_component id="oc-b3">
         <name>.text</name>
         <load_address>0x1300</load_address>
         <run_address>0x1300</run_address>
         <size>0x400</size>
         <input_file_ref idref="fl-3"/>
      </object_component>
      <object_component id="oc-73">
         <name>.text</name>
         <load_address>0x1700</load_address>
         <run_address>0x1700</run_address>
         <size>0x3c0</size>
         <input_file_ref idref="fl-9a"/>
      </object_component>
      <object_component id="oc-b9">
         <name>.text:__mpyd</name>
         <load_address>0x1ac0</load_address>
         <run_address>0x1ac0</run_address>
         <size>0x2a0</size>
         <input_file_ref idref="fl-86"/>
      </object_component>
      <object_component id="oc-cf">
         <name>.text:__frcaddd</name>
         <load_address>0x1d60</load_address>
         <run_address>0x1d60</run_address>
         <size>0x260</size>
         <input_file_ref idref="fl-91"/>
      </object_component>
      <object_component id="oc-c7">
         <name>.text:__addd</name>
         <load_address>0x1fc0</load_address>
         <run_address>0x1fc0</run_address>
         <size>0x240</size>
         <input_file_ref idref="fl-8b"/>
      </object_component>
      <object_component id="oc-7a">
         <name>.text</name>
         <load_address>0x2200</load_address>
         <run_address>0x2200</run_address>
         <size>0x220</size>
         <input_file_ref idref="fl-9b"/>
      </object_component>
      <object_component id="oc-81">
         <name>.text</name>
         <load_address>0x2420</load_address>
         <run_address>0x2420</run_address>
         <size>0x220</size>
         <input_file_ref idref="fl-9c"/>
      </object_component>
      <object_component id="oc-be">
         <name>.text:_IRQ_map</name>
         <load_address>0x2640</load_address>
         <run_address>0x2640</run_address>
         <size>0x1e0</size>
         <input_file_ref idref="fl-98"/>
      </object_component>
      <object_component id="oc-b5">
         <name>.text:_MCBSP_reset</name>
         <load_address>0x2820</load_address>
         <run_address>0x2820</run_address>
         <size>0x1e0</size>
         <input_file_ref idref="fl-99"/>
      </object_component>
      <object_component id="oc-94">
         <name>.text</name>
         <load_address>0x2a00</load_address>
         <run_address>0x2a00</run_address>
         <size>0x1a0</size>
         <input_file_ref idref="fl-9f"/>
      </object_component>
      <object_component id="oc-c8">
         <name>.text:__nround</name>
         <load_address>0x2ba0</load_address>
         <run_address>0x2ba0</run_address>
         <size>0x160</size>
         <input_file_ref idref="fl-97"/>
      </object_component>
      <object_component id="oc-c5">
         <name>.text:__frcmpyd</name>
         <load_address>0x2d00</load_address>
         <run_address>0x2d00</run_address>
         <size>0x120</size>
         <input_file_ref idref="fl-92"/>
      </object_component>
      <object_component id="oc-c4">
         <name>.text:__frcmpyd_div</name>
         <load_address>0x2e20</load_address>
         <run_address>0x2e20</run_address>
         <size>0x100</size>
         <input_file_ref idref="fl-85"/>
      </object_component>
      <object_component id="oc-88">
         <name>.text</name>
         <load_address>0x2f20</load_address>
         <run_address>0x2f20</run_address>
         <size>0x100</size>
         <input_file_ref idref="fl-9d"/>
      </object_component>
      <object_component id="oc-a9">
         <name>.text:_MCBSP_open</name>
         <load_address>0x3020</load_address>
         <run_address>0x3020</run_address>
         <size>0xe0</size>
         <input_file_ref idref="fl-99"/>
      </object_component>
      <object_component id="oc-ab">
         <name>.text:_MCBSP_start</name>
         <load_address>0x3100</load_address>
         <run_address>0x3100</run_address>
         <size>0xe0</size>
         <input_file_ref idref="fl-99"/>
      </object_component>
      <object_component id="oc-a3">
         <name>.text:__auto_init</name>
         <load_address>0x31e0</load_address>
         <run_address>0x31e0</run_address>
         <size>0xe0</size>
         <input_file_ref idref="fl-8d"/>
      </object_component>
      <object_component id="oc-c6">
         <name>.text:__cmpd</name>
         <load_address>0x32c0</load_address>
         <run_address>0x32c0</run_address>
         <size>0xe0</size>
         <input_file_ref idref="fl-8e"/>
      </object_component>
      <object_component id="oc-b1">
         <name>.text:_memcpy</name>
         <load_address>0x33a0</load_address>
         <run_address>0x33a0</run_address>
         <size>0xe0</size>
         <input_file_ref idref="fl-93"/>
      </object_component>
      <object_component id="oc-ca">
         <name>.text:_modf</name>
         <load_address>0x3480</load_address>
         <run_address>0x3480</run_address>
         <size>0xe0</size>
         <input_file_ref idref="fl-94"/>
      </object_component>
      <object_component id="oc-aa">
         <name>.text:_MCBSP_config</name>
         <load_address>0x3560</load_address>
         <run_address>0x3560</run_address>
         <size>0xc0</size>
         <input_file_ref idref="fl-99"/>
      </object_component>
      <object_component id="oc-a6">
         <name>.text:__strasg</name>
         <load_address>0x3620</load_address>
         <run_address>0x3620</run_address>
         <size>0xc0</size>
         <input_file_ref idref="fl-a0"/>
      </object_component>
      <object_component id="oc-a5">
         <name>.text:_exit</name>
         <load_address>0x36e0</load_address>
         <run_address>0x36e0</run_address>
         <size>0xc0</size>
         <input_file_ref idref="fl-82"/>
      </object_component>
      <object_component id="oc-cd">
         <name>.text:_setMux</name>
         <load_address>0x37a0</load_address>
         <run_address>0x37a0</run_address>
         <size>0xc0</size>
         <input_file_ref idref="fl-98"/>
      </object_component>
      <object_component id="oc-a8">
         <name>.text:_EMIFA_config</name>
         <load_address>0x3860</load_address>
         <run_address>0x3860</run_address>
         <size>0xa0</size>
         <input_file_ref idref="fl-a1"/>
      </object_component>
      <object_component id="oc-a7">
         <name>.text:_EMIFB_config</name>
         <load_address>0x3900</load_address>
         <run_address>0x3900</run_address>
         <size>0xa0</size>
         <input_file_ref idref="fl-a2"/>
      </object_component>
      <object_component id="oc-d0">
         <name>.text:__renormd</name>
         <load_address>0x39a0</load_address>
         <run_address>0x39a0</run_address>
         <size>0xa0</size>
         <input_file_ref idref="fl-96"/>
      </object_component>
      <object_component id="oc-b0">
         <name>.text:_copy_in</name>
         <load_address>0x3a40</load_address>
         <run_address>0x3a40</run_address>
         <size>0xa0</size>
         <input_file_ref idref="fl-90"/>
      </object_component>
      <object_component id="oc-b2">
         <name>.text:___TI_cpp_init</name>
         <load_address>0x3ae0</load_address>
         <run_address>0x3ae0</run_address>
         <size>0x80</size>
         <input_file_ref idref="fl-8f"/>
      </object_component>
      <object_component id="oc-bb">
         <name>.text:__fixdi</name>
         <load_address>0x3b60</load_address>
         <run_address>0x3b60</run_address>
         <size>0x80</size>
         <input_file_ref idref="fl-83"/>
      </object_component>
      <object_component id="oc-ce">
         <name>.text:__mpyll</name>
         <load_address>0x3be0</load_address>
         <run_address>0x3be0</run_address>
         <size>0x80</size>
         <input_file_ref idref="fl-87"/>
      </object_component>
      <object_component id="oc-8f">
         <name>.text</name>
         <load_address>0x3c60</load_address>
         <run_address>0x3c60</run_address>
         <size>0x80</size>
         <input_file_ref idref="fl-9e"/>
      </object_component>
      <object_component id="oc-b7">
         <name>.text:__fltid</name>
         <load_address>0x3ce0</load_address>
         <run_address>0x3ce0</run_address>
         <size>0x60</size>
         <input_file_ref idref="fl-84"/>
      </object_component>
      <object_component id="oc-e">
         <name>.text:_c_int00</name>
         <load_address>0x3d40</load_address>
         <run_address>0x3d40</run_address>
         <size>0x60</size>
         <input_file_ref idref="fl-80"/>
      </object_component>
      <object_component id="oc-bf">
         <name>.text:_IRQ_reset</name>
         <load_address>0x3da0</load_address>
         <run_address>0x3da0</run_address>
         <size>0x40</size>
         <input_file_ref idref="fl-98"/>
      </object_component>
      <object_component id="oc-a4">
         <name>.text:__args_main</name>
         <load_address>0x3de0</load_address>
         <run_address>0x3de0</run_address>
         <size>0x40</size>
         <input_file_ref idref="fl-8c"/>
      </object_component>
      <object_component id="oc-cc">
         <name>.text:__negd</name>
         <load_address>0x3e20</load_address>
         <run_address>0x3e20</run_address>
         <size>0x40</size>
         <input_file_ref idref="fl-95"/>
      </object_component>
      <object_component id="oc-cb">
         <name>.text:__subd</name>
         <load_address>0x3e60</load_address>
         <run_address>0x3e60</run_address>
         <size>0x40</size>
         <input_file_ref idref="fl-89"/>
      </object_component>
      <object_component id="oc-c2">
         <name>.text:_IRQ_enable</name>
         <load_address>0x3ea0</load_address>
         <run_address>0x3ea0</run_address>
         <size>0x20</size>
         <input_file_ref idref="fl-98"/>
      </object_component>
      <object_component id="oc-bc">
         <name>.text:_IRQ_globalDisable</name>
         <load_address>0x3ec0</load_address>
         <run_address>0x3ec0</run_address>
         <size>0x20</size>
         <input_file_ref idref="fl-98"/>
      </object_component>
      <object_component id="oc-c0">
         <name>.text:_IRQ_globalEnable</name>
         <load_address>0x3ee0</load_address>
         <run_address>0x3ee0</run_address>
         <size>0x20</size>
         <input_file_ref idref="fl-98"/>
      </object_component>
      <object_component id="oc-c1">
         <name>.text:_IRQ_nmiEnable</name>
         <load_address>0x3f00</load_address>
         <run_address>0x3f00</run_address>
         <size>0x20</size>
         <input_file_ref idref="fl-98"/>
      </object_component>
      <object_component id="oc-bd">
         <name>.text:_MCBSP_getXmtEventId</name>
         <load_address>0x3f20</load_address>
         <run_address>0x3f20</run_address>
         <size>0x20</size>
         <input_file_ref idref="fl-99"/>
      </object_component>
      <object_component id="oc-ad">
         <name>.text:_MCBSP_read</name>
         <load_address>0x3f40</load_address>
         <run_address>0x3f40</run_address>
         <size>0x20</size>
         <input_file_ref idref="fl-99"/>
      </object_component>
      <object_component id="oc-ac">
         <name>.text:_MCBSP_rrdy</name>
         <load_address>0x3f60</load_address>
         <run_address>0x3f60</run_address>
         <size>0x20</size>
         <input_file_ref idref="fl-99"/>
      </object_component>
      <object_component id="oc-af">
         <name>.text:_MCBSP_write</name>
         <load_address>0x3f80</load_address>
         <run_address>0x3f80</run_address>
         <size>0x20</size>
         <input_file_ref idref="fl-99"/>
      </object_component>
      <object_component id="oc-ae">
         <name>.text:_MCBSP_xrdy</name>
         <load_address>0x3fa0</load_address>
         <run_address>0x3fa0</run_address>
         <size>0x20</size>
         <input_file_ref idref="fl-99"/>
      </object_component>
      <object_component id="oc-c9">
         <name>.text:__trunc</name>
         <load_address>0x3fc0</load_address>
         <run_address>0x3fc0</run_address>
         <size>0x20</size>
         <input_file_ref idref="fl-8a"/>
      </object_component>
      <object_component id="oc-b4">
         <name>.text:_abort</name>
         <load_address>0x3fe0</load_address>
         <run_address>0x3fe0</run_address>
         <size>0x20</size>
         <input_file_ref idref="fl-82"/>
      </object_component>
      <object_component id="oc-68">
         <name>.text</name>
         <load_address>0x4000</load_address>
         <run_address>0x4000</run_address>
         <size>0x20</size>
         <input_file_ref idref="fl-98"/>
      </object_component>
      <object_component id="oc-69">
         <name>.cinit</name>
         <load_address>0x4c88</load_address>
         <run_address>0x4c88</run_address>
         <size>0x12c</size>
         <input_file_ref idref="fl-98"/>
      </object_component>
      <object_component id="oc-6e">
         <name>.cinit</name>
         <load_address>0x4db8</load_address>
         <run_address>0x4db8</run_address>
         <size>0x7c</size>
         <input_file_ref idref="fl-99"/>
      </object_component>
      <object_component id="oc-10">
         <name>.cinit</name>
         <load_address>0x4e38</load_address>
         <run_address>0x4e38</run_address>
         <size>0x70</size>
         <input_file_ref idref="fl-2"/>
      </object_component>
      <object_component id="oc-37">
         <name>.cinit</name>
         <load_address>0x4ea8</load_address>
         <run_address>0x4ea8</run_address>
         <size>0x48</size>
         <input_file_ref idref="fl-88"/>
      </object_component>
      <object_component id="oc-23">
         <name>.cinit</name>
         <load_address>0x4ef0</load_address>
         <run_address>0x4ef0</run_address>
         <size>0x2c</size>
         <input_file_ref idref="fl-82"/>
      </object_component>
      <object_component id="oc-16">
         <name>.cinit</name>
         <load_address>0x4f20</load_address>
         <run_address>0x4f20</run_address>
         <size>0x2a</size>
         <input_file_ref idref="fl-3"/>
      </object_component>
      <object_component id="oc-89">
         <name>.cinit</name>
         <load_address>0x4f50</load_address>
         <run_address>0x4f50</run_address>
         <size>0x28</size>
         <input_file_ref idref="fl-9d"/>
      </object_component>
      <object_component id="oc-82">
         <name>.cinit</name>
         <load_address>0x4f78</load_address>
         <run_address>0x4f78</run_address>
         <size>0x1c</size>
         <input_file_ref idref="fl-9c"/>
      </object_component>
      <object_component id="oc-1c">
         <name>.stack</name>
         <uninitialized>true</uninitialized>
         <run_address>0x4888</run_address>
         <size>0x8</size>
         <input_file_ref idref="fl-80"/>
      </object_component>
      <object_component id="oc-e6">
         <name>.stack</name>
         <uninitialized>true</uninitialized>
         <run_address>0x4888</run_address>
         <size>0x0</size>
      </object_component>
      <object_component id="oc-75">
         <name>.const</name>
         <load_address>0x4fa0</load_address>
         <run_address>0x4fa0</run_address>
         <size>0xc0</size>
         <input_file_ref idref="fl-9a"/>
      </object_component>
      <object_component id="oc-7c">
         <name>.const</name>
         <load_address>0x5060</load_address>
         <run_address>0x5060</run_address>
         <size>0x70</size>
         <input_file_ref idref="fl-9b"/>
      </object_component>
      <object_component id="oc-c3">
         <name>.const:.string:_initial_approx$1</name>
         <load_address>0x50d0</load_address>
         <run_address>0x50d0</run_address>
         <size>0x8</size>
         <input_file_ref idref="fl-81"/>
      </object_component>
      <object_component id="oc-11">
         <name>.far</name>
         <uninitialized>true</uninitialized>
         <run_address>0x4730</run_address>
         <size>0x70</size>
         <input_file_ref idref="fl-2"/>
      </object_component>
      <object_component id="oc-17">
         <name>.far</name>
         <uninitialized>true</uninitialized>
         <run_address>0x4020</run_address>
         <size>0x610</size>
         <input_file_ref idref="fl-3"/>
      </object_component>
      <object_component id="oc-24">
         <name>.far</name>
         <uninitialized>true</uninitialized>
         <run_address>0x486c</run_address>
         <size>0xc</size>
         <input_file_ref idref="fl-82"/>
      </object_component>
      <object_component id="oc-38">
         <name>.far</name>
         <uninitialized>true</uninitialized>
         <run_address>0x47f8</run_address>
         <size>0x40</size>
         <input_file_ref idref="fl-88"/>
      </object_component>
      <object_component id="oc-6a">
         <name>.far</name>
         <uninitialized>true</uninitialized>
         <run_address>0x4630</run_address>
         <size>0x100</size>
         <input_file_ref idref="fl-98"/>
      </object_component>
      <object_component id="oc-6f">
         <name>.far</name>
         <uninitialized>true</uninitialized>
         <run_address>0x47a0</run_address>
         <size>0x54</size>
         <input_file_ref idref="fl-99"/>
      </object_component>
      <object_component id="oc-74">
         <name>.far</name>
         <uninitialized>true</uninitialized>
         <run_address>0x47f4</run_address>
         <size>0x4</size>
         <input_file_ref idref="fl-9a"/>
      </object_component>
      <object_component id="oc-7b">
         <name>.far</name>
         <uninitialized>true</uninitialized>
         <run_address>0x4878</run_address>
         <size>0x8</size>
         <input_file_ref idref="fl-9b"/>
      </object_component>
      <object_component id="oc-83">
         <name>.far</name>
         <uninitialized>true</uninitialized>
         <run_address>0x4858</run_address>
         <size>0x14</size>
         <input_file_ref idref="fl-9c"/>
      </object_component>
      <object_component id="oc-8a">
         <name>.far</name>
         <uninitialized>true</uninitialized>
         <run_address>0x4838</run_address>
         <size>0x20</size>
         <input_file_ref idref="fl-9d"/>
      </object_component>
      <object_component id="oc-95">
         <name>.far</name>
         <uninitialized>true</uninitialized>
         <run_address>0x4880</run_address>
         <size>0x2</size>
         <input_file_ref idref="fl-9f"/>
      </object_component>
      <object_component id="oc-f">
         <name>.debug_info</name>
         <load_address>0x0</load_address>
         <run_address>0x0</run_address>
         <size>0x1602</size>
         <input_file_ref idref="fl-2"/>
      </object_component>
      <object_component id="oc-15">
         <name>.debug_info</name>
         <load_address>0x1602</load_address>
         <run_address>0x1602</run_address>
         <size>0xc17</size>
         <input_file_ref idref="fl-3"/>
      </object_component>
      <object_component id="oc-1b">
         <name>.debug_info</name>
         <load_address>0x2219</load_address>
         <run_address>0x2219</run_address>
         <size>0x73c</size>
         <input_file_ref idref="fl-80"/>
      </object_component>
      <object_component id="oc-1f">
         <name>.debug_info</name>
         <load_address>0x2955</load_address>
         <run_address>0x2955</run_address>
         <size>0xa3b</size>
         <input_file_ref idref="fl-81"/>
      </object_component>
      <object_component id="oc-22">
         <name>.debug_info</name>
         <load_address>0x3390</load_address>
         <run_address>0x3390</run_address>
         <size>0x86a</size>
         <input_file_ref idref="fl-82"/>
      </object_component>
      <object_component id="oc-27">
         <name>.debug_info</name>
         <load_address>0x3bfa</load_address>
         <run_address>0x3bfa</run_address>
         <size>0x6bf</size>
         <input_file_ref idref="fl-83"/>
      </object_component>
      <object_component id="oc-2a">
         <name>.debug_info</name>
         <load_address>0x42b9</load_address>
         <run_address>0x42b9</run_address>
         <size>0x6d8</size>
         <input_file_ref idref="fl-84"/>
      </object_component>
      <object_component id="oc-2d">
         <name>.debug_info</name>
         <load_address>0x4991</load_address>
         <run_address>0x4991</run_address>
         <size>0x6d5</size>
         <input_file_ref idref="fl-85"/>
      </object_component>
      <object_component id="oc-30">
         <name>.debug_info</name>
         <load_address>0x5066</load_address>
         <run_address>0x5066</run_address>
         <size>0x716</size>
         <input_file_ref idref="fl-86"/>
      </object_component>
      <object_component id="oc-33">
         <name>.debug_info</name>
         <load_address>0x577c</load_address>
         <run_address>0x577c</run_address>
         <size>0x6e8</size>
         <input_file_ref idref="fl-87"/>
      </object_component>
      <object_component id="oc-36">
         <name>.debug_info</name>
         <load_address>0x5e64</load_address>
         <run_address>0x5e64</run_address>
         <size>0x932</size>
         <input_file_ref idref="fl-88"/>
      </object_component>
      <object_component id="oc-3b">
         <name>.debug_info</name>
         <load_address>0x6796</load_address>
         <run_address>0x6796</run_address>
         <size>0x675</size>
         <input_file_ref idref="fl-89"/>
      </object_component>
      <object_component id="oc-3e">
         <name>.debug_info</name>
         <load_address>0x6e0b</load_address>
         <run_address>0x6e0b</run_address>
         <size>0x682</size>
         <input_file_ref idref="fl-8a"/>
      </object_component>
      <object_component id="oc-41">
         <name>.debug_info</name>
         <load_address>0x748d</load_address>
         <run_address>0x748d</run_address>
         <size>0x71b</size>
         <input_file_ref idref="fl-8b"/>
      </object_component>
      <object_component id="oc-44">
         <name>.debug_info</name>
         <load_address>0x7ba8</load_address>
         <run_address>0x7ba8</run_address>
         <size>0x712</size>
         <input_file_ref idref="fl-8c"/>
      </object_component>
      <object_component id="oc-47">
         <name>.debug_info</name>
         <load_address>0x82ba</load_address>
         <run_address>0x82ba</run_address>
         <size>0x8e9</size>
         <input_file_ref idref="fl-8d"/>
      </object_component>
      <object_component id="oc-4a">
         <name>.debug_info</name>
         <load_address>0x8ba3</load_address>
         <run_address>0x8ba3</run_address>
         <size>0x6d6</size>
         <input_file_ref idref="fl-8e"/>
      </object_component>
      <object_component id="oc-4d">
         <name>.debug_info</name>
         <load_address>0x9279</load_address>
         <run_address>0x9279</run_address>
         <size>0x761</size>
         <input_file_ref idref="fl-8f"/>
      </object_component>
      <object_component id="oc-50">
         <name>.debug_info</name>
         <load_address>0x99da</load_address>
         <run_address>0x99da</run_address>
         <size>0x857</size>
         <input_file_ref idref="fl-90"/>
      </object_component>
      <object_component id="oc-53">
         <name>.debug_info</name>
         <load_address>0xa231</load_address>
         <run_address>0xa231</run_address>
         <size>0x727</size>
         <input_file_ref idref="fl-91"/>
      </object_component>
      <object_component id="oc-56">
         <name>.debug_info</name>
         <load_address>0xa958</load_address>
         <run_address>0xa958</run_address>
         <size>0x763</size>
         <input_file_ref idref="fl-92"/>
      </object_component>
      <object_component id="oc-59">
         <name>.debug_info</name>
         <load_address>0xb0bb</load_address>
         <run_address>0xb0bb</run_address>
         <size>0x110</size>
         <input_file_ref idref="fl-93"/>
      </object_component>
      <object_component id="oc-5c">
         <name>.debug_info</name>
         <load_address>0xb1cb</load_address>
         <run_address>0xb1cb</run_address>
         <size>0x6b8</size>
         <input_file_ref idref="fl-94"/>
      </object_component>
      <object_component id="oc-5f">
         <name>.debug_info</name>
         <load_address>0xb883</load_address>
         <run_address>0xb883</run_address>
         <size>0x64e</size>
         <input_file_ref idref="fl-95"/>
      </object_component>
      <object_component id="oc-62">
         <name>.debug_info</name>
         <load_address>0xbed1</load_address>
         <run_address>0xbed1</run_address>
         <size>0x7a0</size>
         <input_file_ref idref="fl-96"/>
      </object_component>
      <object_component id="oc-65">
         <name>.debug_info</name>
         <load_address>0xc671</load_address>
         <run_address>0xc671</run_address>
         <size>0x6d7</size>
         <input_file_ref idref="fl-97"/>
      </object_component>
      <object_component id="oc-6c">
         <name>.debug_info</name>
         <load_address>0xcd48</load_address>
         <run_address>0xcd48</run_address>
         <size>0xcc6</size>
         <input_file_ref idref="fl-98"/>
      </object_component>
      <object_component id="oc-71">
         <name>.debug_info</name>
         <load_address>0xda0e</load_address>
         <run_address>0xda0e</run_address>
         <size>0xfac</size>
         <input_file_ref idref="fl-99"/>
      </object_component>
      <object_component id="oc-77">
         <name>.debug_info</name>
         <load_address>0xe9ba</load_address>
         <run_address>0xe9ba</run_address>
         <size>0xd57</size>
         <input_file_ref idref="fl-9a"/>
      </object_component>
      <object_component id="oc-7e">
         <name>.debug_info</name>
         <load_address>0xf711</load_address>
         <run_address>0xf711</run_address>
         <size>0xbbd</size>
         <input_file_ref idref="fl-9b"/>
      </object_component>
      <object_component id="oc-85">
         <name>.debug_info</name>
         <load_address>0x102ce</load_address>
         <run_address>0x102ce</run_address>
         <size>0xba3</size>
         <input_file_ref idref="fl-9c"/>
      </object_component>
      <object_component id="oc-8c">
         <name>.debug_info</name>
         <load_address>0x10e71</load_address>
         <run_address>0x10e71</run_address>
         <size>0x78a</size>
         <input_file_ref idref="fl-9d"/>
      </object_component>
      <object_component id="oc-91">
         <name>.debug_info</name>
         <load_address>0x115fb</load_address>
         <run_address>0x115fb</run_address>
         <size>0x641</size>
         <input_file_ref idref="fl-9e"/>
      </object_component>
      <object_component id="oc-97">
         <name>.debug_info</name>
         <load_address>0x11c3c</load_address>
         <run_address>0x11c3c</run_address>
         <size>0x7c2</size>
         <input_file_ref idref="fl-9f"/>
      </object_component>
      <object_component id="oc-9a">
         <name>.debug_info</name>
         <load_address>0x123fe</load_address>
         <run_address>0x123fe</run_address>
         <size>0x107</size>
         <input_file_ref idref="fl-a0"/>
      </object_component>
      <object_component id="oc-9e">
         <name>.debug_info</name>
         <load_address>0x12505</load_address>
         <run_address>0x12505</run_address>
         <size>0x730</size>
         <input_file_ref idref="fl-a1"/>
      </object_component>
      <object_component id="oc-a1">
         <name>.debug_info</name>
         <load_address>0x12c35</load_address>
         <run_address>0x12c35</run_address>
         <size>0x730</size>
         <input_file_ref idref="fl-a2"/>
      </object_component>
      <object_component id="oc-e7">
         <name>.debug_info</name>
         <load_address>0x13365</load_address>
         <run_address>0x13365</run_address>
         <size>0x6e</size>
      </object_component>
      <object_component id="oc-12">
         <name>.debug_frame</name>
         <load_address>0x0</load_address>
         <run_address>0x0</run_address>
         <size>0x360</size>
         <input_file_ref idref="fl-2"/>
      </object_component>
      <object_component id="oc-18">
         <name>.debug_frame</name>
         <load_address>0x360</load_address>
         <run_address>0x360</run_address>
         <size>0x268</size>
         <input_file_ref idref="fl-3"/>
      </object_component>
      <object_component id="oc-79">
         <name>.debug_frame</name>
         <load_address>0x5c8</load_address>
         <run_address>0x5c8</run_address>
         <size>0x1d4</size>
         <input_file_ref idref="fl-9a"/>
      </object_component>
      <object_component id="oc-80">
         <name>.debug_frame</name>
         <load_address>0x79c</load_address>
         <run_address>0x79c</run_address>
         <size>0x134</size>
         <input_file_ref idref="fl-9b"/>
      </object_component>
      <object_component id="oc-87">
         <name>.debug_frame</name>
         <load_address>0x8d0</load_address>
         <run_address>0x8d0</run_address>
         <size>0x174</size>
         <input_file_ref idref="fl-9c"/>
      </object_component>
      <object_component id="oc-8e">
         <name>.debug_frame</name>
         <load_address>0xa44</load_address>
         <run_address>0xa44</run_address>
         <size>0x130</size>
         <input_file_ref idref="fl-9d"/>
      </object_component>
      <object_component id="oc-93">
         <name>.debug_frame</name>
         <load_address>0xb74</load_address>
         <run_address>0xb74</run_address>
         <size>0x14c</size>
         <input_file_ref idref="fl-9e"/>
      </object_component>
      <object_component id="oc-99">
         <name>.debug_frame</name>
         <load_address>0xcc0</load_address>
         <run_address>0xcc0</run_address>
         <size>0x190</size>
         <input_file_ref idref="fl-9f"/>
      </object_component>
      <object_component id="oc-13">
         <name>.debug_line</name>
         <load_address>0x0</load_address>
         <run_address>0x0</run_address>
         <size>0x158</size>
         <input_file_ref idref="fl-2"/>
      </object_component>
      <object_component id="oc-19">
         <name>.debug_line</name>
         <load_address>0x158</load_address>
         <run_address>0x158</run_address>
         <size>0xa2</size>
         <input_file_ref idref="fl-3"/>
      </object_component>
      <object_component id="oc-1d">
         <name>.debug_line</name>
         <load_address>0x1fa</load_address>
         <run_address>0x1fa</run_address>
         <size>0x3d</size>
         <input_file_ref idref="fl-80"/>
      </object_component>
      <object_component id="oc-20">
         <name>.debug_line</name>
         <load_address>0x237</load_address>
         <run_address>0x237</run_address>
         <size>0x5a</size>
         <input_file_ref idref="fl-81"/>
      </object_component>
      <object_component id="oc-25">
         <name>.debug_line</name>
         <load_address>0x291</load_address>
         <run_address>0x291</run_address>
         <size>0x4f</size>
         <input_file_ref idref="fl-82"/>
      </object_component>
      <object_component id="oc-28">
         <name>.debug_line</name>
         <load_address>0x2e0</load_address>
         <run_address>0x2e0</run_address>
         <size>0x3d</size>
         <input_file_ref idref="fl-83"/>
      </object_component>
      <object_component id="oc-2b">
         <name>.debug_line</name>
         <load_address>0x31d</load_address>
         <run_address>0x31d</run_address>
         <size>0x3d</size>
         <input_file_ref idref="fl-84"/>
      </object_component>
      <object_component id="oc-2e">
         <name>.debug_line</name>
         <load_address>0x35a</load_address>
         <run_address>0x35a</run_address>
         <size>0x3e</size>
         <input_file_ref idref="fl-85"/>
      </object_component>
      <object_component id="oc-31">
         <name>.debug_line</name>
         <load_address>0x398</load_address>
         <run_address>0x398</run_address>
         <size>0x3c</size>
         <input_file_ref idref="fl-86"/>
      </object_component>
      <object_component id="oc-34">
         <name>.debug_line</name>
         <load_address>0x3d4</load_address>
         <run_address>0x3d4</run_address>
         <size>0x3d</size>
         <input_file_ref idref="fl-87"/>
      </object_component>
      <object_component id="oc-39">
         <name>.debug_line</name>
         <load_address>0x411</load_address>
         <run_address>0x411</run_address>
         <size>0x54</size>
         <input_file_ref idref="fl-88"/>
      </object_component>
      <object_component id="oc-3c">
         <name>.debug_line</name>
         <load_address>0x465</load_address>
         <run_address>0x465</run_address>
         <size>0x37</size>
         <input_file_ref idref="fl-89"/>
      </object_component>
      <object_component id="oc-3f">
         <name>.debug_line</name>
         <load_address>0x49c</load_address>
         <run_address>0x49c</run_address>
         <size>0x38</size>
         <input_file_ref idref="fl-8a"/>
      </object_component>
      <object_component id="oc-42">
         <name>.debug_line</name>
         <load_address>0x4d4</load_address>
         <run_address>0x4d4</run_address>
         <size>0x3c</size>
         <input_file_ref idref="fl-8b"/>
      </object_component>
      <object_component id="oc-45">
         <name>.debug_line</name>
         <load_address>0x510</load_address>
         <run_address>0x510</run_address>
         <size>0x41</size>
         <input_file_ref idref="fl-8c"/>
      </object_component>
      <object_component id="oc-48">
         <name>.debug_line</name>
         <load_address>0x551</load_address>
         <run_address>0x551</run_address>
         <size>0x47</size>
         <input_file_ref idref="fl-8d"/>
      </object_component>
      <object_component id="oc-4b">
         <name>.debug_line</name>
         <load_address>0x598</load_address>
         <run_address>0x598</run_address>
         <size>0x37</size>
         <input_file_ref idref="fl-8e"/>
      </object_component>
      <object_component id="oc-4e">
         <name>.debug_line</name>
         <load_address>0x5cf</load_address>
         <run_address>0x5cf</run_address>
         <size>0x45</size>
         <input_file_ref idref="fl-8f"/>
      </object_component>
      <object_component id="oc-51">
         <name>.debug_line</name>
         <load_address>0x614</load_address>
         <run_address>0x614</run_address>
         <size>0x44</size>
         <input_file_ref idref="fl-90"/>
      </object_component>
      <object_component id="oc-54">
         <name>.debug_line</name>
         <load_address>0x658</load_address>
         <run_address>0x658</run_address>
         <size>0x3f</size>
         <input_file_ref idref="fl-91"/>
      </object_component>
      <object_component id="oc-57">
         <name>.debug_line</name>
         <load_address>0x697</load_address>
         <run_address>0x697</run_address>
         <size>0x3a</size>
         <input_file_ref idref="fl-92"/>
      </object_component>
      <object_component id="oc-5a">
         <name>.debug_line</name>
         <load_address>0x6d1</load_address>
         <run_address>0x6d1</run_address>
         <size>0x4f</size>
         <input_file_ref idref="fl-93"/>
      </object_component>
      <object_component id="oc-5d">
         <name>.debug_line</name>
         <load_address>0x720</load_address>
         <run_address>0x720</run_address>
         <size>0x37</size>
         <input_file_ref idref="fl-94"/>
      </object_component>
      <object_component id="oc-60">
         <name>.debug_line</name>
         <load_address>0x757</load_address>
         <run_address>0x757</run_address>
         <size>0x37</size>
         <input_file_ref idref="fl-95"/>
      </object_component>
      <object_component id="oc-63">
         <name>.debug_line</name>
         <load_address>0x78e</load_address>
         <run_address>0x78e</run_address>
         <size>0x53</size>
         <input_file_ref idref="fl-96"/>
      </object_component>
      <object_component id="oc-66">
         <name>.debug_line</name>
         <load_address>0x7e1</load_address>
         <run_address>0x7e1</run_address>
         <size>0x3a</size>
         <input_file_ref idref="fl-97"/>
      </object_component>
      <object_component id="oc-6d">
         <name>.debug_line</name>
         <load_address>0x81b</load_address>
         <run_address>0x81b</run_address>
         <size>0x109</size>
         <input_file_ref idref="fl-98"/>
      </object_component>
      <object_component id="oc-72">
         <name>.debug_line</name>
         <load_address>0x924</load_address>
         <run_address>0x924</run_address>
         <size>0x13f</size>
         <input_file_ref idref="fl-99"/>
      </object_component>
      <object_component id="oc-78">
         <name>.debug_line</name>
         <load_address>0xa63</load_address>
         <run_address>0xa63</run_address>
         <size>0x102</size>
         <input_file_ref idref="fl-9a"/>
      </object_component>
      <object_component id="oc-7f">
         <name>.debug_line</name>
         <load_address>0xb65</load_address>
         <run_address>0xb65</run_address>
         <size>0x72</size>
         <input_file_ref idref="fl-9b"/>
      </object_component>
      <object_component id="oc-86">
         <name>.debug_line</name>
         <load_address>0xbd7</load_address>
         <run_address>0xbd7</run_address>
         <size>0xa7</size>
         <input_file_ref idref="fl-9c"/>
      </object_component>
      <object_component id="oc-8d">
         <name>.debug_line</name>
         <load_address>0xc7e</load_address>
         <run_address>0xc7e</run_address>
         <size>0x69</size>
         <input_file_ref idref="fl-9d"/>
      </object_component>
      <object_component id="oc-92">
         <name>.debug_line</name>
         <load_address>0xce7</load_address>
         <run_address>0xce7</run_address>
         <size>0x5e</size>
         <input_file_ref idref="fl-9e"/>
      </object_component>
      <object_component id="oc-98">
         <name>.debug_line</name>
         <load_address>0xd45</load_address>
         <run_address>0xd45</run_address>
         <size>0xa0</size>
         <input_file_ref idref="fl-9f"/>
      </object_component>
      <object_component id="oc-9b">
         <name>.debug_line</name>
         <load_address>0xde5</load_address>
         <run_address>0xde5</run_address>
         <size>0x48</size>
         <input_file_ref idref="fl-a0"/>
      </object_component>
      <object_component id="oc-9f">
         <name>.debug_line</name>
         <load_address>0xe2d</load_address>
         <run_address>0xe2d</run_address>
         <size>0x5a</size>
         <input_file_ref idref="fl-a1"/>
      </object_component>
      <object_component id="oc-a2">
         <name>.debug_line</name>
         <load_address>0xe87</load_address>
         <run_address>0xe87</run_address>
         <size>0x5a</size>
         <input_file_ref idref="fl-a2"/>
      </object_component>
      <object_component id="oc-14">
         <name>.debug_abbrev</name>
         <load_address>0x0</load_address>
         <run_address>0x0</run_address>
         <size>0x18e</size>
         <input_file_ref idref="fl-2"/>
      </object_component>
      <object_component id="oc-1a">
         <name>.debug_abbrev</name>
         <load_address>0x18e</load_address>
         <run_address>0x18e</run_address>
         <size>0xe7</size>
         <input_file_ref idref="fl-3"/>
      </object_component>
      <object_component id="oc-1e">
         <name>.debug_abbrev</name>
         <load_address>0x275</load_address>
         <run_address>0x275</run_address>
         <size>0xfe</size>
         <input_file_ref idref="fl-80"/>
      </object_component>
      <object_component id="oc-21">
         <name>.debug_abbrev</name>
         <load_address>0x373</load_address>
         <run_address>0x373</run_address>
         <size>0x112</size>
         <input_file_ref idref="fl-81"/>
      </object_component>
      <object_component id="oc-26">
         <name>.debug_abbrev</name>
         <load_address>0x485</load_address>
         <run_address>0x485</run_address>
         <size>0x119</size>
         <input_file_ref idref="fl-82"/>
      </object_component>
      <object_component id="oc-29">
         <name>.debug_abbrev</name>
         <load_address>0x59e</load_address>
         <run_address>0x59e</run_address>
         <size>0xac</size>
         <input_file_ref idref="fl-83"/>
      </object_component>
      <object_component id="oc-2c">
         <name>.debug_abbrev</name>
         <load_address>0x64a</load_address>
         <run_address>0x64a</run_address>
         <size>0xc3</size>
         <input_file_ref idref="fl-84"/>
      </object_component>
      <object_component id="oc-2f">
         <name>.debug_abbrev</name>
         <load_address>0x70d</load_address>
         <run_address>0x70d</run_address>
         <size>0x9a</size>
         <input_file_ref idref="fl-85"/>
      </object_component>
      <object_component id="oc-32">
         <name>.debug_abbrev</name>
         <load_address>0x7a7</load_address>
         <run_address>0x7a7</run_address>
         <size>0xda</size>
         <input_file_ref idref="fl-86"/>
      </object_component>
      <object_component id="oc-35">
         <name>.debug_abbrev</name>
         <load_address>0x881</load_address>
         <run_address>0x881</run_address>
         <size>0xa3</size>
         <input_file_ref idref="fl-87"/>
      </object_component>
      <object_component id="oc-3a">
         <name>.debug_abbrev</name>
         <load_address>0x924</load_address>
         <run_address>0x924</run_address>
         <size>0xcc</size>
         <input_file_ref idref="fl-88"/>
      </object_component>
      <object_component id="oc-3d">
         <name>.debug_abbrev</name>
         <load_address>0x9f0</load_address>
         <run_address>0x9f0</run_address>
         <size>0x8f</size>
         <input_file_ref idref="fl-89"/>
      </object_component>
      <object_component id="oc-40">
         <name>.debug_abbrev</name>
         <load_address>0xa7f</load_address>
         <run_address>0xa7f</run_address>
         <size>0xaf</size>
         <input_file_ref idref="fl-8a"/>
      </object_component>
      <object_component id="oc-43">
         <name>.debug_abbrev</name>
         <load_address>0xb2e</load_address>
         <run_address>0xb2e</run_address>
         <size>0xda</size>
         <input_file_ref idref="fl-8b"/>
      </object_component>
      <object_component id="oc-46">
         <name>.debug_abbrev</name>
         <load_address>0xc08</load_address>
         <run_address>0xc08</run_address>
         <size>0xe1</size>
         <input_file_ref idref="fl-8c"/>
      </object_component>
      <object_component id="oc-49">
         <name>.debug_abbrev</name>
         <load_address>0xce9</load_address>
         <run_address>0xce9</run_address>
         <size>0x13f</size>
         <input_file_ref idref="fl-8d"/>
      </object_component>
      <object_component id="oc-4c">
         <name>.debug_abbrev</name>
         <load_address>0xe28</load_address>
         <run_address>0xe28</run_address>
         <size>0xac</size>
         <input_file_ref idref="fl-8e"/>
      </object_component>
      <object_component id="oc-4f">
         <name>.debug_abbrev</name>
         <load_address>0xed4</load_address>
         <run_address>0xed4</run_address>
         <size>0xdd</size>
         <input_file_ref idref="fl-8f"/>
      </object_component>
      <object_component id="oc-52">
         <name>.debug_abbrev</name>
         <load_address>0xfb1</load_address>
         <run_address>0xfb1</run_address>
         <size>0x10c</size>
         <input_file_ref idref="fl-90"/>
      </object_component>
      <object_component id="oc-55">
         <name>.debug_abbrev</name>
         <load_address>0x10bd</load_address>
         <run_address>0x10bd</run_address>
         <size>0xda</size>
         <input_file_ref idref="fl-91"/>
      </object_component>
      <object_component id="oc-58">
         <name>.debug_abbrev</name>
         <load_address>0x1197</load_address>
         <run_address>0x1197</run_address>
         <size>0xcc</size>
         <input_file_ref idref="fl-92"/>
      </object_component>
      <object_component id="oc-5b">
         <name>.debug_abbrev</name>
         <load_address>0x1263</load_address>
         <run_address>0x1263</run_address>
         <size>0x3b</size>
         <input_file_ref idref="fl-93"/>
      </object_component>
      <object_component id="oc-5e">
         <name>.debug_abbrev</name>
         <load_address>0x129e</load_address>
         <run_address>0x129e</run_address>
         <size>0xaf</size>
         <input_file_ref idref="fl-94"/>
      </object_component>
      <object_component id="oc-61">
         <name>.debug_abbrev</name>
         <load_address>0x134d</load_address>
         <run_address>0x134d</run_address>
         <size>0x81</size>
         <input_file_ref idref="fl-95"/>
      </object_component>
      <object_component id="oc-64">
         <name>.debug_abbrev</name>
         <load_address>0x13ce</load_address>
         <run_address>0x13ce</run_address>
         <size>0xe9</size>
         <input_file_ref idref="fl-96"/>
      </object_component>
      <object_component id="oc-67">
         <name>.debug_abbrev</name>
         <load_address>0x14b7</load_address>
         <run_address>0x14b7</run_address>
         <size>0xaf</size>
         <input_file_ref idref="fl-97"/>
      </object_component>
      <object_component id="oc-6b">
         <name>.debug_abbrev</name>
         <load_address>0x1566</load_address>
         <run_address>0x1566</run_address>
         <size>0x1b7</size>
         <input_file_ref idref="fl-98"/>
      </object_component>
      <object_component id="oc-70">
         <name>.debug_abbrev</name>
         <load_address>0x171d</load_address>
         <run_address>0x171d</run_address>
         <size>0x1a3</size>
         <input_file_ref idref="fl-99"/>
      </object_component>
      <object_component id="oc-76">
         <name>.debug_abbrev</name>
         <load_address>0x18c0</load_address>
         <run_address>0x18c0</run_address>
         <size>0x162</size>
         <input_file_ref idref="fl-9a"/>
      </object_component>
      <object_component id="oc-7d">
         <name>.debug_abbrev</name>
         <load_address>0x1a22</load_address>
         <run_address>0x1a22</run_address>
         <size>0x11c</size>
         <input_file_ref idref="fl-9b"/>
      </object_component>
      <object_component id="oc-84">
         <name>.debug_abbrev</name>
         <load_address>0x1b3e</load_address>
         <run_address>0x1b3e</run_address>
         <size>0x154</size>
         <input_file_ref idref="fl-9c"/>
      </object_component>
      <object_component id="oc-8b">
         <name>.debug_abbrev</name>
         <load_address>0x1c92</load_address>
         <run_address>0x1c92</run_address>
         <size>0xf0</size>
         <input_file_ref idref="fl-9d"/>
      </object_component>
      <object_component id="oc-90">
         <name>.debug_abbrev</name>
         <load_address>0x1d82</load_address>
         <run_address>0x1d82</run_address>
         <size>0xd7</size>
         <input_file_ref idref="fl-9e"/>
      </object_component>
      <object_component id="oc-96">
         <name>.debug_abbrev</name>
         <load_address>0x1e59</load_address>
         <run_address>0x1e59</run_address>
         <size>0xc8</size>
         <input_file_ref idref="fl-9f"/>
      </object_component>
      <object_component id="oc-9c">
         <name>.debug_abbrev</name>
         <load_address>0x1f21</load_address>
         <run_address>0x1f21</run_address>
         <size>0x3b</size>
         <input_file_ref idref="fl-a0"/>
      </object_component>
      <object_component id="oc-9d">
         <name>.debug_abbrev</name>
         <load_address>0x1f5c</load_address>
         <run_address>0x1f5c</run_address>
         <size>0xe0</size>
         <input_file_ref idref="fl-a1"/>
      </object_component>
      <object_component id="oc-a0">
         <name>.debug_abbrev</name>
         <load_address>0x203c</load_address>
         <run_address>0x203c</run_address>
         <size>0xe0</size>
         <input_file_ref idref="fl-a2"/>
      </object_component>
      <object_component id="oc-e8">
         <name>.debug_abbrev</name>
         <load_address>0x211c</load_address>
         <run_address>0x211c</run_address>
         <size>0xd</size>
      </object_component>
   </object_component_list>
   <logical_group_list>
      <logical_group id="lg-2">
         <name>.EXT_RAM</name>
         <run_address>0x0</run_address>
         <size>0x0</size>
         <contents>
         </contents>
      </logical_group>
      <logical_group id="lg-3">
         <name>.vectors</name>
         <run_address>0x0</run_address>
         <size>0x0</size>
         <contents>
         </contents>
      </logical_group>
      <logical_group id="lg-4">
         <name>.text</name>
         <load_address>0x220</load_address>
         <run_address>0x220</run_address>
         <size>0x3e00</size>
         <contents>
            <object_component_ref idref="oc-b6"/>
            <object_component_ref idref="oc-b8"/>
            <object_component_ref idref="oc-ba"/>
            <object_component_ref idref="oc-b3"/>
            <object_component_ref idref="oc-73"/>
            <object_component_ref idref="oc-b9"/>
            <object_component_ref idref="oc-cf"/>
            <object_component_ref idref="oc-c7"/>
            <object_component_ref idref="oc-7a"/>
            <object_component_ref idref="oc-81"/>
            <object_component_ref idref="oc-be"/>
            <object_component_ref idref="oc-b5"/>
            <object_component_ref idref="oc-94"/>
            <object_component_ref idref="oc-c8"/>
            <object_component_ref idref="oc-c5"/>
            <object_component_ref idref="oc-c4"/>
            <object_component_ref idref="oc-88"/>
            <object_component_ref idref="oc-a9"/>
            <object_component_ref idref="oc-ab"/>
            <object_component_ref idref="oc-a3"/>
            <object_component_ref idref="oc-c6"/>
            <object_component_ref idref="oc-b1"/>
            <object_component_ref idref="oc-ca"/>
            <object_component_ref idref="oc-aa"/>
            <object_component_ref idref="oc-a6"/>
            <object_component_ref idref="oc-a5"/>
            <object_component_ref idref="oc-cd"/>
            <object_component_ref idref="oc-a8"/>
            <object_component_ref idref="oc-a7"/>
            <object_component_ref idref="oc-d0"/>
            <object_component_ref idref="oc-b0"/>
            <object_component_ref idref="oc-b2"/>
            <object_component_ref idref="oc-bb"/>
            <object_component_ref idref="oc-ce"/>
            <object_component_ref idref="oc-8f"/>
            <object_component_ref idref="oc-b7"/>
            <object_component_ref idref="oc-e"/>
            <object_component_ref idref="oc-bf"/>
            <object_component_ref idref="oc-a4"/>
            <object_component_ref idref="oc-cc"/>
            <object_component_ref idref="oc-cb"/>
            <object_component_ref idref="oc-c2"/>
            <object_component_ref idref="oc-bc"/>
            <object_component_ref idref="oc-c0"/>
            <object_component_ref idref="oc-c1"/>
            <object_component_ref idref="oc-bd"/>
            <object_component_ref idref="oc-ad"/>
            <object_component_ref idref="oc-ac"/>
            <object_component_ref idref="oc-af"/>
            <object_component_ref idref="oc-ae"/>
            <object_component_ref idref="oc-c9"/>
            <object_component_ref idref="oc-b4"/>
            <object_component_ref idref="oc-68"/>
         </contents>
      </logical_group>
      <logical_group id="lg-5">
         <name>.bss</name>
         <run_address>0x220</run_address>
         <size>0x0</size>
         <contents>
         </contents>
      </logical_group>
      <logical_group id="lg-6">
         <name>.cinit</name>
         <load_address>0x4c88</load_address>
         <run_address>0x4c88</run_address>
         <size>0x314</size>
         <contents>
            <object_component_ref idref="oc-69"/>
            <object_component_ref idref="oc-6e"/>
            <object_component_ref idref="oc-10"/>
            <object_component_ref idref="oc-37"/>
            <object_component_ref idref="oc-23"/>
            <object_component_ref idref="oc-16"/>
            <object_component_ref idref="oc-89"/>
            <object_component_ref idref="oc-82"/>
         </contents>
      </logical_group>
      <logical_group id="lg-7">
         <name>.stack</name>
         <run_address>0x4888</run_address>
         <size>0x400</size>
         <contents>
            <object_component_ref idref="oc-1c"/>
            <object_component_ref idref="oc-e6"/>
         </contents>
      </logical_group>
      <logical_group id="lg-8">
         <name>.sysmem</name>
         <run_address>0x0</run_address>
         <size>0x0</size>
         <contents>
         </contents>
      </logical_group>
      <logical_group id="lg-9">
         <name>.const</name>
         <load_address>0x4fa0</load_address>
         <run_address>0x4fa0</run_address>
         <size>0x138</size>
         <contents>
            <object_component_ref idref="oc-75"/>
            <object_component_ref idref="oc-7c"/>
            <object_component_ref idref="oc-c3"/>
         </contents>
      </logical_group>
      <logical_group id="lg-a">
         <name>.switch</name>
         <run_address>0x0</run_address>
         <size>0x0</size>
         <contents>
         </contents>
      </logical_group>
      <logical_group id="lg-b">
         <name>.far</name>
         <run_address>0x4020</run_address>
         <size>0x862</size>
         <contents>
            <object_component_ref idref="oc-11"/>
            <object_component_ref idref="oc-17"/>
            <object_component_ref idref="oc-24"/>
            <object_component_ref idref="oc-38"/>
            <object_component_ref idref="oc-6a"/>
            <object_component_ref idref="oc-6f"/>
            <object_component_ref idref="oc-74"/>
            <object_component_ref idref="oc-7b"/>
            <object_component_ref idref="oc-83"/>
            <object_component_ref idref="oc-8a"/>
            <object_component_ref idref="oc-95"/>
         </contents>
      </logical_group>
      <logical_group id="lg-c">
         <name>.cio</name>
         <run_address>0x0</run_address>
         <size>0x0</size>
         <contents>
         </contents>
      </logical_group>
      <logical_group id="lg-d">
         <name>.csldata</name>
         <run_address>0x0</run_address>
         <size>0x0</size>
         <contents>
         </contents>
      </logical_group>
      <logical_group id="lg-dd">
         <name>.debug_info</name>
         <load_address>0x0</load_address>
         <run_address>0x0</run_address>
         <size>0x133d3</size>
         <contents>
            <object_component_ref idref="oc-f"/>
            <object_component_ref idref="oc-15"/>
            <object_component_ref idref="oc-1b"/>
            <object_component_ref idref="oc-1f"/>
            <object_component_ref idref="oc-22"/>
            <object_component_ref idref="oc-27"/>
            <object_component_ref idref="oc-2a"/>
            <object_component_ref idref="oc-2d"/>
            <object_component_ref idref="oc-30"/>
            <object_component_ref idref="oc-33"/>
            <object_component_ref idref="oc-36"/>
            <object_component_ref idref="oc-3b"/>
            <object_component_ref idref="oc-3e"/>
            <object_component_ref idref="oc-41"/>
            <object_component_ref idref="oc-44"/>
            <object_component_ref idref="oc-47"/>
            <object_component_ref idref="oc-4a"/>
            <object_component_ref idref="oc-4d"/>
            <object_component_ref idref="oc-50"/>
            <object_component_ref idref="oc-53"/>
            <object_component_ref idref="oc-56"/>
            <object_component_ref idref="oc-59"/>
            <object_component_ref idref="oc-5c"/>
            <object_component_ref idref="oc-5f"/>
            <object_component_ref idref="oc-62"/>
            <object_component_ref idref="oc-65"/>
            <object_component_ref idref="oc-6c"/>
            <object_component_ref idref="oc-71"/>
            <object_component_ref idref="oc-77"/>
            <object_component_ref idref="oc-7e"/>
            <object_component_ref idref="oc-85"/>
            <object_component_ref idref="oc-8c"/>
            <object_component_ref idref="oc-91"/>
            <object_component_ref idref="oc-97"/>
            <object_component_ref idref="oc-9a"/>
            <object_component_ref idref="oc-9e"/>
            <object_component_ref idref="oc-a1"/>
            <object_component_ref idref="oc-e7"/>
         </contents>
      </logical_group>
      <logical_group id="lg-df">
         <name>.debug_frame</name>
         <load_address>0x0</load_address>
         <run_address>0x0</run_address>
         <size>0xe50</size>
         <contents>
            <object_component_ref idref="oc-12"/>
            <object_component_ref idref="oc-18"/>
            <object_component_ref idref="oc-79"/>
            <object_component_ref idref="oc-80"/>
            <object_component_ref idref="oc-87"/>
            <object_component_ref idref="oc-8e"/>
            <object_component_ref idref="oc-93"/>
            <object_component_ref idref="oc-99"/>
         </contents>
      </logical_group>
      <logical_group id="lg-e1">
         <name>.debug_line</name>
         <load_address>0x0</load_address>
         <run_address>0x0</run_address>
         <size>0xee1</size>
         <contents>
            <object_component_ref idref="oc-13"/>
            <object_component_ref idref="oc-19"/>
            <object_component_ref idref="oc-1d"/>
            <object_component_ref idref="oc-20"/>
            <object_component_ref idref="oc-25"/>
            <object_component_ref idref="oc-28"/>
            <object_component_ref idref="oc-2b"/>
            <object_component_ref idref="oc-2e"/>
            <object_component_ref idref="oc-31"/>
            <object_component_ref idref="oc-34"/>
            <object_component_ref idref="oc-39"/>
            <object_component_ref idref="oc-3c"/>
            <object_component_ref idref="oc-3f"/>
            <object_component_ref idref="oc-42"/>
            <object_component_ref idref="oc-45"/>
            <object_component_ref idref="oc-48"/>
            <object_component_ref idref="oc-4b"/>
            <object_component_ref idref="oc-4e"/>
            <object_component_ref idref="oc-51"/>
            <object_component_ref idref="oc-54"/>
            <object_component_ref idref="oc-57"/>
            <object_component_ref idref="oc-5a"/>
            <object_component_ref idref="oc-5d"/>
            <object_component_ref idref="oc-60"/>
            <object_component_ref idref="oc-63"/>
            <object_component_ref idref="oc-66"/>
            <object_component_ref idref="oc-6d"/>
            <object_component_ref idref="oc-72"/>
            <object_component_ref idref="oc-78"/>
            <object_component_ref idref="oc-7f"/>
            <object_component_ref idref="oc-86"/>
            <object_component_ref idref="oc-8d"/>
            <object_component_ref idref="oc-92"/>
            <object_component_ref idref="oc-98"/>
            <object_component_ref idref="oc-9b"/>
            <object_component_ref idref="oc-9f"/>
            <object_component_ref idref="oc-a2"/>
         </contents>
      </logical_group>
      <logical_group id="lg-e3">
         <name>.debug_abbrev</name>
         <load_address>0x0</load_address>
         <run_address>0x0</run_address>
         <size>0x2129</size>
         <contents>
            <object_component_ref idref="oc-14"/>
            <object_component_ref idref="oc-1a"/>
            <object_component_ref idref="oc-1e"/>
            <object_component_ref idref="oc-21"/>
            <object_component_ref idref="oc-26"/>
            <object_component_ref idref="oc-29"/>
            <object_component_ref idref="oc-2c"/>
            <object_component_ref idref="oc-2f"/>
            <object_component_ref idref="oc-32"/>
            <object_component_ref idref="oc-35"/>
            <object_component_ref idref="oc-3a"/>
            <object_component_ref idref="oc-3d"/>
            <object_component_ref idref="oc-40"/>
            <object_component_ref idref="oc-43"/>
            <object_component_ref idref="oc-46"/>
            <object_component_ref idref="oc-49"/>
            <object_component_ref idref="oc-4c"/>
            <object_component_ref idref="oc-4f"/>
            <object_component_ref idref="oc-52"/>
            <object_component_ref idref="oc-55"/>
            <object_component_ref idref="oc-58"/>
            <object_component_ref idref="oc-5b"/>
            <object_component_ref idref="oc-5e"/>
            <object_component_ref idref="oc-61"/>
            <object_component_ref idref="oc-64"/>
            <object_component_ref idref="oc-67"/>
            <object_component_ref idref="oc-6b"/>
            <object_component_ref idref="oc-70"/>
            <object_component_ref idref="oc-76"/>
            <object_component_ref idref="oc-7d"/>
            <object_component_ref idref="oc-84"/>
            <object_component_ref idref="oc-8b"/>
            <object_component_ref idref="oc-90"/>
            <object_component_ref idref="oc-96"/>
            <object_component_ref idref="oc-9c"/>
            <object_component_ref idref="oc-9d"/>
            <object_component_ref idref="oc-a0"/>
            <object_component_ref idref="oc-e8"/>
         </contents>
      </logical_group>
   </logical_group_list>
   <placement_map>
      <memory_area>
         <name>IVECS</name>
         <page_id>0x0</page_id>
         <origin>0x0</origin>
         <length>0x220</length>
         <used_space>0x0</used_space>
         <unused_space>0x220</unused_space>
         <attributes>RWIX</attributes>
         <usage_details>
         </usage_details>
      </memory_area>
      <memory_area>
         <name>IRAM</name>
         <page_id>0x0</page_id>
         <origin>0x220</origin>
         <length>0x2fde0</length>
         <used_space>0x4eae</used_space>
         <unused_space>0x2af32</unused_space>
         <attributes>RWIX</attributes>
         <usage_details>
            <allocated_space>
               <start_address>0x220</start_address>
               <size>0x0</size>
               <logical_group_ref idref="lg-5"/>
            </allocated_space>
            <allocated_space>
               <start_address>0x220</start_address>
               <size>0x3e00</size>
               <logical_group_ref idref="lg-4"/>
            </allocated_space>
            <allocated_space>
               <start_address>0x4020</start_address>
               <size>0x862</size>
               <logical_group_ref idref="lg-b"/>
            </allocated_space>
            <available_space>
               <start_address>0x4882</start_address>
               <size>0x6</size>
            </available_space>
            <allocated_space>
               <start_address>0x4888</start_address>
               <size>0x400</size>
               <logical_group_ref idref="lg-7"/>
            </allocated_space>
            <allocated_space>
               <start_address>0x4c88</start_address>
               <size>0x314</size>
               <logical_group_ref idref="lg-6"/>
            </allocated_space>
            <available_space>
               <start_address>0x4f9c</start_address>
               <size>0x4</size>
            </available_space>
            <allocated_space>
               <start_address>0x4fa0</start_address>
               <size>0x138</size>
               <logical_group_ref idref="lg-9"/>
            </allocated_space>
            <available_space>
               <start_address>0x50d8</start_address>
               <size>0x2af28</size>
            </available_space>
         </usage_details>
      </memory_area>
      <memory_area>
         <name>SDRAM</name>
         <page_id>0x0</page_id>
         <origin>0x80000000</origin>
         <length>0x100000</length>
         <used_space>0x0</used_space>
         <unused_space>0x100000</unused_space>
         <attributes>RWIX</attributes>
         <usage_details>
         </usage_details>
      </memory_area>
      <memory_area>
         <name>FLASH</name>
         <page_id>0x0</page_id>
         <origin>0x90000000</origin>
         <length>0x20000</length>
         <used_space>0x0</used_space>
         <unused_space>0x20000</unused_space>
         <attributes>RWIX</attributes>
         <usage_details>
         </usage_details>
      </memory_area>
   </placement_map>
   <symbol_table>
      <symbol id="sm-0">
         <name>cinit</name>
         <value>0x4c88</value>
      </symbol>
      <symbol id="sm-1">
         <name>___cinit__</name>
         <value>0x4c88</value>
      </symbol>
      <symbol id="sm-2">
         <name>pinit</name>
         <value>0xffffffff</value>
      </symbol>
      <symbol id="sm-3">
         <name>___pinit__</name>
         <value>0xffffffff</value>
      </symbol>
      <symbol id="sm-4">
         <name>binit</name>
         <value>0xffffffff</value>
      </symbol>
      <symbol id="sm-5">
         <name>___binit__</name>
         <value>0xffffffff</value>
      </symbol>
      <symbol id="sm-6">
         <name>__STACK_SIZE</name>
         <value>0x400</value>
      </symbol>
      <symbol id="sm-7">
         <name>__STACK_END</name>
         <value>0x4c88</value>
      </symbol>
      <symbol id="sm-8">
         <name>___c_args__</name>
         <value>0xffffffff</value>
      </symbol>
      <symbol id="sm-9">
         <name>.text</name>
         <value>0x220</value>
      </symbol>
      <symbol id="sm-a">
         <name>___text__</name>
         <value>0x220</value>
      </symbol>
      <symbol id="sm-b">
         <name>etext</name>
         <value>0x4020</value>
      </symbol>
      <symbol id="sm-c">
         <name>___etext__</name>
         <value>0x4020</value>
      </symbol>
      <symbol id="sm-d">
         <name>.bss</name>
         <value>0x220</value>
      </symbol>
      <symbol id="sm-e">
         <name>___bss__</name>
         <value>0x220</value>
      </symbol>
      <symbol id="sm-f">
         <name>end</name>
         <value>0x220</value>
      </symbol>
      <symbol id="sm-10">
         <name>___end__</name>
         <value>0x220</value>
      </symbol>
      <symbol id="sm-11">
         <name>___TI_pprof_out_hndl</name>
         <value>0xffffffff</value>
      </symbol>
      <symbol id="sm-12">
         <name>___TI_prof_data_start</name>
         <value>0xffffffff</value>
      </symbol>
      <symbol id="sm-13">
         <name>___TI_prof_data_size</name>
         <value>0xffffffff</value>
      </symbol>
      <symbol id="sm-14">
         <name>$bss</name>
         <value>0x220</value>
      </symbol>
      <symbol id="sm-7d">
         <name>_comm_poll</name>
         <value>0x2c4</value>
         <object_component_ref idref="oc-b6"/>
      </symbol>
      <symbol id="sm-7e">
         <name>_output_left_sample</name>
         <value>0x4c4</value>
         <object_component_ref idref="oc-b6"/>
      </symbol>
      <symbol id="sm-7f">
         <name>_comm_intr</name>
         <value>0x2ec</value>
         <object_component_ref idref="oc-b6"/>
      </symbol>
      <symbol id="sm-80">
         <name>_input_left_sample</name>
         <value>0x708</value>
         <object_component_ref idref="oc-b6"/>
      </symbol>
      <symbol id="sm-81">
         <name>_output_sample</name>
         <value>0x3d8</value>
         <object_component_ref idref="oc-b6"/>
      </symbol>
      <symbol id="sm-82">
         <name>_c6416_dsk_init</name>
         <value>0x220</value>
         <object_component_ref idref="oc-b6"/>
      </symbol>
      <symbol id="sm-83">
         <name>_config</name>
         <value>0x4774</value>
         <object_component_ref idref="oc-11"/>
      </symbol>
      <symbol id="sm-84">
         <name>_input_right_sample</name>
         <value>0x7a8</value>
         <object_component_ref idref="oc-b6"/>
      </symbol>
      <symbol id="sm-85">
         <name>_AIC_data</name>
         <value>0x4730</value>
         <object_component_ref idref="oc-11"/>
      </symbol>
      <symbol id="sm-86">
         <name>_hAIC23_handle</name>
         <value>0x479c</value>
         <object_component_ref idref="oc-11"/>
      </symbol>
      <symbol id="sm-87">
         <name>_AIC23CfgData</name>
         <value>0x473c</value>
         <object_component_ref idref="oc-11"/>
      </symbol>
      <symbol id="sm-88">
         <name>_input_sample</name>
         <value>0x630</value>
         <object_component_ref idref="oc-b6"/>
      </symbol>
      <symbol id="sm-89">
         <name>_output_right_sample</name>
         <value>0x57c</value>
         <object_component_ref idref="oc-b6"/>
      </symbol>
      <symbol id="sm-cf">
         <name>_main</name>
         <value>0x1300</value>
         <object_component_ref idref="oc-b3"/>
      </symbol>
      <symbol id="sm-d0">
         <name>_gain</name>
         <value>0x402c</value>
         <object_component_ref idref="oc-17"/>
      </symbol>
      <symbol id="sm-d1">
         <name>_gBuffer</name>
         <value>0x4130</value>
         <object_component_ref idref="oc-17"/>
      </symbol>
      <symbol id="sm-d2">
         <name>_sintable_sum</name>
         <value>0x4030</value>
         <object_component_ref idref="oc-17"/>
      </symbol>
      <symbol id="sm-d3">
         <name>_fs</name>
         <value>0x4020</value>
         <object_component_ref idref="oc-17"/>
      </symbol>
      <symbol id="sm-d4">
         <name>_k</name>
         <value>0x4028</value>
         <object_component_ref idref="oc-17"/>
      </symbol>
      <symbol id="sm-d5">
         <name>_i</name>
         <value>0x4024</value>
         <object_component_ref idref="oc-17"/>
      </symbol>
      <symbol id="sm-e1">
         <name>_c_int00</name>
         <value>0x3d40</value>
         <object_component_ref idref="oc-e"/>
      </symbol>
      <symbol id="sm-e2">
         <name>__stack</name>
         <value>0x4888</value>
         <object_component_ref idref="oc-1c"/>
      </symbol>
      <symbol id="sm-ee">
         <name>__divd</name>
         <value>0x860</value>
         <object_component_ref idref="oc-b8"/>
      </symbol>
      <symbol id="sm-fe">
         <name>C$$EXIT</name>
         <value>0x3fe0</value>
         <object_component_ref idref="oc-b4"/>
      </symbol>
      <symbol id="sm-ff">
         <name>_exit</name>
         <value>0x36e0</value>
         <object_component_ref idref="oc-a5"/>
      </symbol>
      <symbol id="sm-100">
         <name>___TI_enable_exit_profile_output</name>
         <value>0x4874</value>
         <object_component_ref idref="oc-24"/>
      </symbol>
      <symbol id="sm-101">
         <name>_abort</name>
         <value>0x3fe0</value>
         <object_component_ref idref="oc-b4"/>
      </symbol>
      <symbol id="sm-102">
         <name>__cleanup_ptr</name>
         <value>0x486c</value>
         <object_component_ref idref="oc-24"/>
      </symbol>
      <symbol id="sm-103">
         <name>__dtors_ptr</name>
         <value>0x4870</value>
         <object_component_ref idref="oc-24"/>
      </symbol>
      <symbol id="sm-10d">
         <name>__fixdi</name>
         <value>0x3b60</value>
         <object_component_ref idref="oc-bb"/>
      </symbol>
      <symbol id="sm-117">
         <name>__fltid</name>
         <value>0x3ce0</value>
         <object_component_ref idref="oc-b7"/>
      </symbol>
      <symbol id="sm-121">
         <name>__frcmpyd_div</name>
         <value>0x2e20</value>
         <object_component_ref idref="oc-c4"/>
      </symbol>
      <symbol id="sm-12b">
         <name>__mpyd</name>
         <value>0x1ac0</value>
         <object_component_ref idref="oc-b9"/>
      </symbol>
      <symbol id="sm-135">
         <name>__mpyll</name>
         <value>0x3be0</value>
         <object_component_ref idref="oc-ce"/>
      </symbol>
      <symbol id="sm-143">
         <name>_sin</name>
         <value>0xe40</value>
         <object_component_ref idref="oc-ba"/>
      </symbol>
      <symbol id="sm-14d">
         <name>__subd</name>
         <value>0x3e60</value>
         <object_component_ref idref="oc-cb"/>
      </symbol>
      <symbol id="sm-157">
         <name>__trunc</name>
         <value>0x3fc0</value>
         <object_component_ref idref="oc-c9"/>
      </symbol>
      <symbol id="sm-161">
         <name>__addd</name>
         <value>0x1fc0</value>
         <object_component_ref idref="oc-c7"/>
      </symbol>
      <symbol id="sm-16b">
         <name>__args_main</name>
         <value>0x3de0</value>
         <object_component_ref idref="oc-a4"/>
      </symbol>
      <symbol id="sm-16c">
         <name>__TI_args_main</name>
         <value>0x1</value>
      </symbol>
      <symbol id="sm-176">
         <name>__auto_init</name>
         <value>0x31e0</value>
         <object_component_ref idref="oc-a3"/>
      </symbol>
      <symbol id="sm-180">
         <name>__cmpd</name>
         <value>0x32c0</value>
         <object_component_ref idref="oc-c6"/>
      </symbol>
      <symbol id="sm-18a">
         <name>___TI_cpp_init</name>
         <value>0x3ae0</value>
         <object_component_ref idref="oc-b2"/>
      </symbol>
      <symbol id="sm-194">
         <name>_copy_in</name>
         <value>0x3a40</value>
         <object_component_ref idref="oc-b0"/>
      </symbol>
      <symbol id="sm-19e">
         <name>__frcaddd</name>
         <value>0x1d60</value>
         <object_component_ref idref="oc-cf"/>
      </symbol>
      <symbol id="sm-1a8">
         <name>__frcmpyd</name>
         <value>0x2d00</value>
         <object_component_ref idref="oc-c5"/>
      </symbol>
      <symbol id="sm-1b0">
         <name>_memcpy</name>
         <value>0x33a0</value>
         <object_component_ref idref="oc-b1"/>
      </symbol>
      <symbol id="sm-1ba">
         <name>_modf</name>
         <value>0x3480</value>
         <object_component_ref idref="oc-ca"/>
      </symbol>
      <symbol id="sm-1c4">
         <name>__negd</name>
         <value>0x3e20</value>
         <object_component_ref idref="oc-cc"/>
      </symbol>
      <symbol id="sm-1ce">
         <name>__renormd</name>
         <value>0x39a0</value>
         <object_component_ref idref="oc-d0"/>
      </symbol>
      <symbol id="sm-1d8">
         <name>__nround</name>
         <value>0x2ba0</value>
         <object_component_ref idref="oc-c8"/>
      </symbol>
      <symbol id="sm-1f4">
         <name>__IRQ_eventTable</name>
         <value>0x4660</value>
         <object_component_ref idref="oc-6a"/>
      </symbol>
      <symbol id="sm-1f5">
         <name>_IRQ_nmiEnable</name>
         <value>0x3f00</value>
         <object_component_ref idref="oc-c1"/>
      </symbol>
      <symbol id="sm-1f6">
         <name>_IRQ_reset</name>
         <value>0x3da0</value>
         <object_component_ref idref="oc-bf"/>
      </symbol>
      <symbol id="sm-1f7">
         <name>__IRQ_intTable</name>
         <value>0x46e8</value>
         <object_component_ref idref="oc-6a"/>
      </symbol>
      <symbol id="sm-1f8">
         <name>_IRQ_globalEnable</name>
         <value>0x3ee0</value>
         <object_component_ref idref="oc-c0"/>
      </symbol>
      <symbol id="sm-1f9">
         <name>_IRQ_globalDisable</name>
         <value>0x3ec0</value>
         <object_component_ref idref="oc-bc"/>
      </symbol>
      <symbol id="sm-1fa">
         <name>_IRQ_map</name>
         <value>0x2640</value>
         <object_component_ref idref="oc-be"/>
      </symbol>
      <symbol id="sm-1fb">
         <name>_IRQ_enable</name>
         <value>0x3ea0</value>
         <object_component_ref idref="oc-c2"/>
      </symbol>
      <symbol id="sm-1fc">
         <name>__IRQ_dispatchTable</name>
         <value>0x4728</value>
         <object_component_ref idref="oc-6a"/>
      </symbol>
      <symbol id="sm-1fd">
         <name>__IRQ_hookFetchPacket</name>
         <value>0x4000</value>
         <object_component_ref idref="oc-68"/>
      </symbol>
      <symbol id="sm-21b">
         <name>_MCBSP_reset</name>
         <value>0x2820</value>
         <object_component_ref idref="oc-b5"/>
      </symbol>
      <symbol id="sm-21c">
         <name>_MCBSP_read</name>
         <value>0x3f40</value>
         <object_component_ref idref="oc-ad"/>
      </symbol>
      <symbol id="sm-21d">
         <name>_MCBSP_getXmtEventId</name>
         <value>0x3f20</value>
         <object_component_ref idref="oc-bd"/>
      </symbol>
      <symbol id="sm-21e">
         <name>_MCBSP_open</name>
         <value>0x3020</value>
         <object_component_ref idref="oc-a9"/>
      </symbol>
      <symbol id="sm-21f">
         <name>__MCBSP_hDev0</name>
         <value>0x47e8</value>
         <object_component_ref idref="oc-6f"/>
      </symbol>
      <symbol id="sm-220">
         <name>__MCBSP_hDev1</name>
         <value>0x47ec</value>
         <object_component_ref idref="oc-6f"/>
      </symbol>
      <symbol id="sm-221">
         <name>__MCBSP_hDev2</name>
         <value>0x47f0</value>
         <object_component_ref idref="oc-6f"/>
      </symbol>
      <symbol id="sm-222">
         <name>_MCBSP_start</name>
         <value>0x3100</value>
         <object_component_ref idref="oc-ab"/>
      </symbol>
      <symbol id="sm-223">
         <name>_MCBSP_rrdy</name>
         <value>0x3f60</value>
         <object_component_ref idref="oc-ac"/>
      </symbol>
      <symbol id="sm-224">
         <name>_MCBSP_config</name>
         <value>0x3560</value>
         <object_component_ref idref="oc-aa"/>
      </symbol>
      <symbol id="sm-225">
         <name>_MCBSP_xrdy</name>
         <value>0x3fa0</value>
         <object_component_ref idref="oc-ae"/>
      </symbol>
      <symbol id="sm-226">
         <name>_MCBSP_write</name>
         <value>0x3f80</value>
         <object_component_ref idref="oc-af"/>
      </symbol>
      <symbol id="sm-256">
         <name>_DSK6416_waitusec</name>
         <value>0x19a0</value>
         <object_component_ref idref="oc-73"/>
      </symbol>
      <symbol id="sm-257">
         <name>_DSK6416_rget</name>
         <value>0x18b0</value>
         <object_component_ref idref="oc-73"/>
      </symbol>
      <symbol id="sm-258">
         <name>_DSK6416_wait</name>
         <value>0x1930</value>
         <object_component_ref idref="oc-73"/>
      </symbol>
      <symbol id="sm-259">
         <name>_DSK6416_rset</name>
         <value>0x18e8</value>
         <object_component_ref idref="oc-73"/>
      </symbol>
      <symbol id="sm-25a">
         <name>_DSK6416_version</name>
         <value>0x47f4</value>
         <object_component_ref idref="oc-74"/>
      </symbol>
      <symbol id="sm-25b">
         <name>_DSK6416_getVersion</name>
         <value>0x19ec</value>
         <object_component_ref idref="oc-73"/>
      </symbol>
      <symbol id="sm-25c">
         <name>_DSK6416_init</name>
         <value>0x1700</value>
         <object_component_ref idref="oc-73"/>
      </symbol>
      <symbol id="sm-27e">
         <name>_DSK6416_AIC23_openCodec</name>
         <value>0x2200</value>
         <object_component_ref idref="oc-7a"/>
      </symbol>
      <symbol id="sm-27f">
         <name>_DSK6416_AIC23_codecdatahandle</name>
         <value>0x487c</value>
         <object_component_ref idref="oc-7b"/>
      </symbol>
      <symbol id="sm-280">
         <name>_DSK6416_AIC23_codeccontrolhandle</name>
         <value>0x4878</value>
         <object_component_ref idref="oc-7b"/>
      </symbol>
      <symbol id="sm-2ad">
         <name>_DSK6416_AIC23_rset</name>
         <value>0x2420</value>
         <object_component_ref idref="oc-81"/>
      </symbol>
      <symbol id="sm-2ae">
         <name>_DSK6416_AIC23_config</name>
         <value>0x257c</value>
         <object_component_ref idref="oc-81"/>
      </symbol>
      <symbol id="sm-2af">
         <name>_DSK6416_AIC23_rget</name>
         <value>0x253c</value>
         <object_component_ref idref="oc-81"/>
      </symbol>
      <symbol id="sm-2cc">
         <name>_DSK6416_AIC23_setFreq</name>
         <value>0x2f20</value>
         <object_component_ref idref="oc-88"/>
      </symbol>
      <symbol id="sm-2dc">
         <name>_DSK6416_DIP_init</name>
         <value>0x3c60</value>
         <object_component_ref idref="oc-8f"/>
      </symbol>
      <symbol id="sm-2dd">
         <name>_DSK6416_DIP_get</name>
         <value>0x3c64</value>
         <object_component_ref idref="oc-8f"/>
      </symbol>
      <symbol id="sm-2f6">
         <name>_DSK6416_LED_init</name>
         <value>0x2a00</value>
         <object_component_ref idref="oc-94"/>
      </symbol>
      <symbol id="sm-2f7">
         <name>_DSK6416_LED_toggle</name>
         <value>0x2b20</value>
         <object_component_ref idref="oc-94"/>
      </symbol>
      <symbol id="sm-2f8">
         <name>_DSK6416_LED_on</name>
         <value>0x2ab4</value>
         <object_component_ref idref="oc-94"/>
      </symbol>
      <symbol id="sm-2f9">
         <name>_DSK6416_LED_off</name>
         <value>0x2a48</value>
         <object_component_ref idref="oc-94"/>
      </symbol>
      <symbol id="sm-301">
         <name>__strasg</name>
         <value>0x3620</value>
         <object_component_ref idref="oc-a6"/>
      </symbol>
      <symbol id="sm-30b">
         <name>_EMIFA_config</name>
         <value>0x3860</value>
         <object_component_ref idref="oc-a8"/>
      </symbol>
      <symbol id="sm-315">
         <name>_EMIFB_config</name>
         <value>0x3900</value>
         <object_component_ref idref="oc-a7"/>
      </symbol>
   </symbol_table>
</link_info>
