<?xml version="1.0"?>
<link_info>
   <banner>TMS320C6x Linker PC v7.4.20</banner>
   <copyright>Copyright (c) 1996-2015 Texas Instruments Incorporated</copyright>
   <link_time>0x67f8ecb2</link_time>
   <output_file>vd11_1.out</output_file>
   <entry_point>
      <name>_c_int00</name>
      <address>0x83ec0</address>
   </entry_point>
   <input_file_list>
      <input_file id="fl-2">
         <path>.\</path>
         <kind>object</kind>
         <file>Fir_block.obj</file>
         <name>Fir_block.obj</name>
      </input_file>
      <input_file id="fl-3">
         <path>.\</path>
         <kind>object</kind>
         <file>c6416dskinit.obj</file>
         <name>c6416dskinit.obj</name>
      </input_file>
      <input_file id="fl-7f">
         <path>C:\ti\ccsv7\2_c6000_7.4.20\c6000_7.4.20\lib\</path>
         <kind>archive</kind>
         <file>rts6400.lib</file>
         <name>boot.obj</name>
      </input_file>
      <input_file id="fl-80">
         <path>C:\ti\ccsv7\2_c6000_7.4.20\c6000_7.4.20\lib\</path>
         <kind>archive</kind>
         <file>rts6400.lib</file>
         <name>exit.obj</name>
      </input_file>
      <input_file id="fl-81">
         <path>C:\ti\ccsv7\2_c6000_7.4.20\c6000_7.4.20\lib\</path>
         <kind>archive</kind>
         <file>rts6400.lib</file>
         <name>args_main.obj</name>
      </input_file>
      <input_file id="fl-82">
         <path>C:\ti\ccsv7\2_c6000_7.4.20\c6000_7.4.20\lib\</path>
         <kind>archive</kind>
         <file>rts6400.lib</file>
         <name>autoinit.obj</name>
      </input_file>
      <input_file id="fl-83">
         <path>C:\ti\ccsv7\2_c6000_7.4.20\c6000_7.4.20\lib\</path>
         <kind>archive</kind>
         <file>rts6400.lib</file>
         <name>cpp_init.obj</name>
      </input_file>
      <input_file id="fl-84">
         <path>C:\ti\ccsv7\2_c6000_7.4.20\c6000_7.4.20\lib\</path>
         <kind>archive</kind>
         <file>rts6400.lib</file>
         <name>cpy_tbl.obj</name>
      </input_file>
      <input_file id="fl-85">
         <path>C:\ti\ccsv7\2_c6000_7.4.20\c6000_7.4.20\lib\</path>
         <kind>archive</kind>
         <file>rts6400.lib</file>
         <name>memcpy64.obj</name>
      </input_file>
      <input_file id="fl-86">
         <path>C:\ti\2_ThuvienDSP\lib\</path>
         <kind>archive</kind>
         <file>csl6416.lib</file>
         <name>csl_irq.obj</name>
      </input_file>
      <input_file id="fl-87">
         <path>C:\ti\2_ThuvienDSP\lib\</path>
         <kind>archive</kind>
         <file>csl6416.lib</file>
         <name>csl_mcbsp.obj</name>
      </input_file>
      <input_file id="fl-88">
         <path>C:\ti\2_ThuvienDSP\lib\</path>
         <kind>archive</kind>
         <file>dsk6416bsl.lib</file>
         <name>dsk6416.obj</name>
      </input_file>
      <input_file id="fl-89">
         <path>C:\ti\2_ThuvienDSP\lib\</path>
         <kind>archive</kind>
         <file>dsk6416bsl.lib</file>
         <name>dsk6416_aic23_opencodec.obj</name>
      </input_file>
      <input_file id="fl-8a">
         <path>C:\ti\2_ThuvienDSP\lib\</path>
         <kind>archive</kind>
         <file>dsk6416bsl.lib</file>
         <name>dsk6416_aic23_registers.obj</name>
      </input_file>
      <input_file id="fl-8b">
         <path>C:\ti\2_ThuvienDSP\lib\</path>
         <kind>archive</kind>
         <file>dsk6416bsl.lib</file>
         <name>dsk6416_aic23_setfreq.obj</name>
      </input_file>
      <input_file id="fl-8c">
         <path>C:\ti\2_ThuvienDSP\lib\</path>
         <kind>archive</kind>
         <file>dsk6416bsl.lib</file>
         <name>dsk6416_dip.obj</name>
      </input_file>
      <input_file id="fl-8d">
         <path>C:\ti\2_ThuvienDSP\lib\</path>
         <kind>archive</kind>
         <file>dsk6416bsl.lib</file>
         <name>dsk6416_led.obj</name>
      </input_file>
      <input_file id="fl-8e">
         <path>C:\ti\ccsv7\2_c6000_7.4.20\c6000_7.4.20\lib\</path>
         <kind>archive</kind>
         <file>rts6400.lib</file>
         <name>strasg.obj</name>
      </input_file>
      <input_file id="fl-8f">
         <path>C:\ti\2_ThuvienDSP\lib\</path>
         <kind>archive</kind>
         <file>csl6416.lib</file>
         <name>csl_emifa.obj</name>
      </input_file>
      <input_file id="fl-90">
         <path>C:\ti\2_ThuvienDSP\lib\</path>
         <kind>archive</kind>
         <file>csl6416.lib</file>
         <name>csl_emifb.obj</name>
      </input_file>
   </input_file_list>
   <object_component_list>
      <object_component id="oc-75">
         <name>.text</name>
         <load_address>0x81e40</load_address>
         <run_address>0x81e40</run_address>
         <size>0x640</size>
         <input_file_ref idref="fl-3"/>
      </object_component>
      <object_component id="oc-32">
         <name>.text</name>
         <load_address>0x82480</load_address>
         <run_address>0x82480</run_address>
         <size>0x3c0</size>
         <input_file_ref idref="fl-88"/>
      </object_component>
      <object_component id="oc-72">
         <name>.text</name>
         <load_address>0x82840</load_address>
         <run_address>0x82840</run_address>
         <size>0x280</size>
         <input_file_ref idref="fl-2"/>
      </object_component>
      <object_component id="oc-39">
         <name>.text</name>
         <load_address>0x82ac0</load_address>
         <run_address>0x82ac0</run_address>
         <size>0x220</size>
         <input_file_ref idref="fl-89"/>
      </object_component>
      <object_component id="oc-40">
         <name>.text</name>
         <load_address>0x82ce0</load_address>
         <run_address>0x82ce0</run_address>
         <size>0x220</size>
         <input_file_ref idref="fl-8a"/>
      </object_component>
      <object_component id="oc-78">
         <name>.text:_IRQ_map</name>
         <load_address>0x82f00</load_address>
         <run_address>0x82f00</run_address>
         <size>0x1e0</size>
         <input_file_ref idref="fl-86"/>
      </object_component>
      <object_component id="oc-74">
         <name>.text:_MCBSP_reset</name>
         <load_address>0x830e0</load_address>
         <run_address>0x830e0</run_address>
         <size>0x1e0</size>
         <input_file_ref idref="fl-87"/>
      </object_component>
      <object_component id="oc-53">
         <name>.text</name>
         <load_address>0x832c0</load_address>
         <run_address>0x832c0</run_address>
         <size>0x1a0</size>
         <input_file_ref idref="fl-8d"/>
      </object_component>
      <object_component id="oc-47">
         <name>.text</name>
         <load_address>0x83460</load_address>
         <run_address>0x83460</run_address>
         <size>0x100</size>
         <input_file_ref idref="fl-8b"/>
      </object_component>
      <object_component id="oc-68">
         <name>.text:_MCBSP_open</name>
         <load_address>0x83560</load_address>
         <run_address>0x83560</run_address>
         <size>0xe0</size>
         <input_file_ref idref="fl-87"/>
      </object_component>
      <object_component id="oc-6a">
         <name>.text:_MCBSP_start</name>
         <load_address>0x83640</load_address>
         <run_address>0x83640</run_address>
         <size>0xe0</size>
         <input_file_ref idref="fl-87"/>
      </object_component>
      <object_component id="oc-62">
         <name>.text:__auto_init</name>
         <load_address>0x83720</load_address>
         <run_address>0x83720</run_address>
         <size>0xe0</size>
         <input_file_ref idref="fl-82"/>
      </object_component>
      <object_component id="oc-70">
         <name>.text:_memcpy</name>
         <load_address>0x83800</load_address>
         <run_address>0x83800</run_address>
         <size>0xe0</size>
         <input_file_ref idref="fl-85"/>
      </object_component>
      <object_component id="oc-69">
         <name>.text:_MCBSP_config</name>
         <load_address>0x838e0</load_address>
         <run_address>0x838e0</run_address>
         <size>0xc0</size>
         <input_file_ref idref="fl-87"/>
      </object_component>
      <object_component id="oc-65">
         <name>.text:__strasg</name>
         <load_address>0x839a0</load_address>
         <run_address>0x839a0</run_address>
         <size>0xc0</size>
         <input_file_ref idref="fl-8e"/>
      </object_component>
      <object_component id="oc-64">
         <name>.text:_exit</name>
         <load_address>0x83a60</load_address>
         <run_address>0x83a60</run_address>
         <size>0xc0</size>
         <input_file_ref idref="fl-80"/>
      </object_component>
      <object_component id="oc-7d">
         <name>.text:_setMux</name>
         <load_address>0x83b20</load_address>
         <run_address>0x83b20</run_address>
         <size>0xc0</size>
         <input_file_ref idref="fl-86"/>
      </object_component>
      <object_component id="oc-67">
         <name>.text:_EMIFA_config</name>
         <load_address>0x83be0</load_address>
         <run_address>0x83be0</run_address>
         <size>0xa0</size>
         <input_file_ref idref="fl-8f"/>
      </object_component>
      <object_component id="oc-66">
         <name>.text:_EMIFB_config</name>
         <load_address>0x83c80</load_address>
         <run_address>0x83c80</run_address>
         <size>0xa0</size>
         <input_file_ref idref="fl-90"/>
      </object_component>
      <object_component id="oc-6f">
         <name>.text:_copy_in</name>
         <load_address>0x83d20</load_address>
         <run_address>0x83d20</run_address>
         <size>0xa0</size>
         <input_file_ref idref="fl-84"/>
      </object_component>
      <object_component id="oc-71">
         <name>.text:___TI_cpp_init</name>
         <load_address>0x83dc0</load_address>
         <run_address>0x83dc0</run_address>
         <size>0x80</size>
         <input_file_ref idref="fl-83"/>
      </object_component>
      <object_component id="oc-4e">
         <name>.text</name>
         <load_address>0x83e40</load_address>
         <run_address>0x83e40</run_address>
         <size>0x80</size>
         <input_file_ref idref="fl-8c"/>
      </object_component>
      <object_component id="oc-2">
         <name>.text:_c_int00</name>
         <load_address>0x83ec0</load_address>
         <run_address>0x83ec0</run_address>
         <size>0x60</size>
         <input_file_ref idref="fl-7f"/>
      </object_component>
      <object_component id="oc-79">
         <name>.text:_IRQ_reset</name>
         <load_address>0x83f20</load_address>
         <run_address>0x83f20</run_address>
         <size>0x40</size>
         <input_file_ref idref="fl-86"/>
      </object_component>
      <object_component id="oc-63">
         <name>.text:__args_main</name>
         <load_address>0x83f60</load_address>
         <run_address>0x83f60</run_address>
         <size>0x40</size>
         <input_file_ref idref="fl-81"/>
      </object_component>
      <object_component id="oc-7c">
         <name>.text:_IRQ_enable</name>
         <load_address>0x83fa0</load_address>
         <run_address>0x83fa0</run_address>
         <size>0x20</size>
         <input_file_ref idref="fl-86"/>
      </object_component>
      <object_component id="oc-76">
         <name>.text:_IRQ_globalDisable</name>
         <load_address>0x83fc0</load_address>
         <run_address>0x83fc0</run_address>
         <size>0x20</size>
         <input_file_ref idref="fl-86"/>
      </object_component>
      <object_component id="oc-7a">
         <name>.text:_IRQ_globalEnable</name>
         <load_address>0x83fe0</load_address>
         <run_address>0x83fe0</run_address>
         <size>0x20</size>
         <input_file_ref idref="fl-86"/>
      </object_component>
      <object_component id="oc-7b">
         <name>.text:_IRQ_nmiEnable</name>
         <load_address>0x84000</load_address>
         <run_address>0x84000</run_address>
         <size>0x20</size>
         <input_file_ref idref="fl-86"/>
      </object_component>
      <object_component id="oc-77">
         <name>.text:_MCBSP_getXmtEventId</name>
         <load_address>0x84020</load_address>
         <run_address>0x84020</run_address>
         <size>0x20</size>
         <input_file_ref idref="fl-87"/>
      </object_component>
      <object_component id="oc-6c">
         <name>.text:_MCBSP_read</name>
         <load_address>0x84040</load_address>
         <run_address>0x84040</run_address>
         <size>0x20</size>
         <input_file_ref idref="fl-87"/>
      </object_component>
      <object_component id="oc-6b">
         <name>.text:_MCBSP_rrdy</name>
         <load_address>0x84060</load_address>
         <run_address>0x84060</run_address>
         <size>0x20</size>
         <input_file_ref idref="fl-87"/>
      </object_component>
      <object_component id="oc-6e">
         <name>.text:_MCBSP_write</name>
         <load_address>0x84080</load_address>
         <run_address>0x84080</run_address>
         <size>0x20</size>
         <input_file_ref idref="fl-87"/>
      </object_component>
      <object_component id="oc-6d">
         <name>.text:_MCBSP_xrdy</name>
         <load_address>0x840a0</load_address>
         <run_address>0x840a0</run_address>
         <size>0x20</size>
         <input_file_ref idref="fl-87"/>
      </object_component>
      <object_component id="oc-73">
         <name>.text:_abort</name>
         <load_address>0x840c0</load_address>
         <run_address>0x840c0</run_address>
         <size>0x20</size>
         <input_file_ref idref="fl-80"/>
      </object_component>
      <object_component id="oc-27">
         <name>.text</name>
         <load_address>0x840e0</load_address>
         <run_address>0x840e0</run_address>
         <size>0x20</size>
         <input_file_ref idref="fl-86"/>
      </object_component>
      <object_component id="oc-34">
         <name>.const</name>
         <load_address>0x84500</load_address>
         <run_address>0x84500</run_address>
         <size>0xc0</size>
         <input_file_ref idref="fl-88"/>
      </object_component>
      <object_component id="oc-3b">
         <name>.const</name>
         <load_address>0x845c0</load_address>
         <run_address>0x845c0</run_address>
         <size>0x70</size>
         <input_file_ref idref="fl-89"/>
      </object_component>
      <object_component id="oc-4">
         <name>.cinit</name>
         <load_address>0x56840</load_address>
         <run_address>0x56840</run_address>
         <size>0x2b35c</size>
         <input_file_ref idref="fl-2"/>
      </object_component>
      <object_component id="oc-28">
         <name>.cinit</name>
         <load_address>0x81ba0</load_address>
         <run_address>0x81ba0</run_address>
         <size>0x12c</size>
         <input_file_ref idref="fl-86"/>
      </object_component>
      <object_component id="oc-2d">
         <name>.cinit</name>
         <load_address>0x81cd0</load_address>
         <run_address>0x81cd0</run_address>
         <size>0x7c</size>
         <input_file_ref idref="fl-87"/>
      </object_component>
      <object_component id="oc-a">
         <name>.cinit</name>
         <load_address>0x81d50</load_address>
         <run_address>0x81d50</run_address>
         <size>0x5c</size>
         <input_file_ref idref="fl-3"/>
      </object_component>
      <object_component id="oc-14">
         <name>.cinit</name>
         <load_address>0x81db0</load_address>
         <run_address>0x81db0</run_address>
         <size>0x2c</size>
         <input_file_ref idref="fl-80"/>
      </object_component>
      <object_component id="oc-48">
         <name>.cinit</name>
         <load_address>0x81de0</load_address>
         <run_address>0x81de0</run_address>
         <size>0x28</size>
         <input_file_ref idref="fl-8b"/>
      </object_component>
      <object_component id="oc-41">
         <name>.cinit</name>
         <load_address>0x81e08</load_address>
         <run_address>0x81e08</run_address>
         <size>0x1c</size>
         <input_file_ref idref="fl-8a"/>
      </object_component>
      <object_component id="oc-10">
         <name>.stack</name>
         <uninitialized>true</uninitialized>
         <run_address>0x84100</run_address>
         <size>0x8</size>
         <input_file_ref idref="fl-7f"/>
      </object_component>
      <object_component id="oc-a1">
         <name>.stack</name>
         <uninitialized>true</uninitialized>
         <run_address>0x84100</run_address>
         <size>0x0</size>
      </object_component>
      <object_component id="oc-5">
         <name>.far</name>
         <uninitialized>true</uninitialized>
         <run_address>0x8</run_address>
         <size>0x56638</size>
         <input_file_ref idref="fl-2"/>
      </object_component>
      <object_component id="oc-b">
         <name>.far</name>
         <uninitialized>true</uninitialized>
         <run_address>0x56740</run_address>
         <size>0x5a</size>
         <input_file_ref idref="fl-3"/>
      </object_component>
      <object_component id="oc-15">
         <name>.far</name>
         <uninitialized>true</uninitialized>
         <run_address>0x5682c</run_address>
         <size>0xc</size>
         <input_file_ref idref="fl-80"/>
      </object_component>
      <object_component id="oc-29">
         <name>.far</name>
         <uninitialized>true</uninitialized>
         <run_address>0x56640</run_address>
         <size>0x100</size>
         <input_file_ref idref="fl-86"/>
      </object_component>
      <object_component id="oc-2e">
         <name>.far</name>
         <uninitialized>true</uninitialized>
         <run_address>0x567a0</run_address>
         <size>0x54</size>
         <input_file_ref idref="fl-87"/>
      </object_component>
      <object_component id="oc-33">
         <name>.far</name>
         <uninitialized>true</uninitialized>
         <run_address>0x5679a</run_address>
         <size>0x4</size>
         <input_file_ref idref="fl-88"/>
      </object_component>
      <object_component id="oc-3a">
         <name>.far</name>
         <uninitialized>true</uninitialized>
         <run_address>0x56838</run_address>
         <size>0x8</size>
         <input_file_ref idref="fl-89"/>
      </object_component>
      <object_component id="oc-42">
         <name>.far</name>
         <uninitialized>true</uninitialized>
         <run_address>0x56818</run_address>
         <size>0x14</size>
         <input_file_ref idref="fl-8a"/>
      </object_component>
      <object_component id="oc-49">
         <name>.far</name>
         <uninitialized>true</uninitialized>
         <run_address>0x567f8</run_address>
         <size>0x20</size>
         <input_file_ref idref="fl-8b"/>
      </object_component>
      <object_component id="oc-54">
         <name>.far</name>
         <uninitialized>true</uninitialized>
         <run_address>0x5679e</run_address>
         <size>0x2</size>
         <input_file_ref idref="fl-8d"/>
      </object_component>
      <object_component id="oc-3">
         <name>.debug_info</name>
         <load_address>0x0</load_address>
         <run_address>0x0</run_address>
         <size>0xad0</size>
         <input_file_ref idref="fl-2"/>
      </object_component>
      <object_component id="oc-9">
         <name>.debug_info</name>
         <load_address>0xad0</load_address>
         <run_address>0xad0</run_address>
         <size>0x1563</size>
         <input_file_ref idref="fl-3"/>
      </object_component>
      <object_component id="oc-f">
         <name>.debug_info</name>
         <load_address>0x2033</load_address>
         <run_address>0x2033</run_address>
         <size>0x73c</size>
         <input_file_ref idref="fl-7f"/>
      </object_component>
      <object_component id="oc-13">
         <name>.debug_info</name>
         <load_address>0x276f</load_address>
         <run_address>0x276f</run_address>
         <size>0x86a</size>
         <input_file_ref idref="fl-80"/>
      </object_component>
      <object_component id="oc-18">
         <name>.debug_info</name>
         <load_address>0x2fd9</load_address>
         <run_address>0x2fd9</run_address>
         <size>0x712</size>
         <input_file_ref idref="fl-81"/>
      </object_component>
      <object_component id="oc-1b">
         <name>.debug_info</name>
         <load_address>0x36eb</load_address>
         <run_address>0x36eb</run_address>
         <size>0x8e9</size>
         <input_file_ref idref="fl-82"/>
      </object_component>
      <object_component id="oc-1e">
         <name>.debug_info</name>
         <load_address>0x3fd4</load_address>
         <run_address>0x3fd4</run_address>
         <size>0x761</size>
         <input_file_ref idref="fl-83"/>
      </object_component>
      <object_component id="oc-21">
         <name>.debug_info</name>
         <load_address>0x4735</load_address>
         <run_address>0x4735</run_address>
         <size>0x857</size>
         <input_file_ref idref="fl-84"/>
      </object_component>
      <object_component id="oc-24">
         <name>.debug_info</name>
         <load_address>0x4f8c</load_address>
         <run_address>0x4f8c</run_address>
         <size>0x110</size>
         <input_file_ref idref="fl-85"/>
      </object_component>
      <object_component id="oc-2b">
         <name>.debug_info</name>
         <load_address>0x509c</load_address>
         <run_address>0x509c</run_address>
         <size>0xcc6</size>
         <input_file_ref idref="fl-86"/>
      </object_component>
      <object_component id="oc-30">
         <name>.debug_info</name>
         <load_address>0x5d62</load_address>
         <run_address>0x5d62</run_address>
         <size>0xfac</size>
         <input_file_ref idref="fl-87"/>
      </object_component>
      <object_component id="oc-36">
         <name>.debug_info</name>
         <load_address>0x6d0e</load_address>
         <run_address>0x6d0e</run_address>
         <size>0xd57</size>
         <input_file_ref idref="fl-88"/>
      </object_component>
      <object_component id="oc-3d">
         <name>.debug_info</name>
         <load_address>0x7a65</load_address>
         <run_address>0x7a65</run_address>
         <size>0xbbd</size>
         <input_file_ref idref="fl-89"/>
      </object_component>
      <object_component id="oc-44">
         <name>.debug_info</name>
         <load_address>0x8622</load_address>
         <run_address>0x8622</run_address>
         <size>0xba3</size>
         <input_file_ref idref="fl-8a"/>
      </object_component>
      <object_component id="oc-4b">
         <name>.debug_info</name>
         <load_address>0x91c5</load_address>
         <run_address>0x91c5</run_address>
         <size>0x78a</size>
         <input_file_ref idref="fl-8b"/>
      </object_component>
      <object_component id="oc-50">
         <name>.debug_info</name>
         <load_address>0x994f</load_address>
         <run_address>0x994f</run_address>
         <size>0x641</size>
         <input_file_ref idref="fl-8c"/>
      </object_component>
      <object_component id="oc-56">
         <name>.debug_info</name>
         <load_address>0x9f90</load_address>
         <run_address>0x9f90</run_address>
         <size>0x7c2</size>
         <input_file_ref idref="fl-8d"/>
      </object_component>
      <object_component id="oc-59">
         <name>.debug_info</name>
         <load_address>0xa752</load_address>
         <run_address>0xa752</run_address>
         <size>0x107</size>
         <input_file_ref idref="fl-8e"/>
      </object_component>
      <object_component id="oc-5d">
         <name>.debug_info</name>
         <load_address>0xa859</load_address>
         <run_address>0xa859</run_address>
         <size>0x730</size>
         <input_file_ref idref="fl-8f"/>
      </object_component>
      <object_component id="oc-60">
         <name>.debug_info</name>
         <load_address>0xaf89</load_address>
         <run_address>0xaf89</run_address>
         <size>0x730</size>
         <input_file_ref idref="fl-90"/>
      </object_component>
      <object_component id="oc-ac">
         <name>.debug_info</name>
         <load_address>0xb6b9</load_address>
         <run_address>0xb6b9</run_address>
         <size>0x6e</size>
      </object_component>
      <object_component id="oc-6">
         <name>.debug_frame</name>
         <load_address>0x0</load_address>
         <run_address>0x0</run_address>
         <size>0x25a</size>
         <input_file_ref idref="fl-2"/>
      </object_component>
      <object_component id="oc-c">
         <name>.debug_frame</name>
         <load_address>0x25a</load_address>
         <run_address>0x25a</run_address>
         <size>0x34d</size>
         <input_file_ref idref="fl-3"/>
      </object_component>
      <object_component id="oc-38">
         <name>.debug_frame</name>
         <load_address>0x5a7</load_address>
         <run_address>0x5a7</run_address>
         <size>0x1d4</size>
         <input_file_ref idref="fl-88"/>
      </object_component>
      <object_component id="oc-3f">
         <name>.debug_frame</name>
         <load_address>0x77b</load_address>
         <run_address>0x77b</run_address>
         <size>0x134</size>
         <input_file_ref idref="fl-89"/>
      </object_component>
      <object_component id="oc-46">
         <name>.debug_frame</name>
         <load_address>0x8af</load_address>
         <run_address>0x8af</run_address>
         <size>0x174</size>
         <input_file_ref idref="fl-8a"/>
      </object_component>
      <object_component id="oc-4d">
         <name>.debug_frame</name>
         <load_address>0xa23</load_address>
         <run_address>0xa23</run_address>
         <size>0x130</size>
         <input_file_ref idref="fl-8b"/>
      </object_component>
      <object_component id="oc-52">
         <name>.debug_frame</name>
         <load_address>0xb53</load_address>
         <run_address>0xb53</run_address>
         <size>0x14c</size>
         <input_file_ref idref="fl-8c"/>
      </object_component>
      <object_component id="oc-58">
         <name>.debug_frame</name>
         <load_address>0xc9f</load_address>
         <run_address>0xc9f</run_address>
         <size>0x190</size>
         <input_file_ref idref="fl-8d"/>
      </object_component>
      <object_component id="oc-7">
         <name>.debug_line</name>
         <load_address>0x0</load_address>
         <run_address>0x0</run_address>
         <size>0xaa</size>
         <input_file_ref idref="fl-2"/>
      </object_component>
      <object_component id="oc-d">
         <name>.debug_line</name>
         <load_address>0xaa</load_address>
         <run_address>0xaa</run_address>
         <size>0x158</size>
         <input_file_ref idref="fl-3"/>
      </object_component>
      <object_component id="oc-11">
         <name>.debug_line</name>
         <load_address>0x202</load_address>
         <run_address>0x202</run_address>
         <size>0x3d</size>
         <input_file_ref idref="fl-7f"/>
      </object_component>
      <object_component id="oc-16">
         <name>.debug_line</name>
         <load_address>0x23f</load_address>
         <run_address>0x23f</run_address>
         <size>0x4f</size>
         <input_file_ref idref="fl-80"/>
      </object_component>
      <object_component id="oc-19">
         <name>.debug_line</name>
         <load_address>0x28e</load_address>
         <run_address>0x28e</run_address>
         <size>0x41</size>
         <input_file_ref idref="fl-81"/>
      </object_component>
      <object_component id="oc-1c">
         <name>.debug_line</name>
         <load_address>0x2cf</load_address>
         <run_address>0x2cf</run_address>
         <size>0x47</size>
         <input_file_ref idref="fl-82"/>
      </object_component>
      <object_component id="oc-1f">
         <name>.debug_line</name>
         <load_address>0x316</load_address>
         <run_address>0x316</run_address>
         <size>0x45</size>
         <input_file_ref idref="fl-83"/>
      </object_component>
      <object_component id="oc-22">
         <name>.debug_line</name>
         <load_address>0x35b</load_address>
         <run_address>0x35b</run_address>
         <size>0x44</size>
         <input_file_ref idref="fl-84"/>
      </object_component>
      <object_component id="oc-25">
         <name>.debug_line</name>
         <load_address>0x39f</load_address>
         <run_address>0x39f</run_address>
         <size>0x4f</size>
         <input_file_ref idref="fl-85"/>
      </object_component>
      <object_component id="oc-2c">
         <name>.debug_line</name>
         <load_address>0x3ee</load_address>
         <run_address>0x3ee</run_address>
         <size>0x109</size>
         <input_file_ref idref="fl-86"/>
      </object_component>
      <object_component id="oc-31">
         <name>.debug_line</name>
         <load_address>0x4f7</load_address>
         <run_address>0x4f7</run_address>
         <size>0x13f</size>
         <input_file_ref idref="fl-87"/>
      </object_component>
      <object_component id="oc-37">
         <name>.debug_line</name>
         <load_address>0x636</load_address>
         <run_address>0x636</run_address>
         <size>0x102</size>
         <input_file_ref idref="fl-88"/>
      </object_component>
      <object_component id="oc-3e">
         <name>.debug_line</name>
         <load_address>0x738</load_address>
         <run_address>0x738</run_address>
         <size>0x72</size>
         <input_file_ref idref="fl-89"/>
      </object_component>
      <object_component id="oc-45">
         <name>.debug_line</name>
         <load_address>0x7aa</load_address>
         <run_address>0x7aa</run_address>
         <size>0xa7</size>
         <input_file_ref idref="fl-8a"/>
      </object_component>
      <object_component id="oc-4c">
         <name>.debug_line</name>
         <load_address>0x851</load_address>
         <run_address>0x851</run_address>
         <size>0x69</size>
         <input_file_ref idref="fl-8b"/>
      </object_component>
      <object_component id="oc-51">
         <name>.debug_line</name>
         <load_address>0x8ba</load_address>
         <run_address>0x8ba</run_address>
         <size>0x5e</size>
         <input_file_ref idref="fl-8c"/>
      </object_component>
      <object_component id="oc-57">
         <name>.debug_line</name>
         <load_address>0x918</load_address>
         <run_address>0x918</run_address>
         <size>0xa0</size>
         <input_file_ref idref="fl-8d"/>
      </object_component>
      <object_component id="oc-5a">
         <name>.debug_line</name>
         <load_address>0x9b8</load_address>
         <run_address>0x9b8</run_address>
         <size>0x48</size>
         <input_file_ref idref="fl-8e"/>
      </object_component>
      <object_component id="oc-5e">
         <name>.debug_line</name>
         <load_address>0xa00</load_address>
         <run_address>0xa00</run_address>
         <size>0x5a</size>
         <input_file_ref idref="fl-8f"/>
      </object_component>
      <object_component id="oc-61">
         <name>.debug_line</name>
         <load_address>0xa5a</load_address>
         <run_address>0xa5a</run_address>
         <size>0x5a</size>
         <input_file_ref idref="fl-90"/>
      </object_component>
      <object_component id="oc-8">
         <name>.debug_abbrev</name>
         <load_address>0x0</load_address>
         <run_address>0x0</run_address>
         <size>0xee</size>
         <input_file_ref idref="fl-2"/>
      </object_component>
      <object_component id="oc-e">
         <name>.debug_abbrev</name>
         <load_address>0xee</load_address>
         <run_address>0xee</run_address>
         <size>0x18e</size>
         <input_file_ref idref="fl-3"/>
      </object_component>
      <object_component id="oc-12">
         <name>.debug_abbrev</name>
         <load_address>0x27c</load_address>
         <run_address>0x27c</run_address>
         <size>0xfe</size>
         <input_file_ref idref="fl-7f"/>
      </object_component>
      <object_component id="oc-17">
         <name>.debug_abbrev</name>
         <load_address>0x37a</load_address>
         <run_address>0x37a</run_address>
         <size>0x119</size>
         <input_file_ref idref="fl-80"/>
      </object_component>
      <object_component id="oc-1a">
         <name>.debug_abbrev</name>
         <load_address>0x493</load_address>
         <run_address>0x493</run_address>
         <size>0xe1</size>
         <input_file_ref idref="fl-81"/>
      </object_component>
      <object_component id="oc-1d">
         <name>.debug_abbrev</name>
         <load_address>0x574</load_address>
         <run_address>0x574</run_address>
         <size>0x13f</size>
         <input_file_ref idref="fl-82"/>
      </object_component>
      <object_component id="oc-20">
         <name>.debug_abbrev</name>
         <load_address>0x6b3</load_address>
         <run_address>0x6b3</run_address>
         <size>0xdd</size>
         <input_file_ref idref="fl-83"/>
      </object_component>
      <object_component id="oc-23">
         <name>.debug_abbrev</name>
         <load_address>0x790</load_address>
         <run_address>0x790</run_address>
         <size>0x10c</size>
         <input_file_ref idref="fl-84"/>
      </object_component>
      <object_component id="oc-26">
         <name>.debug_abbrev</name>
         <load_address>0x89c</load_address>
         <run_address>0x89c</run_address>
         <size>0x3b</size>
         <input_file_ref idref="fl-85"/>
      </object_component>
      <object_component id="oc-2a">
         <name>.debug_abbrev</name>
         <load_address>0x8d7</load_address>
         <run_address>0x8d7</run_address>
         <size>0x1b7</size>
         <input_file_ref idref="fl-86"/>
      </object_component>
      <object_component id="oc-2f">
         <name>.debug_abbrev</name>
         <load_address>0xa8e</load_address>
         <run_address>0xa8e</run_address>
         <size>0x1a3</size>
         <input_file_ref idref="fl-87"/>
      </object_component>
      <object_component id="oc-35">
         <name>.debug_abbrev</name>
         <load_address>0xc31</load_address>
         <run_address>0xc31</run_address>
         <size>0x162</size>
         <input_file_ref idref="fl-88"/>
      </object_component>
      <object_component id="oc-3c">
         <name>.debug_abbrev</name>
         <load_address>0xd93</load_address>
         <run_address>0xd93</run_address>
         <size>0x11c</size>
         <input_file_ref idref="fl-89"/>
      </object_component>
      <object_component id="oc-43">
         <name>.debug_abbrev</name>
         <load_address>0xeaf</load_address>
         <run_address>0xeaf</run_address>
         <size>0x154</size>
         <input_file_ref idref="fl-8a"/>
      </object_component>
      <object_component id="oc-4a">
         <name>.debug_abbrev</name>
         <load_address>0x1003</load_address>
         <run_address>0x1003</run_address>
         <size>0xf0</size>
         <input_file_ref idref="fl-8b"/>
      </object_component>
      <object_component id="oc-4f">
         <name>.debug_abbrev</name>
         <load_address>0x10f3</load_address>
         <run_address>0x10f3</run_address>
         <size>0xd7</size>
         <input_file_ref idref="fl-8c"/>
      </object_component>
      <object_component id="oc-55">
         <name>.debug_abbrev</name>
         <load_address>0x11ca</load_address>
         <run_address>0x11ca</run_address>
         <size>0xc8</size>
         <input_file_ref idref="fl-8d"/>
      </object_component>
      <object_component id="oc-5b">
         <name>.debug_abbrev</name>
         <load_address>0x1292</load_address>
         <run_address>0x1292</run_address>
         <size>0x3b</size>
         <input_file_ref idref="fl-8e"/>
      </object_component>
      <object_component id="oc-5c">
         <name>.debug_abbrev</name>
         <load_address>0x12cd</load_address>
         <run_address>0x12cd</run_address>
         <size>0xe0</size>
         <input_file_ref idref="fl-8f"/>
      </object_component>
      <object_component id="oc-5f">
         <name>.debug_abbrev</name>
         <load_address>0x13ad</load_address>
         <run_address>0x13ad</run_address>
         <size>0xe0</size>
         <input_file_ref idref="fl-90"/>
      </object_component>
      <object_component id="oc-ad">
         <name>.debug_abbrev</name>
         <load_address>0x148d</load_address>
         <run_address>0x148d</run_address>
         <size>0xd</size>
      </object_component>
   </object_component_list>
   <logical_group_list>
      <logical_group id="lg-7e">
         <name>.text</name>
         <load_address>0x81e40</load_address>
         <run_address>0x81e40</run_address>
         <size>0x22c0</size>
         <contents>
            <object_component_ref idref="oc-75"/>
            <object_component_ref idref="oc-32"/>
            <object_component_ref idref="oc-72"/>
            <object_component_ref idref="oc-39"/>
            <object_component_ref idref="oc-40"/>
            <object_component_ref idref="oc-78"/>
            <object_component_ref idref="oc-74"/>
            <object_component_ref idref="oc-53"/>
            <object_component_ref idref="oc-47"/>
            <object_component_ref idref="oc-68"/>
            <object_component_ref idref="oc-6a"/>
            <object_component_ref idref="oc-62"/>
            <object_component_ref idref="oc-70"/>
            <object_component_ref idref="oc-69"/>
            <object_component_ref idref="oc-65"/>
            <object_component_ref idref="oc-64"/>
            <object_component_ref idref="oc-7d"/>
            <object_component_ref idref="oc-67"/>
            <object_component_ref idref="oc-66"/>
            <object_component_ref idref="oc-6f"/>
            <object_component_ref idref="oc-71"/>
            <object_component_ref idref="oc-4e"/>
            <object_component_ref idref="oc-2"/>
            <object_component_ref idref="oc-79"/>
            <object_component_ref idref="oc-63"/>
            <object_component_ref idref="oc-7c"/>
            <object_component_ref idref="oc-76"/>
            <object_component_ref idref="oc-7a"/>
            <object_component_ref idref="oc-7b"/>
            <object_component_ref idref="oc-77"/>
            <object_component_ref idref="oc-6c"/>
            <object_component_ref idref="oc-6b"/>
            <object_component_ref idref="oc-6e"/>
            <object_component_ref idref="oc-6d"/>
            <object_component_ref idref="oc-73"/>
            <object_component_ref idref="oc-27"/>
         </contents>
      </logical_group>
      <logical_group id="lg-7f">
         <name>.const</name>
         <load_address>0x84500</load_address>
         <run_address>0x84500</run_address>
         <size>0x130</size>
         <contents>
            <object_component_ref idref="oc-34"/>
            <object_component_ref idref="oc-3b"/>
         </contents>
      </logical_group>
      <logical_group id="lg-80">
         <name>.data</name>
         <run_address>0x8</run_address>
         <size>0x0</size>
         <contents>
         </contents>
      </logical_group>
      <logical_group id="lg-81">
         <name>.bss</name>
         <run_address>0x8</run_address>
         <size>0x0</size>
         <contents>
         </contents>
      </logical_group>
      <logical_group id="lg-82">
         <name>.cinit</name>
         <load_address>0x56840</load_address>
         <run_address>0x56840</run_address>
         <size>0x2b5ec</size>
         <contents>
            <object_component_ref idref="oc-4"/>
            <object_component_ref idref="oc-28"/>
            <object_component_ref idref="oc-2d"/>
            <object_component_ref idref="oc-a"/>
            <object_component_ref idref="oc-14"/>
            <object_component_ref idref="oc-48"/>
            <object_component_ref idref="oc-41"/>
         </contents>
      </logical_group>
      <logical_group id="lg-83">
         <name>.pinit</name>
         <run_address>0x0</run_address>
         <size>0x0</size>
         <contents>
         </contents>
      </logical_group>
      <logical_group id="lg-84">
         <name>.stack</name>
         <run_address>0x84100</run_address>
         <size>0x400</size>
         <contents>
            <object_component_ref idref="oc-10"/>
            <object_component_ref idref="oc-a1"/>
         </contents>
      </logical_group>
      <logical_group id="lg-85">
         <name>.sysmem</name>
         <run_address>0x0</run_address>
         <size>0x0</size>
         <contents>
         </contents>
      </logical_group>
      <logical_group id="lg-86">
         <name>.far</name>
         <run_address>0x8</run_address>
         <size>0x56838</size>
         <contents>
            <object_component_ref idref="oc-5"/>
            <object_component_ref idref="oc-b"/>
            <object_component_ref idref="oc-15"/>
            <object_component_ref idref="oc-29"/>
            <object_component_ref idref="oc-2e"/>
            <object_component_ref idref="oc-33"/>
            <object_component_ref idref="oc-3a"/>
            <object_component_ref idref="oc-42"/>
            <object_component_ref idref="oc-49"/>
            <object_component_ref idref="oc-54"/>
         </contents>
      </logical_group>
      <logical_group id="lg-87">
         <name>.switch</name>
         <run_address>0x0</run_address>
         <size>0x0</size>
         <contents>
         </contents>
      </logical_group>
      <logical_group id="lg-88">
         <name>.cio</name>
         <run_address>0x0</run_address>
         <size>0x0</size>
         <contents>
         </contents>
      </logical_group>
      <logical_group id="lg-89">
         <name>.ppinfo</name>
         <run_address>0x0</run_address>
         <size>0x0</size>
         <contents>
         </contents>
      </logical_group>
      <logical_group id="lg-8a">
         <name>.ppdata</name>
         <run_address>0x0</run_address>
         <size>0x0</size>
         <contents>
         </contents>
      </logical_group>
      <logical_group id="lg-98">
         <name>.debug_info</name>
         <load_address>0x0</load_address>
         <run_address>0x0</run_address>
         <size>0xb727</size>
         <contents>
            <object_component_ref idref="oc-3"/>
            <object_component_ref idref="oc-9"/>
            <object_component_ref idref="oc-f"/>
            <object_component_ref idref="oc-13"/>
            <object_component_ref idref="oc-18"/>
            <object_component_ref idref="oc-1b"/>
            <object_component_ref idref="oc-1e"/>
            <object_component_ref idref="oc-21"/>
            <object_component_ref idref="oc-24"/>
            <object_component_ref idref="oc-2b"/>
            <object_component_ref idref="oc-30"/>
            <object_component_ref idref="oc-36"/>
            <object_component_ref idref="oc-3d"/>
            <object_component_ref idref="oc-44"/>
            <object_component_ref idref="oc-4b"/>
            <object_component_ref idref="oc-50"/>
            <object_component_ref idref="oc-56"/>
            <object_component_ref idref="oc-59"/>
            <object_component_ref idref="oc-5d"/>
            <object_component_ref idref="oc-60"/>
            <object_component_ref idref="oc-ac"/>
         </contents>
      </logical_group>
      <logical_group id="lg-9a">
         <name>.debug_frame</name>
         <load_address>0x0</load_address>
         <run_address>0x0</run_address>
         <size>0xe2f</size>
         <contents>
            <object_component_ref idref="oc-6"/>
            <object_component_ref idref="oc-c"/>
            <object_component_ref idref="oc-38"/>
            <object_component_ref idref="oc-3f"/>
            <object_component_ref idref="oc-46"/>
            <object_component_ref idref="oc-4d"/>
            <object_component_ref idref="oc-52"/>
            <object_component_ref idref="oc-58"/>
         </contents>
      </logical_group>
      <logical_group id="lg-9c">
         <name>.debug_line</name>
         <load_address>0x0</load_address>
         <run_address>0x0</run_address>
         <size>0xab4</size>
         <contents>
            <object_component_ref idref="oc-7"/>
            <object_component_ref idref="oc-d"/>
            <object_component_ref idref="oc-11"/>
            <object_component_ref idref="oc-16"/>
            <object_component_ref idref="oc-19"/>
            <object_component_ref idref="oc-1c"/>
            <object_component_ref idref="oc-1f"/>
            <object_component_ref idref="oc-22"/>
            <object_component_ref idref="oc-25"/>
            <object_component_ref idref="oc-2c"/>
            <object_component_ref idref="oc-31"/>
            <object_component_ref idref="oc-37"/>
            <object_component_ref idref="oc-3e"/>
            <object_component_ref idref="oc-45"/>
            <object_component_ref idref="oc-4c"/>
            <object_component_ref idref="oc-51"/>
            <object_component_ref idref="oc-57"/>
            <object_component_ref idref="oc-5a"/>
            <object_component_ref idref="oc-5e"/>
            <object_component_ref idref="oc-61"/>
         </contents>
      </logical_group>
      <logical_group id="lg-9e">
         <name>.debug_abbrev</name>
         <load_address>0x0</load_address>
         <run_address>0x0</run_address>
         <size>0x149a</size>
         <contents>
            <object_component_ref idref="oc-8"/>
            <object_component_ref idref="oc-e"/>
            <object_component_ref idref="oc-12"/>
            <object_component_ref idref="oc-17"/>
            <object_component_ref idref="oc-1a"/>
            <object_component_ref idref="oc-1d"/>
            <object_component_ref idref="oc-20"/>
            <object_component_ref idref="oc-23"/>
            <object_component_ref idref="oc-26"/>
            <object_component_ref idref="oc-2a"/>
            <object_component_ref idref="oc-2f"/>
            <object_component_ref idref="oc-35"/>
            <object_component_ref idref="oc-3c"/>
            <object_component_ref idref="oc-43"/>
            <object_component_ref idref="oc-4a"/>
            <object_component_ref idref="oc-4f"/>
            <object_component_ref idref="oc-55"/>
            <object_component_ref idref="oc-5b"/>
            <object_component_ref idref="oc-5c"/>
            <object_component_ref idref="oc-5f"/>
            <object_component_ref idref="oc-ad"/>
         </contents>
      </logical_group>
   </logical_group_list>
   <placement_map>
      <memory_area>
         <name>RAM</name>
         <page_id>0x0</page_id>
         <origin>0x1</origin>
         <length>0xfffffffe</length>
         <used_space>0x84614</used_space>
         <unused_space>0xfff7b9ea</unused_space>
         <attributes>RWIX</attributes>
         <usage_details>
            <available_space>
               <start_address>0x1</start_address>
               <size>0x7</size>
            </available_space>
            <allocated_space>
               <start_address>0x8</start_address>
               <size>0x0</size>
               <logical_group_ref idref="lg-81"/>
            </allocated_space>
            <allocated_space>
               <start_address>0x8</start_address>
               <size>0x0</size>
               <logical_group_ref idref="lg-80"/>
            </allocated_space>
            <allocated_space>
               <start_address>0x8</start_address>
               <size>0x56838</size>
               <logical_group_ref idref="lg-86"/>
            </allocated_space>
            <allocated_space>
               <start_address>0x56840</start_address>
               <size>0x2b5ec</size>
               <logical_group_ref idref="lg-82"/>
            </allocated_space>
            <available_space>
               <start_address>0x81e2c</start_address>
               <size>0x14</size>
            </available_space>
            <allocated_space>
               <start_address>0x81e40</start_address>
               <size>0x22c0</size>
               <logical_group_ref idref="lg-7e"/>
            </allocated_space>
            <allocated_space>
               <start_address>0x84100</start_address>
               <size>0x400</size>
               <logical_group_ref idref="lg-84"/>
            </allocated_space>
            <allocated_space>
               <start_address>0x84500</start_address>
               <size>0x130</size>
               <logical_group_ref idref="lg-7f"/>
            </allocated_space>
            <available_space>
               <start_address>0x84630</start_address>
               <size>0xfff7b9cf</size>
            </available_space>
         </usage_details>
      </memory_area>
   </placement_map>
   <symbol_table>
      <symbol id="sm-0">
         <name>cinit</name>
         <value>0x56840</value>
      </symbol>
      <symbol id="sm-1">
         <name>___cinit__</name>
         <value>0x56840</value>
      </symbol>
      <symbol id="sm-2">
         <name>pinit</name>
         <value>0xffffffff</value>
      </symbol>
      <symbol id="sm-3">
         <name>___pinit__</name>
         <value>0xffffffff</value>
      </symbol>
      <symbol id="sm-4">
         <name>binit</name>
         <value>0xffffffff</value>
      </symbol>
      <symbol id="sm-5">
         <name>___binit__</name>
         <value>0xffffffff</value>
      </symbol>
      <symbol id="sm-6">
         <name>__STACK_SIZE</name>
         <value>0x400</value>
      </symbol>
      <symbol id="sm-7">
         <name>__STACK_END</name>
         <value>0x84500</value>
      </symbol>
      <symbol id="sm-8">
         <name>___c_args__</name>
         <value>0xffffffff</value>
      </symbol>
      <symbol id="sm-9">
         <name>.text</name>
         <value>0x81e40</value>
      </symbol>
      <symbol id="sm-a">
         <name>___text__</name>
         <value>0x81e40</value>
      </symbol>
      <symbol id="sm-b">
         <name>etext</name>
         <value>0x84100</value>
      </symbol>
      <symbol id="sm-c">
         <name>___etext__</name>
         <value>0x84100</value>
      </symbol>
      <symbol id="sm-d">
         <name>.data</name>
         <value>0x8</value>
      </symbol>
      <symbol id="sm-e">
         <name>___data__</name>
         <value>0x8</value>
      </symbol>
      <symbol id="sm-f">
         <name>edata</name>
         <value>0x8</value>
      </symbol>
      <symbol id="sm-10">
         <name>___edata__</name>
         <value>0x8</value>
      </symbol>
      <symbol id="sm-11">
         <name>.bss</name>
         <value>0x8</value>
      </symbol>
      <symbol id="sm-12">
         <name>___bss__</name>
         <value>0x8</value>
      </symbol>
      <symbol id="sm-13">
         <name>end</name>
         <value>0x8</value>
      </symbol>
      <symbol id="sm-14">
         <name>___end__</name>
         <value>0x8</value>
      </symbol>
      <symbol id="sm-15">
         <name>___TI_pprof_out_hndl</name>
         <value>0xffffffff</value>
      </symbol>
      <symbol id="sm-16">
         <name>___TI_prof_data_start</name>
         <value>0xffffffff</value>
      </symbol>
      <symbol id="sm-17">
         <name>___TI_prof_data_size</name>
         <value>0xffffffff</value>
      </symbol>
      <symbol id="sm-18">
         <name>$bss</name>
         <value>0x8</value>
      </symbol>
      <symbol id="sm-6f">
         <name>_main</name>
         <value>0x82840</value>
         <object_component_ref idref="oc-72"/>
      </symbol>
      <symbol id="sm-70">
         <name>_gain</name>
         <value>0x2b324</value>
         <object_component_ref idref="oc-5"/>
      </symbol>
      <symbol id="sm-71">
         <name>_dly</name>
         <value>0x2b328</value>
         <object_component_ref idref="oc-5"/>
      </symbol>
      <symbol id="sm-72">
         <name>_Speech</name>
         <value>0x208</value>
         <object_component_ref idref="oc-5"/>
      </symbol>
      <symbol id="sm-73">
         <name>_yn</name>
         <value>0x2b320</value>
         <object_component_ref idref="oc-5"/>
      </symbol>
      <symbol id="sm-74">
         <name>_temp</name>
         <value>0x2b528</value>
         <object_component_ref idref="oc-5"/>
      </symbol>
      <symbol id="sm-75">
         <name>_fs</name>
         <value>0x2b31c</value>
         <object_component_ref idref="oc-5"/>
      </symbol>
      <symbol id="sm-76">
         <name>_y</name>
         <value>0x2b530</value>
         <object_component_ref idref="oc-5"/>
      </symbol>
      <symbol id="sm-77">
         <name>_h</name>
         <value>0x8</value>
         <object_component_ref idref="oc-5"/>
      </symbol>
      <symbol id="sm-c0">
         <name>_comm_poll</name>
         <value>0x81ee4</value>
         <object_component_ref idref="oc-75"/>
      </symbol>
      <symbol id="sm-c1">
         <name>_output_left_sample</name>
         <value>0x820e4</value>
         <object_component_ref idref="oc-75"/>
      </symbol>
      <symbol id="sm-c2">
         <name>_comm_intr</name>
         <value>0x81f0c</value>
         <object_component_ref idref="oc-75"/>
      </symbol>
      <symbol id="sm-c3">
         <name>_input_left_sample</name>
         <value>0x82328</value>
         <object_component_ref idref="oc-75"/>
      </symbol>
      <symbol id="sm-c4">
         <name>_output_sample</name>
         <value>0x81ff8</value>
         <object_component_ref idref="oc-75"/>
      </symbol>
      <symbol id="sm-c5">
         <name>_c6416_dsk_init</name>
         <value>0x81e40</value>
         <object_component_ref idref="oc-75"/>
      </symbol>
      <symbol id="sm-c6">
         <name>_config</name>
         <value>0x56784</value>
         <object_component_ref idref="oc-b"/>
      </symbol>
      <symbol id="sm-c7">
         <name>_input_right_sample</name>
         <value>0x823c8</value>
         <object_component_ref idref="oc-75"/>
      </symbol>
      <symbol id="sm-c8">
         <name>_AIC_data</name>
         <value>0x56740</value>
         <object_component_ref idref="oc-b"/>
      </symbol>
      <symbol id="sm-c9">
         <name>_hAIC23_handle</name>
         <value>0x56798</value>
         <object_component_ref idref="oc-b"/>
      </symbol>
      <symbol id="sm-ca">
         <name>_AIC23CfgData</name>
         <value>0x5674c</value>
         <object_component_ref idref="oc-b"/>
      </symbol>
      <symbol id="sm-cb">
         <name>_input_sample</name>
         <value>0x82250</value>
         <object_component_ref idref="oc-75"/>
      </symbol>
      <symbol id="sm-cc">
         <name>_output_right_sample</name>
         <value>0x8219c</value>
         <object_component_ref idref="oc-75"/>
      </symbol>
      <symbol id="sm-d8">
         <name>_c_int00</name>
         <value>0x83ec0</value>
         <object_component_ref idref="oc-2"/>
      </symbol>
      <symbol id="sm-d9">
         <name>__stack</name>
         <value>0x84100</value>
         <object_component_ref idref="oc-10"/>
      </symbol>
      <symbol id="sm-e9">
         <name>C$$EXIT</name>
         <value>0x840c0</value>
         <object_component_ref idref="oc-73"/>
      </symbol>
      <symbol id="sm-ea">
         <name>_exit</name>
         <value>0x83a60</value>
         <object_component_ref idref="oc-64"/>
      </symbol>
      <symbol id="sm-eb">
         <name>___TI_enable_exit_profile_output</name>
         <value>0x56834</value>
         <object_component_ref idref="oc-15"/>
      </symbol>
      <symbol id="sm-ec">
         <name>_abort</name>
         <value>0x840c0</value>
         <object_component_ref idref="oc-73"/>
      </symbol>
      <symbol id="sm-ed">
         <name>__cleanup_ptr</name>
         <value>0x5682c</value>
         <object_component_ref idref="oc-15"/>
      </symbol>
      <symbol id="sm-ee">
         <name>__dtors_ptr</name>
         <value>0x56830</value>
         <object_component_ref idref="oc-15"/>
      </symbol>
      <symbol id="sm-f8">
         <name>__args_main</name>
         <value>0x83f60</value>
         <object_component_ref idref="oc-63"/>
      </symbol>
      <symbol id="sm-f9">
         <name>__TI_args_main</name>
         <value>0x1</value>
      </symbol>
      <symbol id="sm-103">
         <name>__auto_init</name>
         <value>0x83720</value>
         <object_component_ref idref="oc-62"/>
      </symbol>
      <symbol id="sm-10d">
         <name>___TI_cpp_init</name>
         <value>0x83dc0</value>
         <object_component_ref idref="oc-71"/>
      </symbol>
      <symbol id="sm-117">
         <name>_copy_in</name>
         <value>0x83d20</value>
         <object_component_ref idref="oc-6f"/>
      </symbol>
      <symbol id="sm-11f">
         <name>_memcpy</name>
         <value>0x83800</value>
         <object_component_ref idref="oc-70"/>
      </symbol>
      <symbol id="sm-13b">
         <name>__IRQ_eventTable</name>
         <value>0x56670</value>
         <object_component_ref idref="oc-29"/>
      </symbol>
      <symbol id="sm-13c">
         <name>_IRQ_nmiEnable</name>
         <value>0x84000</value>
         <object_component_ref idref="oc-7b"/>
      </symbol>
      <symbol id="sm-13d">
         <name>_IRQ_reset</name>
         <value>0x83f20</value>
         <object_component_ref idref="oc-79"/>
      </symbol>
      <symbol id="sm-13e">
         <name>__IRQ_intTable</name>
         <value>0x566f8</value>
         <object_component_ref idref="oc-29"/>
      </symbol>
      <symbol id="sm-13f">
         <name>_IRQ_globalEnable</name>
         <value>0x83fe0</value>
         <object_component_ref idref="oc-7a"/>
      </symbol>
      <symbol id="sm-140">
         <name>_IRQ_globalDisable</name>
         <value>0x83fc0</value>
         <object_component_ref idref="oc-76"/>
      </symbol>
      <symbol id="sm-141">
         <name>_IRQ_map</name>
         <value>0x82f00</value>
         <object_component_ref idref="oc-78"/>
      </symbol>
      <symbol id="sm-142">
         <name>_IRQ_enable</name>
         <value>0x83fa0</value>
         <object_component_ref idref="oc-7c"/>
      </symbol>
      <symbol id="sm-143">
         <name>__IRQ_dispatchTable</name>
         <value>0x56738</value>
         <object_component_ref idref="oc-29"/>
      </symbol>
      <symbol id="sm-144">
         <name>__IRQ_hookFetchPacket</name>
         <value>0x840e0</value>
         <object_component_ref idref="oc-27"/>
      </symbol>
      <symbol id="sm-162">
         <name>_MCBSP_reset</name>
         <value>0x830e0</value>
         <object_component_ref idref="oc-74"/>
      </symbol>
      <symbol id="sm-163">
         <name>_MCBSP_read</name>
         <value>0x84040</value>
         <object_component_ref idref="oc-6c"/>
      </symbol>
      <symbol id="sm-164">
         <name>_MCBSP_getXmtEventId</name>
         <value>0x84020</value>
         <object_component_ref idref="oc-77"/>
      </symbol>
      <symbol id="sm-165">
         <name>_MCBSP_open</name>
         <value>0x83560</value>
         <object_component_ref idref="oc-68"/>
      </symbol>
      <symbol id="sm-166">
         <name>__MCBSP_hDev0</name>
         <value>0x567e8</value>
         <object_component_ref idref="oc-2e"/>
      </symbol>
      <symbol id="sm-167">
         <name>__MCBSP_hDev1</name>
         <value>0x567ec</value>
         <object_component_ref idref="oc-2e"/>
      </symbol>
      <symbol id="sm-168">
         <name>__MCBSP_hDev2</name>
         <value>0x567f0</value>
         <object_component_ref idref="oc-2e"/>
      </symbol>
      <symbol id="sm-169">
         <name>_MCBSP_start</name>
         <value>0x83640</value>
         <object_component_ref idref="oc-6a"/>
      </symbol>
      <symbol id="sm-16a">
         <name>_MCBSP_rrdy</name>
         <value>0x84060</value>
         <object_component_ref idref="oc-6b"/>
      </symbol>
      <symbol id="sm-16b">
         <name>_MCBSP_config</name>
         <value>0x838e0</value>
         <object_component_ref idref="oc-69"/>
      </symbol>
      <symbol id="sm-16c">
         <name>_MCBSP_xrdy</name>
         <value>0x840a0</value>
         <object_component_ref idref="oc-6d"/>
      </symbol>
      <symbol id="sm-16d">
         <name>_MCBSP_write</name>
         <value>0x84080</value>
         <object_component_ref idref="oc-6e"/>
      </symbol>
      <symbol id="sm-19d">
         <name>_DSK6416_waitusec</name>
         <value>0x82720</value>
         <object_component_ref idref="oc-32"/>
      </symbol>
      <symbol id="sm-19e">
         <name>_DSK6416_rget</name>
         <value>0x82630</value>
         <object_component_ref idref="oc-32"/>
      </symbol>
      <symbol id="sm-19f">
         <name>_DSK6416_wait</name>
         <value>0x826b0</value>
         <object_component_ref idref="oc-32"/>
      </symbol>
      <symbol id="sm-1a0">
         <name>_DSK6416_rset</name>
         <value>0x82668</value>
         <object_component_ref idref="oc-32"/>
      </symbol>
      <symbol id="sm-1a1">
         <name>_DSK6416_version</name>
         <value>0x5679a</value>
         <object_component_ref idref="oc-33"/>
      </symbol>
      <symbol id="sm-1a2">
         <name>_DSK6416_getVersion</name>
         <value>0x8276c</value>
         <object_component_ref idref="oc-32"/>
      </symbol>
      <symbol id="sm-1a3">
         <name>_DSK6416_init</name>
         <value>0x82480</value>
         <object_component_ref idref="oc-32"/>
      </symbol>
      <symbol id="sm-1c5">
         <name>_DSK6416_AIC23_openCodec</name>
         <value>0x82ac0</value>
         <object_component_ref idref="oc-39"/>
      </symbol>
      <symbol id="sm-1c6">
         <name>_DSK6416_AIC23_codecdatahandle</name>
         <value>0x5683c</value>
         <object_component_ref idref="oc-3a"/>
      </symbol>
      <symbol id="sm-1c7">
         <name>_DSK6416_AIC23_codeccontrolhandle</name>
         <value>0x56838</value>
         <object_component_ref idref="oc-3a"/>
      </symbol>
      <symbol id="sm-1f4">
         <name>_DSK6416_AIC23_rset</name>
         <value>0x82ce0</value>
         <object_component_ref idref="oc-40"/>
      </symbol>
      <symbol id="sm-1f5">
         <name>_DSK6416_AIC23_config</name>
         <value>0x82e3c</value>
         <object_component_ref idref="oc-40"/>
      </symbol>
      <symbol id="sm-1f6">
         <name>_DSK6416_AIC23_rget</name>
         <value>0x82dfc</value>
         <object_component_ref idref="oc-40"/>
      </symbol>
      <symbol id="sm-213">
         <name>_DSK6416_AIC23_setFreq</name>
         <value>0x83460</value>
         <object_component_ref idref="oc-47"/>
      </symbol>
      <symbol id="sm-223">
         <name>_DSK6416_DIP_init</name>
         <value>0x83e40</value>
         <object_component_ref idref="oc-4e"/>
      </symbol>
      <symbol id="sm-224">
         <name>_DSK6416_DIP_get</name>
         <value>0x83e44</value>
         <object_component_ref idref="oc-4e"/>
      </symbol>
      <symbol id="sm-23d">
         <name>_DSK6416_LED_init</name>
         <value>0x832c0</value>
         <object_component_ref idref="oc-53"/>
      </symbol>
      <symbol id="sm-23e">
         <name>_DSK6416_LED_toggle</name>
         <value>0x833e0</value>
         <object_component_ref idref="oc-53"/>
      </symbol>
      <symbol id="sm-23f">
         <name>_DSK6416_LED_on</name>
         <value>0x83374</value>
         <object_component_ref idref="oc-53"/>
      </symbol>
      <symbol id="sm-240">
         <name>_DSK6416_LED_off</name>
         <value>0x83308</value>
         <object_component_ref idref="oc-53"/>
      </symbol>
      <symbol id="sm-248">
         <name>__strasg</name>
         <value>0x839a0</value>
         <object_component_ref idref="oc-65"/>
      </symbol>
      <symbol id="sm-252">
         <name>_EMIFA_config</name>
         <value>0x83be0</value>
         <object_component_ref idref="oc-67"/>
      </symbol>
      <symbol id="sm-25c">
         <name>_EMIFB_config</name>
         <value>0x83c80</value>
         <object_component_ref idref="oc-66"/>
      </symbol>
   </symbol_table>
</link_info>
