<?xml version="1.0"?>
<link_info>
   <banner>TMS320C6x Linker PC v7.4.20</banner>
   <copyright>Copyright (c) 1996-2015 Texas Instruments Incorporated</copyright>
   <link_time>0x67f4f181</link_time>
   <output_file>bt101.out</output_file>
   <entry_point>
      <name>_c_int00</name>
      <address>0x21e0</address>
   </entry_point>
   <input_file_list>
      <input_file id="fl-2">
         <path>.\</path>
         <kind>object</kind>
         <file>Fir.obj</file>
         <name>Fir.obj</name>
      </input_file>
      <input_file id="fl-3">
         <path>.\</path>
         <kind>object</kind>
         <file>Vectors_intr.obj</file>
         <name>Vectors_intr.obj</name>
      </input_file>
      <input_file id="fl-4">
         <path>.\</path>
         <kind>object</kind>
         <file>c6416dskinit.obj</file>
         <name>c6416dskinit.obj</name>
      </input_file>
      <input_file id="fl-81">
         <path>C:\ti\ccsv7\2_c6000_7.4.20\c6000_7.4.20\lib\</path>
         <kind>archive</kind>
         <file>rts6400.lib</file>
         <name>boot.obj</name>
      </input_file>
      <input_file id="fl-82">
         <path>C:\ti\ccsv7\2_c6000_7.4.20\c6000_7.4.20\lib\</path>
         <kind>archive</kind>
         <file>rts6400.lib</file>
         <name>exit.obj</name>
      </input_file>
      <input_file id="fl-83">
         <path>C:\ti\ccsv7\2_c6000_7.4.20\c6000_7.4.20\lib\</path>
         <kind>archive</kind>
         <file>rts6400.lib</file>
         <name>args_main.obj</name>
      </input_file>
      <input_file id="fl-84">
         <path>C:\ti\ccsv7\2_c6000_7.4.20\c6000_7.4.20\lib\</path>
         <kind>archive</kind>
         <file>rts6400.lib</file>
         <name>autoinit.obj</name>
      </input_file>
      <input_file id="fl-85">
         <path>C:\ti\ccsv7\2_c6000_7.4.20\c6000_7.4.20\lib\</path>
         <kind>archive</kind>
         <file>rts6400.lib</file>
         <name>cpp_init.obj</name>
      </input_file>
      <input_file id="fl-86">
         <path>C:\ti\ccsv7\2_c6000_7.4.20\c6000_7.4.20\lib\</path>
         <kind>archive</kind>
         <file>rts6400.lib</file>
         <name>cpy_tbl.obj</name>
      </input_file>
      <input_file id="fl-87">
         <path>C:\ti\ccsv7\2_c6000_7.4.20\c6000_7.4.20\lib\</path>
         <kind>archive</kind>
         <file>rts6400.lib</file>
         <name>memcpy64.obj</name>
      </input_file>
      <input_file id="fl-88">
         <path>C:\ti\2_ThuvienDSP\lib\</path>
         <kind>archive</kind>
         <file>csl6416.lib</file>
         <name>csl_irq.obj</name>
      </input_file>
      <input_file id="fl-89">
         <path>C:\ti\2_ThuvienDSP\lib\</path>
         <kind>archive</kind>
         <file>csl6416.lib</file>
         <name>csl_mcbsp.obj</name>
      </input_file>
      <input_file id="fl-8a">
         <path>C:\ti\2_ThuvienDSP\lib\</path>
         <kind>archive</kind>
         <file>dsk6416bsl.lib</file>
         <name>dsk6416.obj</name>
      </input_file>
      <input_file id="fl-8b">
         <path>C:\ti\2_ThuvienDSP\lib\</path>
         <kind>archive</kind>
         <file>dsk6416bsl.lib</file>
         <name>dsk6416_aic23_opencodec.obj</name>
      </input_file>
      <input_file id="fl-8c">
         <path>C:\ti\2_ThuvienDSP\lib\</path>
         <kind>archive</kind>
         <file>dsk6416bsl.lib</file>
         <name>dsk6416_aic23_registers.obj</name>
      </input_file>
      <input_file id="fl-8d">
         <path>C:\ti\2_ThuvienDSP\lib\</path>
         <kind>archive</kind>
         <file>dsk6416bsl.lib</file>
         <name>dsk6416_aic23_setfreq.obj</name>
      </input_file>
      <input_file id="fl-8e">
         <path>C:\ti\ccsv7\2_c6000_7.4.20\c6000_7.4.20\lib\</path>
         <kind>archive</kind>
         <file>rts6400.lib</file>
         <name>strasg.obj</name>
      </input_file>
      <input_file id="fl-8f">
         <path>C:\ti\2_ThuvienDSP\lib\</path>
         <kind>archive</kind>
         <file>csl6416.lib</file>
         <name>csl_emifa.obj</name>
      </input_file>
      <input_file id="fl-90">
         <path>C:\ti\2_ThuvienDSP\lib\</path>
         <kind>archive</kind>
         <file>csl6416.lib</file>
         <name>csl_emifb.obj</name>
      </input_file>
   </input_file_list>
   <object_component_list>
      <object_component id="oc-6c">
         <name>.text</name>
         <load_address>0x220</load_address>
         <run_address>0x220</run_address>
         <size>0x640</size>
         <input_file_ref idref="fl-4"/>
      </object_component>
      <object_component id="oc-12">
         <name>.text:retain</name>
         <load_address>0x860</load_address>
         <run_address>0x860</run_address>
         <size>0x3e0</size>
         <input_file_ref idref="fl-2"/>
      </object_component>
      <object_component id="oc-44">
         <name>.text</name>
         <load_address>0xc40</load_address>
         <run_address>0xc40</run_address>
         <size>0x3c0</size>
         <input_file_ref idref="fl-8a"/>
      </object_component>
      <object_component id="oc-4b">
         <name>.text</name>
         <load_address>0x1000</load_address>
         <run_address>0x1000</run_address>
         <size>0x220</size>
         <input_file_ref idref="fl-8b"/>
      </object_component>
      <object_component id="oc-52">
         <name>.text</name>
         <load_address>0x1220</load_address>
         <run_address>0x1220</run_address>
         <size>0x220</size>
         <input_file_ref idref="fl-8c"/>
      </object_component>
      <object_component id="oc-7e">
         <name>.text:_IRQ_map</name>
         <load_address>0x1440</load_address>
         <run_address>0x1440</run_address>
         <size>0x1e0</size>
         <input_file_ref idref="fl-88"/>
      </object_component>
      <object_component id="oc-83">
         <name>.text:_MCBSP_reset</name>
         <load_address>0x1620</load_address>
         <run_address>0x1620</run_address>
         <size>0x1e0</size>
         <input_file_ref idref="fl-89"/>
      </object_component>
      <object_component id="oc-59">
         <name>.text</name>
         <load_address>0x1800</load_address>
         <run_address>0x1800</run_address>
         <size>0x100</size>
         <input_file_ref idref="fl-8d"/>
      </object_component>
      <object_component id="oc-70">
         <name>.text:_MCBSP_open</name>
         <load_address>0x1900</load_address>
         <run_address>0x1900</run_address>
         <size>0xe0</size>
         <input_file_ref idref="fl-89"/>
      </object_component>
      <object_component id="oc-72">
         <name>.text:_MCBSP_start</name>
         <load_address>0x19e0</load_address>
         <run_address>0x19e0</run_address>
         <size>0xe0</size>
         <input_file_ref idref="fl-89"/>
      </object_component>
      <object_component id="oc-69">
         <name>.text:__auto_init</name>
         <load_address>0x1ac0</load_address>
         <run_address>0x1ac0</run_address>
         <size>0xe0</size>
         <input_file_ref idref="fl-84"/>
      </object_component>
      <object_component id="oc-78">
         <name>.text:_memcpy</name>
         <load_address>0x1ba0</load_address>
         <run_address>0x1ba0</run_address>
         <size>0xe0</size>
         <input_file_ref idref="fl-87"/>
      </object_component>
      <object_component id="oc-71">
         <name>.text:_MCBSP_config</name>
         <load_address>0x1c80</load_address>
         <run_address>0x1c80</run_address>
         <size>0xc0</size>
         <input_file_ref idref="fl-89"/>
      </object_component>
      <object_component id="oc-6d">
         <name>.text:__strasg</name>
         <load_address>0x1d40</load_address>
         <run_address>0x1d40</run_address>
         <size>0xc0</size>
         <input_file_ref idref="fl-8e"/>
      </object_component>
      <object_component id="oc-6b">
         <name>.text:_exit</name>
         <load_address>0x1e00</load_address>
         <run_address>0x1e00</run_address>
         <size>0xc0</size>
         <input_file_ref idref="fl-82"/>
      </object_component>
      <object_component id="oc-84">
         <name>.text:_setMux</name>
         <load_address>0x1ec0</load_address>
         <run_address>0x1ec0</run_address>
         <size>0xc0</size>
         <input_file_ref idref="fl-88"/>
      </object_component>
      <object_component id="oc-6f">
         <name>.text:_EMIFA_config</name>
         <load_address>0x1f80</load_address>
         <run_address>0x1f80</run_address>
         <size>0xa0</size>
         <input_file_ref idref="fl-8f"/>
      </object_component>
      <object_component id="oc-6e">
         <name>.text:_EMIFB_config</name>
         <load_address>0x2020</load_address>
         <run_address>0x2020</run_address>
         <size>0xa0</size>
         <input_file_ref idref="fl-90"/>
      </object_component>
      <object_component id="oc-77">
         <name>.text:_copy_in</name>
         <load_address>0x20c0</load_address>
         <run_address>0x20c0</run_address>
         <size>0xa0</size>
         <input_file_ref idref="fl-86"/>
      </object_component>
      <object_component id="oc-79">
         <name>.text:___TI_cpp_init</name>
         <load_address>0x2160</load_address>
         <run_address>0x2160</run_address>
         <size>0x80</size>
         <input_file_ref idref="fl-85"/>
      </object_component>
      <object_component id="oc-e">
         <name>.text:_c_int00</name>
         <load_address>0x21e0</load_address>
         <run_address>0x21e0</run_address>
         <size>0x60</size>
         <input_file_ref idref="fl-81"/>
      </object_component>
      <object_component id="oc-7f">
         <name>.text:_IRQ_reset</name>
         <load_address>0x2240</load_address>
         <run_address>0x2240</run_address>
         <size>0x40</size>
         <input_file_ref idref="fl-88"/>
      </object_component>
      <object_component id="oc-6a">
         <name>.text:__args_main</name>
         <load_address>0x2280</load_address>
         <run_address>0x2280</run_address>
         <size>0x40</size>
         <input_file_ref idref="fl-83"/>
      </object_component>
      <object_component id="oc-7a">
         <name>.text</name>
         <load_address>0x22c0</load_address>
         <run_address>0x22c0</run_address>
         <size>0x20</size>
         <input_file_ref idref="fl-2"/>
      </object_component>
      <object_component id="oc-16">
         <name>.text</name>
         <load_address>0x22e0</load_address>
         <run_address>0x22e0</run_address>
         <size>0x20</size>
         <input_file_ref idref="fl-3"/>
      </object_component>
      <object_component id="oc-82">
         <name>.text:_IRQ_enable</name>
         <load_address>0x2300</load_address>
         <run_address>0x2300</run_address>
         <size>0x20</size>
         <input_file_ref idref="fl-88"/>
      </object_component>
      <object_component id="oc-7c">
         <name>.text:_IRQ_globalDisable</name>
         <load_address>0x2320</load_address>
         <run_address>0x2320</run_address>
         <size>0x20</size>
         <input_file_ref idref="fl-88"/>
      </object_component>
      <object_component id="oc-80">
         <name>.text:_IRQ_globalEnable</name>
         <load_address>0x2340</load_address>
         <run_address>0x2340</run_address>
         <size>0x20</size>
         <input_file_ref idref="fl-88"/>
      </object_component>
      <object_component id="oc-81">
         <name>.text:_IRQ_nmiEnable</name>
         <load_address>0x2360</load_address>
         <run_address>0x2360</run_address>
         <size>0x20</size>
         <input_file_ref idref="fl-88"/>
      </object_component>
      <object_component id="oc-7d">
         <name>.text:_MCBSP_getXmtEventId</name>
         <load_address>0x2380</load_address>
         <run_address>0x2380</run_address>
         <size>0x20</size>
         <input_file_ref idref="fl-89"/>
      </object_component>
      <object_component id="oc-74">
         <name>.text:_MCBSP_read</name>
         <load_address>0x23a0</load_address>
         <run_address>0x23a0</run_address>
         <size>0x20</size>
         <input_file_ref idref="fl-89"/>
      </object_component>
      <object_component id="oc-73">
         <name>.text:_MCBSP_rrdy</name>
         <load_address>0x23c0</load_address>
         <run_address>0x23c0</run_address>
         <size>0x20</size>
         <input_file_ref idref="fl-89"/>
      </object_component>
      <object_component id="oc-76">
         <name>.text:_MCBSP_write</name>
         <load_address>0x23e0</load_address>
         <run_address>0x23e0</run_address>
         <size>0x20</size>
         <input_file_ref idref="fl-89"/>
      </object_component>
      <object_component id="oc-75">
         <name>.text:_MCBSP_xrdy</name>
         <load_address>0x2400</load_address>
         <run_address>0x2400</run_address>
         <size>0x20</size>
         <input_file_ref idref="fl-89"/>
      </object_component>
      <object_component id="oc-7b">
         <name>.text:_abort</name>
         <load_address>0x2420</load_address>
         <run_address>0x2420</run_address>
         <size>0x20</size>
         <input_file_ref idref="fl-82"/>
      </object_component>
      <object_component id="oc-39">
         <name>.text</name>
         <load_address>0x2440</load_address>
         <run_address>0x2440</run_address>
         <size>0x20</size>
         <input_file_ref idref="fl-88"/>
      </object_component>
      <object_component id="oc-10">
         <name>.cinit</name>
         <load_address>0x2bf8</load_address>
         <run_address>0x2bf8</run_address>
         <size>0x224</size>
         <input_file_ref idref="fl-2"/>
      </object_component>
      <object_component id="oc-3a">
         <name>.cinit</name>
         <load_address>0x2e20</load_address>
         <run_address>0x2e20</run_address>
         <size>0x12c</size>
         <input_file_ref idref="fl-88"/>
      </object_component>
      <object_component id="oc-3f">
         <name>.cinit</name>
         <load_address>0x2f50</load_address>
         <run_address>0x2f50</run_address>
         <size>0x7c</size>
         <input_file_ref idref="fl-89"/>
      </object_component>
      <object_component id="oc-1c">
         <name>.cinit</name>
         <load_address>0x2fd0</load_address>
         <run_address>0x2fd0</run_address>
         <size>0x5c</size>
         <input_file_ref idref="fl-4"/>
      </object_component>
      <object_component id="oc-26">
         <name>.cinit</name>
         <load_address>0x3030</load_address>
         <run_address>0x3030</run_address>
         <size>0x2c</size>
         <input_file_ref idref="fl-82"/>
      </object_component>
      <object_component id="oc-5a">
         <name>.cinit</name>
         <load_address>0x3060</load_address>
         <run_address>0x3060</run_address>
         <size>0x28</size>
         <input_file_ref idref="fl-8d"/>
      </object_component>
      <object_component id="oc-53">
         <name>.cinit</name>
         <load_address>0x3088</load_address>
         <run_address>0x3088</run_address>
         <size>0x1c</size>
         <input_file_ref idref="fl-8c"/>
      </object_component>
      <object_component id="oc-22">
         <name>.stack</name>
         <uninitialized>true</uninitialized>
         <run_address>0x30b0</run_address>
         <size>0x8</size>
         <input_file_ref idref="fl-81"/>
      </object_component>
      <object_component id="oc-9c">
         <name>.stack</name>
         <uninitialized>true</uninitialized>
         <run_address>0x30b0</run_address>
         <size>0x0</size>
      </object_component>
      <object_component id="oc-46">
         <name>.const</name>
         <load_address>0x34b0</load_address>
         <run_address>0x34b0</run_address>
         <size>0xc0</size>
         <input_file_ref idref="fl-8a"/>
      </object_component>
      <object_component id="oc-4d">
         <name>.const</name>
         <load_address>0x3570</load_address>
         <run_address>0x3570</run_address>
         <size>0x70</size>
         <input_file_ref idref="fl-8b"/>
      </object_component>
      <object_component id="oc-11">
         <name>.far</name>
         <uninitialized>true</uninitialized>
         <run_address>0x2460</run_address>
         <size>0x598</size>
         <input_file_ref idref="fl-2"/>
      </object_component>
      <object_component id="oc-1d">
         <name>.far</name>
         <uninitialized>true</uninitialized>
         <run_address>0x2af8</run_address>
         <size>0x5a</size>
         <input_file_ref idref="fl-4"/>
      </object_component>
      <object_component id="oc-27">
         <name>.far</name>
         <uninitialized>true</uninitialized>
         <run_address>0x2be4</run_address>
         <size>0xc</size>
         <input_file_ref idref="fl-82"/>
      </object_component>
      <object_component id="oc-3b">
         <name>.far</name>
         <uninitialized>true</uninitialized>
         <run_address>0x29f8</run_address>
         <size>0x100</size>
         <input_file_ref idref="fl-88"/>
      </object_component>
      <object_component id="oc-40">
         <name>.far</name>
         <uninitialized>true</uninitialized>
         <run_address>0x2b58</run_address>
         <size>0x54</size>
         <input_file_ref idref="fl-89"/>
      </object_component>
      <object_component id="oc-45">
         <name>.far</name>
         <uninitialized>true</uninitialized>
         <run_address>0x2b52</run_address>
         <size>0x4</size>
         <input_file_ref idref="fl-8a"/>
      </object_component>
      <object_component id="oc-4c">
         <name>.far</name>
         <uninitialized>true</uninitialized>
         <run_address>0x2bf0</run_address>
         <size>0x8</size>
         <input_file_ref idref="fl-8b"/>
      </object_component>
      <object_component id="oc-54">
         <name>.far</name>
         <uninitialized>true</uninitialized>
         <run_address>0x2bd0</run_address>
         <size>0x14</size>
         <input_file_ref idref="fl-8c"/>
      </object_component>
      <object_component id="oc-5b">
         <name>.far</name>
         <uninitialized>true</uninitialized>
         <run_address>0x2bb0</run_address>
         <size>0x20</size>
         <input_file_ref idref="fl-8d"/>
      </object_component>
      <object_component id="oc-f">
         <name>.debug_info</name>
         <load_address>0x0</load_address>
         <run_address>0x0</run_address>
         <size>0x86f</size>
         <input_file_ref idref="fl-2"/>
      </object_component>
      <object_component id="oc-18">
         <name>.debug_info</name>
         <load_address>0x86f</load_address>
         <run_address>0x86f</run_address>
         <size>0xf0</size>
         <input_file_ref idref="fl-3"/>
      </object_component>
      <object_component id="oc-1b">
         <name>.debug_info</name>
         <load_address>0x95f</load_address>
         <run_address>0x95f</run_address>
         <size>0x1562</size>
         <input_file_ref idref="fl-4"/>
      </object_component>
      <object_component id="oc-21">
         <name>.debug_info</name>
         <load_address>0x1ec1</load_address>
         <run_address>0x1ec1</run_address>
         <size>0x73c</size>
         <input_file_ref idref="fl-81"/>
      </object_component>
      <object_component id="oc-25">
         <name>.debug_info</name>
         <load_address>0x25fd</load_address>
         <run_address>0x25fd</run_address>
         <size>0x86a</size>
         <input_file_ref idref="fl-82"/>
      </object_component>
      <object_component id="oc-2a">
         <name>.debug_info</name>
         <load_address>0x2e67</load_address>
         <run_address>0x2e67</run_address>
         <size>0x712</size>
         <input_file_ref idref="fl-83"/>
      </object_component>
      <object_component id="oc-2d">
         <name>.debug_info</name>
         <load_address>0x3579</load_address>
         <run_address>0x3579</run_address>
         <size>0x8e9</size>
         <input_file_ref idref="fl-84"/>
      </object_component>
      <object_component id="oc-30">
         <name>.debug_info</name>
         <load_address>0x3e62</load_address>
         <run_address>0x3e62</run_address>
         <size>0x761</size>
         <input_file_ref idref="fl-85"/>
      </object_component>
      <object_component id="oc-33">
         <name>.debug_info</name>
         <load_address>0x45c3</load_address>
         <run_address>0x45c3</run_address>
         <size>0x857</size>
         <input_file_ref idref="fl-86"/>
      </object_component>
      <object_component id="oc-36">
         <name>.debug_info</name>
         <load_address>0x4e1a</load_address>
         <run_address>0x4e1a</run_address>
         <size>0x110</size>
         <input_file_ref idref="fl-87"/>
      </object_component>
      <object_component id="oc-3d">
         <name>.debug_info</name>
         <load_address>0x4f2a</load_address>
         <run_address>0x4f2a</run_address>
         <size>0xcc6</size>
         <input_file_ref idref="fl-88"/>
      </object_component>
      <object_component id="oc-42">
         <name>.debug_info</name>
         <load_address>0x5bf0</load_address>
         <run_address>0x5bf0</run_address>
         <size>0xfac</size>
         <input_file_ref idref="fl-89"/>
      </object_component>
      <object_component id="oc-48">
         <name>.debug_info</name>
         <load_address>0x6b9c</load_address>
         <run_address>0x6b9c</run_address>
         <size>0xd57</size>
         <input_file_ref idref="fl-8a"/>
      </object_component>
      <object_component id="oc-4f">
         <name>.debug_info</name>
         <load_address>0x78f3</load_address>
         <run_address>0x78f3</run_address>
         <size>0xbbd</size>
         <input_file_ref idref="fl-8b"/>
      </object_component>
      <object_component id="oc-56">
         <name>.debug_info</name>
         <load_address>0x84b0</load_address>
         <run_address>0x84b0</run_address>
         <size>0xba3</size>
         <input_file_ref idref="fl-8c"/>
      </object_component>
      <object_component id="oc-5d">
         <name>.debug_info</name>
         <load_address>0x9053</load_address>
         <run_address>0x9053</run_address>
         <size>0x78a</size>
         <input_file_ref idref="fl-8d"/>
      </object_component>
      <object_component id="oc-60">
         <name>.debug_info</name>
         <load_address>0x97dd</load_address>
         <run_address>0x97dd</run_address>
         <size>0x107</size>
         <input_file_ref idref="fl-8e"/>
      </object_component>
      <object_component id="oc-64">
         <name>.debug_info</name>
         <load_address>0x98e4</load_address>
         <run_address>0x98e4</run_address>
         <size>0x730</size>
         <input_file_ref idref="fl-8f"/>
      </object_component>
      <object_component id="oc-67">
         <name>.debug_info</name>
         <load_address>0xa014</load_address>
         <run_address>0xa014</run_address>
         <size>0x730</size>
         <input_file_ref idref="fl-90"/>
      </object_component>
      <object_component id="oc-9d">
         <name>.debug_info</name>
         <load_address>0xa744</load_address>
         <run_address>0xa744</run_address>
         <size>0x6e</size>
      </object_component>
      <object_component id="oc-13">
         <name>.debug_frame</name>
         <load_address>0x0</load_address>
         <run_address>0x0</run_address>
         <size>0x384</size>
         <input_file_ref idref="fl-2"/>
      </object_component>
      <object_component id="oc-1e">
         <name>.debug_frame</name>
         <load_address>0x384</load_address>
         <run_address>0x384</run_address>
         <size>0x34d</size>
         <input_file_ref idref="fl-4"/>
      </object_component>
      <object_component id="oc-4a">
         <name>.debug_frame</name>
         <load_address>0x6d1</load_address>
         <run_address>0x6d1</run_address>
         <size>0x1d4</size>
         <input_file_ref idref="fl-8a"/>
      </object_component>
      <object_component id="oc-51">
         <name>.debug_frame</name>
         <load_address>0x8a5</load_address>
         <run_address>0x8a5</run_address>
         <size>0x134</size>
         <input_file_ref idref="fl-8b"/>
      </object_component>
      <object_component id="oc-58">
         <name>.debug_frame</name>
         <load_address>0x9d9</load_address>
         <run_address>0x9d9</run_address>
         <size>0x174</size>
         <input_file_ref idref="fl-8c"/>
      </object_component>
      <object_component id="oc-5f">
         <name>.debug_frame</name>
         <load_address>0xb4d</load_address>
         <run_address>0xb4d</run_address>
         <size>0x130</size>
         <input_file_ref idref="fl-8d"/>
      </object_component>
      <object_component id="oc-14">
         <name>.debug_line</name>
         <load_address>0x0</load_address>
         <run_address>0x0</run_address>
         <size>0x7e</size>
         <input_file_ref idref="fl-2"/>
      </object_component>
      <object_component id="oc-19">
         <name>.debug_line</name>
         <load_address>0x7e</load_address>
         <run_address>0x7e</run_address>
         <size>0xcd</size>
         <input_file_ref idref="fl-3"/>
      </object_component>
      <object_component id="oc-1f">
         <name>.debug_line</name>
         <load_address>0x14b</load_address>
         <run_address>0x14b</run_address>
         <size>0x158</size>
         <input_file_ref idref="fl-4"/>
      </object_component>
      <object_component id="oc-23">
         <name>.debug_line</name>
         <load_address>0x2a3</load_address>
         <run_address>0x2a3</run_address>
         <size>0x3d</size>
         <input_file_ref idref="fl-81"/>
      </object_component>
      <object_component id="oc-28">
         <name>.debug_line</name>
         <load_address>0x2e0</load_address>
         <run_address>0x2e0</run_address>
         <size>0x4f</size>
         <input_file_ref idref="fl-82"/>
      </object_component>
      <object_component id="oc-2b">
         <name>.debug_line</name>
         <load_address>0x32f</load_address>
         <run_address>0x32f</run_address>
         <size>0x41</size>
         <input_file_ref idref="fl-83"/>
      </object_component>
      <object_component id="oc-2e">
         <name>.debug_line</name>
         <load_address>0x370</load_address>
         <run_address>0x370</run_address>
         <size>0x47</size>
         <input_file_ref idref="fl-84"/>
      </object_component>
      <object_component id="oc-31">
         <name>.debug_line</name>
         <load_address>0x3b7</load_address>
         <run_address>0x3b7</run_address>
         <size>0x45</size>
         <input_file_ref idref="fl-85"/>
      </object_component>
      <object_component id="oc-34">
         <name>.debug_line</name>
         <load_address>0x3fc</load_address>
         <run_address>0x3fc</run_address>
         <size>0x44</size>
         <input_file_ref idref="fl-86"/>
      </object_component>
      <object_component id="oc-37">
         <name>.debug_line</name>
         <load_address>0x440</load_address>
         <run_address>0x440</run_address>
         <size>0x4f</size>
         <input_file_ref idref="fl-87"/>
      </object_component>
      <object_component id="oc-3e">
         <name>.debug_line</name>
         <load_address>0x48f</load_address>
         <run_address>0x48f</run_address>
         <size>0x109</size>
         <input_file_ref idref="fl-88"/>
      </object_component>
      <object_component id="oc-43">
         <name>.debug_line</name>
         <load_address>0x598</load_address>
         <run_address>0x598</run_address>
         <size>0x13f</size>
         <input_file_ref idref="fl-89"/>
      </object_component>
      <object_component id="oc-49">
         <name>.debug_line</name>
         <load_address>0x6d7</load_address>
         <run_address>0x6d7</run_address>
         <size>0x102</size>
         <input_file_ref idref="fl-8a"/>
      </object_component>
      <object_component id="oc-50">
         <name>.debug_line</name>
         <load_address>0x7d9</load_address>
         <run_address>0x7d9</run_address>
         <size>0x72</size>
         <input_file_ref idref="fl-8b"/>
      </object_component>
      <object_component id="oc-57">
         <name>.debug_line</name>
         <load_address>0x84b</load_address>
         <run_address>0x84b</run_address>
         <size>0xa7</size>
         <input_file_ref idref="fl-8c"/>
      </object_component>
      <object_component id="oc-5e">
         <name>.debug_line</name>
         <load_address>0x8f2</load_address>
         <run_address>0x8f2</run_address>
         <size>0x69</size>
         <input_file_ref idref="fl-8d"/>
      </object_component>
      <object_component id="oc-61">
         <name>.debug_line</name>
         <load_address>0x95b</load_address>
         <run_address>0x95b</run_address>
         <size>0x48</size>
         <input_file_ref idref="fl-8e"/>
      </object_component>
      <object_component id="oc-65">
         <name>.debug_line</name>
         <load_address>0x9a3</load_address>
         <run_address>0x9a3</run_address>
         <size>0x5a</size>
         <input_file_ref idref="fl-8f"/>
      </object_component>
      <object_component id="oc-68">
         <name>.debug_line</name>
         <load_address>0x9fd</load_address>
         <run_address>0x9fd</run_address>
         <size>0x5a</size>
         <input_file_ref idref="fl-90"/>
      </object_component>
      <object_component id="oc-15">
         <name>.debug_abbrev</name>
         <load_address>0x0</load_address>
         <run_address>0x0</run_address>
         <size>0x107</size>
         <input_file_ref idref="fl-2"/>
      </object_component>
      <object_component id="oc-1a">
         <name>.debug_abbrev</name>
         <load_address>0x107</load_address>
         <run_address>0x107</run_address>
         <size>0x21</size>
         <input_file_ref idref="fl-3"/>
      </object_component>
      <object_component id="oc-20">
         <name>.debug_abbrev</name>
         <load_address>0x128</load_address>
         <run_address>0x128</run_address>
         <size>0x18e</size>
         <input_file_ref idref="fl-4"/>
      </object_component>
      <object_component id="oc-24">
         <name>.debug_abbrev</name>
         <load_address>0x2b6</load_address>
         <run_address>0x2b6</run_address>
         <size>0xfe</size>
         <input_file_ref idref="fl-81"/>
      </object_component>
      <object_component id="oc-29">
         <name>.debug_abbrev</name>
         <load_address>0x3b4</load_address>
         <run_address>0x3b4</run_address>
         <size>0x119</size>
         <input_file_ref idref="fl-82"/>
      </object_component>
      <object_component id="oc-2c">
         <name>.debug_abbrev</name>
         <load_address>0x4cd</load_address>
         <run_address>0x4cd</run_address>
         <size>0xe1</size>
         <input_file_ref idref="fl-83"/>
      </object_component>
      <object_component id="oc-2f">
         <name>.debug_abbrev</name>
         <load_address>0x5ae</load_address>
         <run_address>0x5ae</run_address>
         <size>0x13f</size>
         <input_file_ref idref="fl-84"/>
      </object_component>
      <object_component id="oc-32">
         <name>.debug_abbrev</name>
         <load_address>0x6ed</load_address>
         <run_address>0x6ed</run_address>
         <size>0xdd</size>
         <input_file_ref idref="fl-85"/>
      </object_component>
      <object_component id="oc-35">
         <name>.debug_abbrev</name>
         <load_address>0x7ca</load_address>
         <run_address>0x7ca</run_address>
         <size>0x10c</size>
         <input_file_ref idref="fl-86"/>
      </object_component>
      <object_component id="oc-38">
         <name>.debug_abbrev</name>
         <load_address>0x8d6</load_address>
         <run_address>0x8d6</run_address>
         <size>0x3b</size>
         <input_file_ref idref="fl-87"/>
      </object_component>
      <object_component id="oc-3c">
         <name>.debug_abbrev</name>
         <load_address>0x911</load_address>
         <run_address>0x911</run_address>
         <size>0x1b7</size>
         <input_file_ref idref="fl-88"/>
      </object_component>
      <object_component id="oc-41">
         <name>.debug_abbrev</name>
         <load_address>0xac8</load_address>
         <run_address>0xac8</run_address>
         <size>0x1a3</size>
         <input_file_ref idref="fl-89"/>
      </object_component>
      <object_component id="oc-47">
         <name>.debug_abbrev</name>
         <load_address>0xc6b</load_address>
         <run_address>0xc6b</run_address>
         <size>0x162</size>
         <input_file_ref idref="fl-8a"/>
      </object_component>
      <object_component id="oc-4e">
         <name>.debug_abbrev</name>
         <load_address>0xdcd</load_address>
         <run_address>0xdcd</run_address>
         <size>0x11c</size>
         <input_file_ref idref="fl-8b"/>
      </object_component>
      <object_component id="oc-55">
         <name>.debug_abbrev</name>
         <load_address>0xee9</load_address>
         <run_address>0xee9</run_address>
         <size>0x154</size>
         <input_file_ref idref="fl-8c"/>
      </object_component>
      <object_component id="oc-5c">
         <name>.debug_abbrev</name>
         <load_address>0x103d</load_address>
         <run_address>0x103d</run_address>
         <size>0xf0</size>
         <input_file_ref idref="fl-8d"/>
      </object_component>
      <object_component id="oc-62">
         <name>.debug_abbrev</name>
         <load_address>0x112d</load_address>
         <run_address>0x112d</run_address>
         <size>0x3b</size>
         <input_file_ref idref="fl-8e"/>
      </object_component>
      <object_component id="oc-63">
         <name>.debug_abbrev</name>
         <load_address>0x1168</load_address>
         <run_address>0x1168</run_address>
         <size>0xe0</size>
         <input_file_ref idref="fl-8f"/>
      </object_component>
      <object_component id="oc-66">
         <name>.debug_abbrev</name>
         <load_address>0x1248</load_address>
         <run_address>0x1248</run_address>
         <size>0xe0</size>
         <input_file_ref idref="fl-90"/>
      </object_component>
      <object_component id="oc-9e">
         <name>.debug_abbrev</name>
         <load_address>0x1328</load_address>
         <run_address>0x1328</run_address>
         <size>0xd</size>
      </object_component>
      <object_component id="oc-17">
         <name>.vecs</name>
         <load_address>0x0</load_address>
         <run_address>0x0</run_address>
         <size>0x200</size>
         <input_file_ref idref="fl-3"/>
      </object_component>
   </object_component_list>
   <logical_group_list>
      <logical_group id="lg-2">
         <name>.EXT_RAM</name>
         <run_address>0x0</run_address>
         <size>0x0</size>
         <contents>
         </contents>
      </logical_group>
      <logical_group id="lg-3">
         <name>.vectors</name>
         <run_address>0x0</run_address>
         <size>0x0</size>
         <contents>
         </contents>
      </logical_group>
      <logical_group id="lg-4">
         <name>.text</name>
         <load_address>0x220</load_address>
         <run_address>0x220</run_address>
         <size>0x2240</size>
         <contents>
            <object_component_ref idref="oc-6c"/>
            <object_component_ref idref="oc-12"/>
            <object_component_ref idref="oc-44"/>
            <object_component_ref idref="oc-4b"/>
            <object_component_ref idref="oc-52"/>
            <object_component_ref idref="oc-7e"/>
            <object_component_ref idref="oc-83"/>
            <object_component_ref idref="oc-59"/>
            <object_component_ref idref="oc-70"/>
            <object_component_ref idref="oc-72"/>
            <object_component_ref idref="oc-69"/>
            <object_component_ref idref="oc-78"/>
            <object_component_ref idref="oc-71"/>
            <object_component_ref idref="oc-6d"/>
            <object_component_ref idref="oc-6b"/>
            <object_component_ref idref="oc-84"/>
            <object_component_ref idref="oc-6f"/>
            <object_component_ref idref="oc-6e"/>
            <object_component_ref idref="oc-77"/>
            <object_component_ref idref="oc-79"/>
            <object_component_ref idref="oc-e"/>
            <object_component_ref idref="oc-7f"/>
            <object_component_ref idref="oc-6a"/>
            <object_component_ref idref="oc-7a"/>
            <object_component_ref idref="oc-16"/>
            <object_component_ref idref="oc-82"/>
            <object_component_ref idref="oc-7c"/>
            <object_component_ref idref="oc-80"/>
            <object_component_ref idref="oc-81"/>
            <object_component_ref idref="oc-7d"/>
            <object_component_ref idref="oc-74"/>
            <object_component_ref idref="oc-73"/>
            <object_component_ref idref="oc-76"/>
            <object_component_ref idref="oc-75"/>
            <object_component_ref idref="oc-7b"/>
            <object_component_ref idref="oc-39"/>
         </contents>
      </logical_group>
      <logical_group id="lg-5">
         <name>.bss</name>
         <run_address>0x220</run_address>
         <size>0x0</size>
         <contents>
         </contents>
      </logical_group>
      <logical_group id="lg-6">
         <name>.cinit</name>
         <load_address>0x2bf8</load_address>
         <run_address>0x2bf8</run_address>
         <size>0x4b4</size>
         <contents>
            <object_component_ref idref="oc-10"/>
            <object_component_ref idref="oc-3a"/>
            <object_component_ref idref="oc-3f"/>
            <object_component_ref idref="oc-1c"/>
            <object_component_ref idref="oc-26"/>
            <object_component_ref idref="oc-5a"/>
            <object_component_ref idref="oc-53"/>
         </contents>
      </logical_group>
      <logical_group id="lg-7">
         <name>.stack</name>
         <run_address>0x30b0</run_address>
         <size>0x400</size>
         <contents>
            <object_component_ref idref="oc-22"/>
            <object_component_ref idref="oc-9c"/>
         </contents>
      </logical_group>
      <logical_group id="lg-8">
         <name>.sysmem</name>
         <run_address>0x0</run_address>
         <size>0x0</size>
         <contents>
         </contents>
      </logical_group>
      <logical_group id="lg-9">
         <name>.const</name>
         <load_address>0x34b0</load_address>
         <run_address>0x34b0</run_address>
         <size>0x130</size>
         <contents>
            <object_component_ref idref="oc-46"/>
            <object_component_ref idref="oc-4d"/>
         </contents>
      </logical_group>
      <logical_group id="lg-a">
         <name>.switch</name>
         <run_address>0x0</run_address>
         <size>0x0</size>
         <contents>
         </contents>
      </logical_group>
      <logical_group id="lg-b">
         <name>.far</name>
         <run_address>0x2460</run_address>
         <size>0x798</size>
         <contents>
            <object_component_ref idref="oc-11"/>
            <object_component_ref idref="oc-1d"/>
            <object_component_ref idref="oc-27"/>
            <object_component_ref idref="oc-3b"/>
            <object_component_ref idref="oc-40"/>
            <object_component_ref idref="oc-45"/>
            <object_component_ref idref="oc-4c"/>
            <object_component_ref idref="oc-54"/>
            <object_component_ref idref="oc-5b"/>
         </contents>
      </logical_group>
      <logical_group id="lg-c">
         <name>.cio</name>
         <run_address>0x0</run_address>
         <size>0x0</size>
         <contents>
         </contents>
      </logical_group>
      <logical_group id="lg-d">
         <name>.csldata</name>
         <run_address>0x0</run_address>
         <size>0x0</size>
         <contents>
         </contents>
      </logical_group>
      <logical_group id="lg-91">
         <name>.debug_info</name>
         <load_address>0x0</load_address>
         <run_address>0x0</run_address>
         <size>0xa7b2</size>
         <contents>
            <object_component_ref idref="oc-f"/>
            <object_component_ref idref="oc-18"/>
            <object_component_ref idref="oc-1b"/>
            <object_component_ref idref="oc-21"/>
            <object_component_ref idref="oc-25"/>
            <object_component_ref idref="oc-2a"/>
            <object_component_ref idref="oc-2d"/>
            <object_component_ref idref="oc-30"/>
            <object_component_ref idref="oc-33"/>
            <object_component_ref idref="oc-36"/>
            <object_component_ref idref="oc-3d"/>
            <object_component_ref idref="oc-42"/>
            <object_component_ref idref="oc-48"/>
            <object_component_ref idref="oc-4f"/>
            <object_component_ref idref="oc-56"/>
            <object_component_ref idref="oc-5d"/>
            <object_component_ref idref="oc-60"/>
            <object_component_ref idref="oc-64"/>
            <object_component_ref idref="oc-67"/>
            <object_component_ref idref="oc-9d"/>
         </contents>
      </logical_group>
      <logical_group id="lg-93">
         <name>.debug_frame</name>
         <load_address>0x0</load_address>
         <run_address>0x0</run_address>
         <size>0xc7d</size>
         <contents>
            <object_component_ref idref="oc-13"/>
            <object_component_ref idref="oc-1e"/>
            <object_component_ref idref="oc-4a"/>
            <object_component_ref idref="oc-51"/>
            <object_component_ref idref="oc-58"/>
            <object_component_ref idref="oc-5f"/>
         </contents>
      </logical_group>
      <logical_group id="lg-95">
         <name>.debug_line</name>
         <load_address>0x0</load_address>
         <run_address>0x0</run_address>
         <size>0xa57</size>
         <contents>
            <object_component_ref idref="oc-14"/>
            <object_component_ref idref="oc-19"/>
            <object_component_ref idref="oc-1f"/>
            <object_component_ref idref="oc-23"/>
            <object_component_ref idref="oc-28"/>
            <object_component_ref idref="oc-2b"/>
            <object_component_ref idref="oc-2e"/>
            <object_component_ref idref="oc-31"/>
            <object_component_ref idref="oc-34"/>
            <object_component_ref idref="oc-37"/>
            <object_component_ref idref="oc-3e"/>
            <object_component_ref idref="oc-43"/>
            <object_component_ref idref="oc-49"/>
            <object_component_ref idref="oc-50"/>
            <object_component_ref idref="oc-57"/>
            <object_component_ref idref="oc-5e"/>
            <object_component_ref idref="oc-61"/>
            <object_component_ref idref="oc-65"/>
            <object_component_ref idref="oc-68"/>
         </contents>
      </logical_group>
      <logical_group id="lg-97">
         <name>.debug_abbrev</name>
         <load_address>0x0</load_address>
         <run_address>0x0</run_address>
         <size>0x1335</size>
         <contents>
            <object_component_ref idref="oc-15"/>
            <object_component_ref idref="oc-1a"/>
            <object_component_ref idref="oc-20"/>
            <object_component_ref idref="oc-24"/>
            <object_component_ref idref="oc-29"/>
            <object_component_ref idref="oc-2c"/>
            <object_component_ref idref="oc-2f"/>
            <object_component_ref idref="oc-32"/>
            <object_component_ref idref="oc-35"/>
            <object_component_ref idref="oc-38"/>
            <object_component_ref idref="oc-3c"/>
            <object_component_ref idref="oc-41"/>
            <object_component_ref idref="oc-47"/>
            <object_component_ref idref="oc-4e"/>
            <object_component_ref idref="oc-55"/>
            <object_component_ref idref="oc-5c"/>
            <object_component_ref idref="oc-62"/>
            <object_component_ref idref="oc-63"/>
            <object_component_ref idref="oc-66"/>
            <object_component_ref idref="oc-9e"/>
         </contents>
      </logical_group>
      <logical_group id="lg-99">
         <name>.vecs</name>
         <load_address>0x0</load_address>
         <run_address>0x0</run_address>
         <size>0x200</size>
         <contents>
            <object_component_ref idref="oc-17"/>
         </contents>
      </logical_group>
   </logical_group_list>
   <placement_map>
      <memory_area>
         <name>IVECS</name>
         <page_id>0x0</page_id>
         <origin>0x0</origin>
         <length>0x220</length>
         <used_space>0x200</used_space>
         <unused_space>0x20</unused_space>
         <attributes>RWIX</attributes>
         <usage_details>
            <allocated_space>
               <start_address>0x0</start_address>
               <size>0x200</size>
               <logical_group_ref idref="lg-99"/>
            </allocated_space>
            <available_space>
               <start_address>0x200</start_address>
               <size>0x20</size>
            </available_space>
         </usage_details>
      </memory_area>
      <memory_area>
         <name>IRAM</name>
         <page_id>0x0</page_id>
         <origin>0x220</origin>
         <length>0x2fde0</length>
         <used_space>0x33bc</used_space>
         <unused_space>0x2ca24</unused_space>
         <attributes>RWIX</attributes>
         <usage_details>
            <allocated_space>
               <start_address>0x220</start_address>
               <size>0x0</size>
               <logical_group_ref idref="lg-5"/>
            </allocated_space>
            <allocated_space>
               <start_address>0x220</start_address>
               <size>0x2240</size>
               <logical_group_ref idref="lg-4"/>
            </allocated_space>
            <allocated_space>
               <start_address>0x2460</start_address>
               <size>0x798</size>
               <logical_group_ref idref="lg-b"/>
            </allocated_space>
            <allocated_space>
               <start_address>0x2bf8</start_address>
               <size>0x4b4</size>
               <logical_group_ref idref="lg-6"/>
            </allocated_space>
            <available_space>
               <start_address>0x30ac</start_address>
               <size>0x4</size>
            </available_space>
            <allocated_space>
               <start_address>0x30b0</start_address>
               <size>0x400</size>
               <logical_group_ref idref="lg-7"/>
            </allocated_space>
            <allocated_space>
               <start_address>0x34b0</start_address>
               <size>0x130</size>
               <logical_group_ref idref="lg-9"/>
            </allocated_space>
            <available_space>
               <start_address>0x35e0</start_address>
               <size>0x2ca20</size>
            </available_space>
         </usage_details>
      </memory_area>
      <memory_area>
         <name>SDRAM</name>
         <page_id>0x0</page_id>
         <origin>0x80000000</origin>
         <length>0x100000</length>
         <used_space>0x0</used_space>
         <unused_space>0x100000</unused_space>
         <attributes>RWIX</attributes>
         <usage_details>
         </usage_details>
      </memory_area>
      <memory_area>
         <name>FLASH</name>
         <page_id>0x0</page_id>
         <origin>0x90000000</origin>
         <length>0x20000</length>
         <used_space>0x0</used_space>
         <unused_space>0x20000</unused_space>
         <attributes>RWIX</attributes>
         <usage_details>
         </usage_details>
      </memory_area>
   </placement_map>
   <symbol_table>
      <symbol id="sm-0">
         <name>cinit</name>
         <value>0x2bf8</value>
      </symbol>
      <symbol id="sm-1">
         <name>___cinit__</name>
         <value>0x2bf8</value>
      </symbol>
      <symbol id="sm-2">
         <name>pinit</name>
         <value>0xffffffff</value>
      </symbol>
      <symbol id="sm-3">
         <name>___pinit__</name>
         <value>0xffffffff</value>
      </symbol>
      <symbol id="sm-4">
         <name>binit</name>
         <value>0xffffffff</value>
      </symbol>
      <symbol id="sm-5">
         <name>___binit__</name>
         <value>0xffffffff</value>
      </symbol>
      <symbol id="sm-6">
         <name>__STACK_SIZE</name>
         <value>0x400</value>
      </symbol>
      <symbol id="sm-7">
         <name>__STACK_END</name>
         <value>0x34b0</value>
      </symbol>
      <symbol id="sm-8">
         <name>___c_args__</name>
         <value>0xffffffff</value>
      </symbol>
      <symbol id="sm-9">
         <name>.text</name>
         <value>0x220</value>
      </symbol>
      <symbol id="sm-a">
         <name>___text__</name>
         <value>0x220</value>
      </symbol>
      <symbol id="sm-b">
         <name>etext</name>
         <value>0x2460</value>
      </symbol>
      <symbol id="sm-c">
         <name>___etext__</name>
         <value>0x2460</value>
      </symbol>
      <symbol id="sm-d">
         <name>.bss</name>
         <value>0x220</value>
      </symbol>
      <symbol id="sm-e">
         <name>___bss__</name>
         <value>0x220</value>
      </symbol>
      <symbol id="sm-f">
         <name>end</name>
         <value>0x220</value>
      </symbol>
      <symbol id="sm-10">
         <name>___end__</name>
         <value>0x220</value>
      </symbol>
      <symbol id="sm-11">
         <name>___TI_pprof_out_hndl</name>
         <value>0xffffffff</value>
      </symbol>
      <symbol id="sm-12">
         <name>___TI_prof_data_start</name>
         <value>0xffffffff</value>
      </symbol>
      <symbol id="sm-13">
         <name>___TI_prof_data_size</name>
         <value>0xffffffff</value>
      </symbol>
      <symbol id="sm-14">
         <name>$bss</name>
         <value>0x220</value>
      </symbol>
      <symbol id="sm-54">
         <name>_main</name>
         <value>0x22c0</value>
         <object_component_ref idref="oc-7a"/>
      </symbol>
      <symbol id="sm-55">
         <name>_dly</name>
         <value>0x2668</value>
         <object_component_ref idref="oc-11"/>
      </symbol>
      <symbol id="sm-56">
         <name>_yn</name>
         <value>0x2664</value>
         <object_component_ref idref="oc-11"/>
      </symbol>
      <symbol id="sm-57">
         <name>_gbuffer</name>
         <value>0x2868</value>
         <object_component_ref idref="oc-11"/>
      </symbol>
      <symbol id="sm-58">
         <name>_c_int11</name>
         <value>0x860</value>
         <object_component_ref idref="oc-12"/>
      </symbol>
      <symbol id="sm-59">
         <name>_fs</name>
         <value>0x2660</value>
         <object_component_ref idref="oc-11"/>
      </symbol>
      <symbol id="sm-5a">
         <name>_h</name>
         <value>0x2460</value>
         <object_component_ref idref="oc-11"/>
      </symbol>
      <symbol id="sm-67">
         <name>_vector10</name>
         <value>0x140</value>
         <object_component_ref idref="oc-17"/>
      </symbol>
      <symbol id="sm-68">
         <name>_vector12</name>
         <value>0x180</value>
         <object_component_ref idref="oc-17"/>
      </symbol>
      <symbol id="sm-69">
         <name>_vector13</name>
         <value>0x1a0</value>
         <object_component_ref idref="oc-17"/>
      </symbol>
      <symbol id="sm-6a">
         <name>_vector14</name>
         <value>0x1c0</value>
         <object_component_ref idref="oc-17"/>
      </symbol>
      <symbol id="sm-6b">
         <name>_vector15</name>
         <value>0x1e0</value>
         <object_component_ref idref="oc-17"/>
      </symbol>
      <symbol id="sm-6c">
         <name>_vectors</name>
         <value>0x0</value>
         <object_component_ref idref="oc-17"/>
      </symbol>
      <symbol id="sm-6d">
         <name>_vector1</name>
         <value>0x20</value>
         <object_component_ref idref="oc-17"/>
      </symbol>
      <symbol id="sm-6e">
         <name>_vector3</name>
         <value>0x60</value>
         <object_component_ref idref="oc-17"/>
      </symbol>
      <symbol id="sm-6f">
         <name>_vector2</name>
         <value>0x40</value>
         <object_component_ref idref="oc-17"/>
      </symbol>
      <symbol id="sm-70">
         <name>_vector5</name>
         <value>0xa0</value>
         <object_component_ref idref="oc-17"/>
      </symbol>
      <symbol id="sm-71">
         <name>_vector4</name>
         <value>0x80</value>
         <object_component_ref idref="oc-17"/>
      </symbol>
      <symbol id="sm-72">
         <name>_vector7</name>
         <value>0xe0</value>
         <object_component_ref idref="oc-17"/>
      </symbol>
      <symbol id="sm-73">
         <name>_vector6</name>
         <value>0xc0</value>
         <object_component_ref idref="oc-17"/>
      </symbol>
      <symbol id="sm-74">
         <name>_vector9</name>
         <value>0x120</value>
         <object_component_ref idref="oc-17"/>
      </symbol>
      <symbol id="sm-75">
         <name>_vector8</name>
         <value>0x100</value>
         <object_component_ref idref="oc-17"/>
      </symbol>
      <symbol id="sm-be">
         <name>_comm_poll</name>
         <value>0x2c4</value>
         <object_component_ref idref="oc-6c"/>
      </symbol>
      <symbol id="sm-bf">
         <name>_output_left_sample</name>
         <value>0x4c4</value>
         <object_component_ref idref="oc-6c"/>
      </symbol>
      <symbol id="sm-c0">
         <name>_comm_intr</name>
         <value>0x2ec</value>
         <object_component_ref idref="oc-6c"/>
      </symbol>
      <symbol id="sm-c1">
         <name>_input_left_sample</name>
         <value>0x708</value>
         <object_component_ref idref="oc-6c"/>
      </symbol>
      <symbol id="sm-c2">
         <name>_output_sample</name>
         <value>0x3d8</value>
         <object_component_ref idref="oc-6c"/>
      </symbol>
      <symbol id="sm-c3">
         <name>_c6416_dsk_init</name>
         <value>0x220</value>
         <object_component_ref idref="oc-6c"/>
      </symbol>
      <symbol id="sm-c4">
         <name>_config</name>
         <value>0x2b3c</value>
         <object_component_ref idref="oc-1d"/>
      </symbol>
      <symbol id="sm-c5">
         <name>_input_right_sample</name>
         <value>0x7a8</value>
         <object_component_ref idref="oc-6c"/>
      </symbol>
      <symbol id="sm-c6">
         <name>_AIC_data</name>
         <value>0x2af8</value>
         <object_component_ref idref="oc-1d"/>
      </symbol>
      <symbol id="sm-c7">
         <name>_hAIC23_handle</name>
         <value>0x2b50</value>
         <object_component_ref idref="oc-1d"/>
      </symbol>
      <symbol id="sm-c8">
         <name>_AIC23CfgData</name>
         <value>0x2b04</value>
         <object_component_ref idref="oc-1d"/>
      </symbol>
      <symbol id="sm-c9">
         <name>_input_sample</name>
         <value>0x630</value>
         <object_component_ref idref="oc-6c"/>
      </symbol>
      <symbol id="sm-ca">
         <name>_output_right_sample</name>
         <value>0x57c</value>
         <object_component_ref idref="oc-6c"/>
      </symbol>
      <symbol id="sm-d6">
         <name>_c_int00</name>
         <value>0x21e0</value>
         <object_component_ref idref="oc-e"/>
      </symbol>
      <symbol id="sm-d7">
         <name>__stack</name>
         <value>0x30b0</value>
         <object_component_ref idref="oc-22"/>
      </symbol>
      <symbol id="sm-e7">
         <name>C$$EXIT</name>
         <value>0x2420</value>
         <object_component_ref idref="oc-7b"/>
      </symbol>
      <symbol id="sm-e8">
         <name>_exit</name>
         <value>0x1e00</value>
         <object_component_ref idref="oc-6b"/>
      </symbol>
      <symbol id="sm-e9">
         <name>___TI_enable_exit_profile_output</name>
         <value>0x2bec</value>
         <object_component_ref idref="oc-27"/>
      </symbol>
      <symbol id="sm-ea">
         <name>_abort</name>
         <value>0x2420</value>
         <object_component_ref idref="oc-7b"/>
      </symbol>
      <symbol id="sm-eb">
         <name>__cleanup_ptr</name>
         <value>0x2be4</value>
         <object_component_ref idref="oc-27"/>
      </symbol>
      <symbol id="sm-ec">
         <name>__dtors_ptr</name>
         <value>0x2be8</value>
         <object_component_ref idref="oc-27"/>
      </symbol>
      <symbol id="sm-f6">
         <name>__args_main</name>
         <value>0x2280</value>
         <object_component_ref idref="oc-6a"/>
      </symbol>
      <symbol id="sm-f7">
         <name>__TI_args_main</name>
         <value>0x1</value>
      </symbol>
      <symbol id="sm-101">
         <name>__auto_init</name>
         <value>0x1ac0</value>
         <object_component_ref idref="oc-69"/>
      </symbol>
      <symbol id="sm-10b">
         <name>___TI_cpp_init</name>
         <value>0x2160</value>
         <object_component_ref idref="oc-79"/>
      </symbol>
      <symbol id="sm-115">
         <name>_copy_in</name>
         <value>0x20c0</value>
         <object_component_ref idref="oc-77"/>
      </symbol>
      <symbol id="sm-11d">
         <name>_memcpy</name>
         <value>0x1ba0</value>
         <object_component_ref idref="oc-78"/>
      </symbol>
      <symbol id="sm-139">
         <name>__IRQ_eventTable</name>
         <value>0x2a28</value>
         <object_component_ref idref="oc-3b"/>
      </symbol>
      <symbol id="sm-13a">
         <name>_IRQ_nmiEnable</name>
         <value>0x2360</value>
         <object_component_ref idref="oc-81"/>
      </symbol>
      <symbol id="sm-13b">
         <name>_IRQ_reset</name>
         <value>0x2240</value>
         <object_component_ref idref="oc-7f"/>
      </symbol>
      <symbol id="sm-13c">
         <name>__IRQ_intTable</name>
         <value>0x2ab0</value>
         <object_component_ref idref="oc-3b"/>
      </symbol>
      <symbol id="sm-13d">
         <name>_IRQ_globalEnable</name>
         <value>0x2340</value>
         <object_component_ref idref="oc-80"/>
      </symbol>
      <symbol id="sm-13e">
         <name>_IRQ_globalDisable</name>
         <value>0x2320</value>
         <object_component_ref idref="oc-7c"/>
      </symbol>
      <symbol id="sm-13f">
         <name>_IRQ_map</name>
         <value>0x1440</value>
         <object_component_ref idref="oc-7e"/>
      </symbol>
      <symbol id="sm-140">
         <name>_IRQ_enable</name>
         <value>0x2300</value>
         <object_component_ref idref="oc-82"/>
      </symbol>
      <symbol id="sm-141">
         <name>__IRQ_dispatchTable</name>
         <value>0x2af0</value>
         <object_component_ref idref="oc-3b"/>
      </symbol>
      <symbol id="sm-142">
         <name>__IRQ_hookFetchPacket</name>
         <value>0x2440</value>
         <object_component_ref idref="oc-39"/>
      </symbol>
      <symbol id="sm-160">
         <name>_MCBSP_reset</name>
         <value>0x1620</value>
         <object_component_ref idref="oc-83"/>
      </symbol>
      <symbol id="sm-161">
         <name>_MCBSP_read</name>
         <value>0x23a0</value>
         <object_component_ref idref="oc-74"/>
      </symbol>
      <symbol id="sm-162">
         <name>_MCBSP_getXmtEventId</name>
         <value>0x2380</value>
         <object_component_ref idref="oc-7d"/>
      </symbol>
      <symbol id="sm-163">
         <name>_MCBSP_open</name>
         <value>0x1900</value>
         <object_component_ref idref="oc-70"/>
      </symbol>
      <symbol id="sm-164">
         <name>__MCBSP_hDev0</name>
         <value>0x2ba0</value>
         <object_component_ref idref="oc-40"/>
      </symbol>
      <symbol id="sm-165">
         <name>__MCBSP_hDev1</name>
         <value>0x2ba4</value>
         <object_component_ref idref="oc-40"/>
      </symbol>
      <symbol id="sm-166">
         <name>__MCBSP_hDev2</name>
         <value>0x2ba8</value>
         <object_component_ref idref="oc-40"/>
      </symbol>
      <symbol id="sm-167">
         <name>_MCBSP_start</name>
         <value>0x19e0</value>
         <object_component_ref idref="oc-72"/>
      </symbol>
      <symbol id="sm-168">
         <name>_MCBSP_rrdy</name>
         <value>0x23c0</value>
         <object_component_ref idref="oc-73"/>
      </symbol>
      <symbol id="sm-169">
         <name>_MCBSP_config</name>
         <value>0x1c80</value>
         <object_component_ref idref="oc-71"/>
      </symbol>
      <symbol id="sm-16a">
         <name>_MCBSP_xrdy</name>
         <value>0x2400</value>
         <object_component_ref idref="oc-75"/>
      </symbol>
      <symbol id="sm-16b">
         <name>_MCBSP_write</name>
         <value>0x23e0</value>
         <object_component_ref idref="oc-76"/>
      </symbol>
      <symbol id="sm-19b">
         <name>_DSK6416_waitusec</name>
         <value>0xee0</value>
         <object_component_ref idref="oc-44"/>
      </symbol>
      <symbol id="sm-19c">
         <name>_DSK6416_rget</name>
         <value>0xdf0</value>
         <object_component_ref idref="oc-44"/>
      </symbol>
      <symbol id="sm-19d">
         <name>_DSK6416_wait</name>
         <value>0xe70</value>
         <object_component_ref idref="oc-44"/>
      </symbol>
      <symbol id="sm-19e">
         <name>_DSK6416_rset</name>
         <value>0xe28</value>
         <object_component_ref idref="oc-44"/>
      </symbol>
      <symbol id="sm-19f">
         <name>_DSK6416_version</name>
         <value>0x2b52</value>
         <object_component_ref idref="oc-45"/>
      </symbol>
      <symbol id="sm-1a0">
         <name>_DSK6416_getVersion</name>
         <value>0xf2c</value>
         <object_component_ref idref="oc-44"/>
      </symbol>
      <symbol id="sm-1a1">
         <name>_DSK6416_init</name>
         <value>0xc40</value>
         <object_component_ref idref="oc-44"/>
      </symbol>
      <symbol id="sm-1c3">
         <name>_DSK6416_AIC23_openCodec</name>
         <value>0x1000</value>
         <object_component_ref idref="oc-4b"/>
      </symbol>
      <symbol id="sm-1c4">
         <name>_DSK6416_AIC23_codecdatahandle</name>
         <value>0x2bf4</value>
         <object_component_ref idref="oc-4c"/>
      </symbol>
      <symbol id="sm-1c5">
         <name>_DSK6416_AIC23_codeccontrolhandle</name>
         <value>0x2bf0</value>
         <object_component_ref idref="oc-4c"/>
      </symbol>
      <symbol id="sm-1f2">
         <name>_DSK6416_AIC23_rset</name>
         <value>0x1220</value>
         <object_component_ref idref="oc-52"/>
      </symbol>
      <symbol id="sm-1f3">
         <name>_DSK6416_AIC23_config</name>
         <value>0x137c</value>
         <object_component_ref idref="oc-52"/>
      </symbol>
      <symbol id="sm-1f4">
         <name>_DSK6416_AIC23_rget</name>
         <value>0x133c</value>
         <object_component_ref idref="oc-52"/>
      </symbol>
      <symbol id="sm-211">
         <name>_DSK6416_AIC23_setFreq</name>
         <value>0x1800</value>
         <object_component_ref idref="oc-59"/>
      </symbol>
      <symbol id="sm-219">
         <name>__strasg</name>
         <value>0x1d40</value>
         <object_component_ref idref="oc-6d"/>
      </symbol>
      <symbol id="sm-223">
         <name>_EMIFA_config</name>
         <value>0x1f80</value>
         <object_component_ref idref="oc-6f"/>
      </symbol>
      <symbol id="sm-22d">
         <name>_EMIFB_config</name>
         <value>0x2020</value>
         <object_component_ref idref="oc-6e"/>
      </symbol>
   </symbol_table>
</link_info>
