<?xml version="1.0"?>
<link_info>
   <banner>TMS320C6x Linker PC v7.4.20</banner>
   <copyright>Copyright (c) 1996-2015 Texas Instruments Incorporated</copyright>
   <link_time>0x67f4f1ba</link_time>
   <output_file>lab_3.out</output_file>
   <entry_point>
      <name>_c_int00</name>
      <address>0x1020</address>
   </entry_point>
   <input_file_list>
      <input_file id="fl-2">
         <path>.\</path>
         <kind>object</kind>
         <file>Sine8_LED.obj</file>
         <name>Sine8_LED.obj</name>
      </input_file>
      <input_file id="fl-3">
         <path>.\</path>
         <kind>object</kind>
         <file>c6416dskinit.obj</file>
         <name>c6416dskinit.obj</name>
      </input_file>
      <input_file id="fl-7e">
         <path>C:\ti\ccsv7\2_c6000_7.4.20\c6000_7.4.20\lib\</path>
         <kind>archive</kind>
         <file>rts6400.lib</file>
         <name>boot.obj</name>
      </input_file>
      <input_file id="fl-7f">
         <path>C:\ti\ccsv7\2_c6000_7.4.20\c6000_7.4.20\lib\</path>
         <kind>archive</kind>
         <file>rts6400.lib</file>
         <name>exit.obj</name>
      </input_file>
      <input_file id="fl-80">
         <path>C:\ti\ccsv7\2_c6000_7.4.20\c6000_7.4.20\lib\</path>
         <kind>archive</kind>
         <file>rts6400.lib</file>
         <name>args_main.obj</name>
      </input_file>
      <input_file id="fl-81">
         <path>C:\ti\ccsv7\2_c6000_7.4.20\c6000_7.4.20\lib\</path>
         <kind>archive</kind>
         <file>rts6400.lib</file>
         <name>autoinit.obj</name>
      </input_file>
      <input_file id="fl-82">
         <path>C:\ti\ccsv7\2_c6000_7.4.20\c6000_7.4.20\lib\</path>
         <kind>archive</kind>
         <file>rts6400.lib</file>
         <name>cpp_init.obj</name>
      </input_file>
      <input_file id="fl-83">
         <path>C:\ti\ccsv7\2_c6000_7.4.20\c6000_7.4.20\lib\</path>
         <kind>archive</kind>
         <file>rts6400.lib</file>
         <name>cpy_tbl.obj</name>
      </input_file>
      <input_file id="fl-84">
         <path>C:\ti\ccsv7\2_c6000_7.4.20\c6000_7.4.20\lib\</path>
         <kind>archive</kind>
         <file>rts6400.lib</file>
         <name>memcpy64.obj</name>
      </input_file>
   </input_file_list>
   <object_component_list>
      <object_component id="oc-3b">
         <name>.text</name>
         <load_address>0x220</load_address>
         <run_address>0x220</run_address>
         <size>0x640</size>
         <input_file_ref idref="fl-3"/>
      </object_component>
      <object_component id="oc-39">
         <name>.text</name>
         <load_address>0x860</load_address>
         <run_address>0x860</run_address>
         <size>0x420</size>
         <input_file_ref idref="fl-2"/>
      </object_component>
      <object_component id="oc-33">
         <name>.text:__auto_init</name>
         <load_address>0xc80</load_address>
         <run_address>0xc80</run_address>
         <size>0xe0</size>
         <input_file_ref idref="fl-81"/>
      </object_component>
      <object_component id="oc-37">
         <name>.text:_memcpy</name>
         <load_address>0xd60</load_address>
         <run_address>0xd60</run_address>
         <size>0xe0</size>
         <input_file_ref idref="fl-84"/>
      </object_component>
      <object_component id="oc-35">
         <name>.text:_exit</name>
         <load_address>0xe40</load_address>
         <run_address>0xe40</run_address>
         <size>0xc0</size>
         <input_file_ref idref="fl-7f"/>
      </object_component>
      <object_component id="oc-36">
         <name>.text:_copy_in</name>
         <load_address>0xf00</load_address>
         <run_address>0xf00</run_address>
         <size>0xa0</size>
         <input_file_ref idref="fl-83"/>
      </object_component>
      <object_component id="oc-38">
         <name>.text:___TI_cpp_init</name>
         <load_address>0xfa0</load_address>
         <run_address>0xfa0</run_address>
         <size>0x80</size>
         <input_file_ref idref="fl-82"/>
      </object_component>
      <object_component id="oc-e">
         <name>.text:_c_int00</name>
         <load_address>0x1020</load_address>
         <run_address>0x1020</run_address>
         <size>0x60</size>
         <input_file_ref idref="fl-7e"/>
      </object_component>
      <object_component id="oc-34">
         <name>.text:__args_main</name>
         <load_address>0x1080</load_address>
         <run_address>0x1080</run_address>
         <size>0x40</size>
         <input_file_ref idref="fl-80"/>
      </object_component>
      <object_component id="oc-3a">
         <name>.text:_abort</name>
         <load_address>0x10c0</load_address>
         <run_address>0x10c0</run_address>
         <size>0x20</size>
         <input_file_ref idref="fl-7f"/>
      </object_component>
      <object_component id="oc-10">
         <name>.cinit</name>
         <load_address>0x1870</load_address>
         <run_address>0x1870</run_address>
         <size>0x98</size>
         <input_file_ref idref="fl-2"/>
      </object_component>
      <object_component id="oc-16">
         <name>.cinit</name>
         <load_address>0x1908</load_address>
         <run_address>0x1908</run_address>
         <size>0x5c</size>
         <input_file_ref idref="fl-3"/>
      </object_component>
      <object_component id="oc-20">
         <name>.cinit</name>
         <load_address>0x1968</load_address>
         <run_address>0x1968</run_address>
         <size>0x2c</size>
         <input_file_ref idref="fl-7f"/>
      </object_component>
      <object_component id="oc-1c">
         <name>.stack</name>
         <uninitialized>true</uninitialized>
         <run_address>0x10e0</run_address>
         <size>0x8</size>
         <input_file_ref idref="fl-7e"/>
      </object_component>
      <object_component id="oc-51">
         <name>.stack</name>
         <uninitialized>true</uninitialized>
         <run_address>0x10e0</run_address>
         <size>0x0</size>
      </object_component>
      <object_component id="oc-11">
         <name>.far</name>
         <uninitialized>true</uninitialized>
         <run_address>0x14e0</run_address>
         <size>0x328</size>
         <input_file_ref idref="fl-2"/>
      </object_component>
      <object_component id="oc-17">
         <name>.far</name>
         <uninitialized>true</uninitialized>
         <run_address>0x1808</run_address>
         <size>0x5a</size>
         <input_file_ref idref="fl-3"/>
      </object_component>
      <object_component id="oc-21">
         <name>.far</name>
         <uninitialized>true</uninitialized>
         <run_address>0x1864</run_address>
         <size>0xc</size>
         <input_file_ref idref="fl-7f"/>
      </object_component>
      <object_component id="oc-f">
         <name>.debug_info</name>
         <load_address>0x0</load_address>
         <run_address>0x0</run_address>
         <size>0xc44</size>
         <input_file_ref idref="fl-2"/>
      </object_component>
      <object_component id="oc-15">
         <name>.debug_info</name>
         <load_address>0xc44</load_address>
         <run_address>0xc44</run_address>
         <size>0x1562</size>
         <input_file_ref idref="fl-3"/>
      </object_component>
      <object_component id="oc-1b">
         <name>.debug_info</name>
         <load_address>0x21a6</load_address>
         <run_address>0x21a6</run_address>
         <size>0x73c</size>
         <input_file_ref idref="fl-7e"/>
      </object_component>
      <object_component id="oc-1f">
         <name>.debug_info</name>
         <load_address>0x28e2</load_address>
         <run_address>0x28e2</run_address>
         <size>0x86a</size>
         <input_file_ref idref="fl-7f"/>
      </object_component>
      <object_component id="oc-24">
         <name>.debug_info</name>
         <load_address>0x314c</load_address>
         <run_address>0x314c</run_address>
         <size>0x712</size>
         <input_file_ref idref="fl-80"/>
      </object_component>
      <object_component id="oc-27">
         <name>.debug_info</name>
         <load_address>0x385e</load_address>
         <run_address>0x385e</run_address>
         <size>0x8e9</size>
         <input_file_ref idref="fl-81"/>
      </object_component>
      <object_component id="oc-2a">
         <name>.debug_info</name>
         <load_address>0x4147</load_address>
         <run_address>0x4147</run_address>
         <size>0x761</size>
         <input_file_ref idref="fl-82"/>
      </object_component>
      <object_component id="oc-2d">
         <name>.debug_info</name>
         <load_address>0x48a8</load_address>
         <run_address>0x48a8</run_address>
         <size>0x857</size>
         <input_file_ref idref="fl-83"/>
      </object_component>
      <object_component id="oc-30">
         <name>.debug_info</name>
         <load_address>0x50ff</load_address>
         <run_address>0x50ff</run_address>
         <size>0x110</size>
         <input_file_ref idref="fl-84"/>
      </object_component>
      <object_component id="oc-52">
         <name>.debug_info</name>
         <load_address>0x520f</load_address>
         <run_address>0x520f</run_address>
         <size>0x6e</size>
      </object_component>
      <object_component id="oc-12">
         <name>.debug_frame</name>
         <load_address>0x0</load_address>
         <run_address>0x0</run_address>
         <size>0x25b</size>
         <input_file_ref idref="fl-2"/>
      </object_component>
      <object_component id="oc-18">
         <name>.debug_frame</name>
         <load_address>0x25b</load_address>
         <run_address>0x25b</run_address>
         <size>0x34d</size>
         <input_file_ref idref="fl-3"/>
      </object_component>
      <object_component id="oc-13">
         <name>.debug_line</name>
         <load_address>0x0</load_address>
         <run_address>0x0</run_address>
         <size>0xc9</size>
         <input_file_ref idref="fl-2"/>
      </object_component>
      <object_component id="oc-19">
         <name>.debug_line</name>
         <load_address>0xc9</load_address>
         <run_address>0xc9</run_address>
         <size>0x158</size>
         <input_file_ref idref="fl-3"/>
      </object_component>
      <object_component id="oc-1d">
         <name>.debug_line</name>
         <load_address>0x221</load_address>
         <run_address>0x221</run_address>
         <size>0x3d</size>
         <input_file_ref idref="fl-7e"/>
      </object_component>
      <object_component id="oc-22">
         <name>.debug_line</name>
         <load_address>0x25e</load_address>
         <run_address>0x25e</run_address>
         <size>0x4f</size>
         <input_file_ref idref="fl-7f"/>
      </object_component>
      <object_component id="oc-25">
         <name>.debug_line</name>
         <load_address>0x2ad</load_address>
         <run_address>0x2ad</run_address>
         <size>0x41</size>
         <input_file_ref idref="fl-80"/>
      </object_component>
      <object_component id="oc-28">
         <name>.debug_line</name>
         <load_address>0x2ee</load_address>
         <run_address>0x2ee</run_address>
         <size>0x47</size>
         <input_file_ref idref="fl-81"/>
      </object_component>
      <object_component id="oc-2b">
         <name>.debug_line</name>
         <load_address>0x335</load_address>
         <run_address>0x335</run_address>
         <size>0x45</size>
         <input_file_ref idref="fl-82"/>
      </object_component>
      <object_component id="oc-2e">
         <name>.debug_line</name>
         <load_address>0x37a</load_address>
         <run_address>0x37a</run_address>
         <size>0x44</size>
         <input_file_ref idref="fl-83"/>
      </object_component>
      <object_component id="oc-31">
         <name>.debug_line</name>
         <load_address>0x3be</load_address>
         <run_address>0x3be</run_address>
         <size>0x4f</size>
         <input_file_ref idref="fl-84"/>
      </object_component>
      <object_component id="oc-14">
         <name>.debug_abbrev</name>
         <load_address>0x0</load_address>
         <run_address>0x0</run_address>
         <size>0xd0</size>
         <input_file_ref idref="fl-2"/>
      </object_component>
      <object_component id="oc-1a">
         <name>.debug_abbrev</name>
         <load_address>0xd0</load_address>
         <run_address>0xd0</run_address>
         <size>0x18e</size>
         <input_file_ref idref="fl-3"/>
      </object_component>
      <object_component id="oc-1e">
         <name>.debug_abbrev</name>
         <load_address>0x25e</load_address>
         <run_address>0x25e</run_address>
         <size>0xfe</size>
         <input_file_ref idref="fl-7e"/>
      </object_component>
      <object_component id="oc-23">
         <name>.debug_abbrev</name>
         <load_address>0x35c</load_address>
         <run_address>0x35c</run_address>
         <size>0x119</size>
         <input_file_ref idref="fl-7f"/>
      </object_component>
      <object_component id="oc-26">
         <name>.debug_abbrev</name>
         <load_address>0x475</load_address>
         <run_address>0x475</run_address>
         <size>0xe1</size>
         <input_file_ref idref="fl-80"/>
      </object_component>
      <object_component id="oc-29">
         <name>.debug_abbrev</name>
         <load_address>0x556</load_address>
         <run_address>0x556</run_address>
         <size>0x13f</size>
         <input_file_ref idref="fl-81"/>
      </object_component>
      <object_component id="oc-2c">
         <name>.debug_abbrev</name>
         <load_address>0x695</load_address>
         <run_address>0x695</run_address>
         <size>0xdd</size>
         <input_file_ref idref="fl-82"/>
      </object_component>
      <object_component id="oc-2f">
         <name>.debug_abbrev</name>
         <load_address>0x772</load_address>
         <run_address>0x772</run_address>
         <size>0x10c</size>
         <input_file_ref idref="fl-83"/>
      </object_component>
      <object_component id="oc-32">
         <name>.debug_abbrev</name>
         <load_address>0x87e</load_address>
         <run_address>0x87e</run_address>
         <size>0x3b</size>
         <input_file_ref idref="fl-84"/>
      </object_component>
      <object_component id="oc-53">
         <name>.debug_abbrev</name>
         <load_address>0x8b9</load_address>
         <run_address>0x8b9</run_address>
         <size>0xd</size>
      </object_component>
   </object_component_list>
   <logical_group_list>
      <logical_group id="lg-2">
         <name>.EXT_RAM</name>
         <run_address>0x0</run_address>
         <size>0x0</size>
         <contents>
         </contents>
      </logical_group>
      <logical_group id="lg-3">
         <name>.vectors</name>
         <run_address>0x0</run_address>
         <size>0x0</size>
         <contents>
         </contents>
      </logical_group>
      <logical_group id="lg-4">
         <name>.text</name>
         <load_address>0x220</load_address>
         <run_address>0x220</run_address>
         <size>0xec0</size>
         <contents>
            <object_component_ref idref="oc-3b"/>
            <object_component_ref idref="oc-39"/>
            <object_component_ref idref="oc-33"/>
            <object_component_ref idref="oc-37"/>
            <object_component_ref idref="oc-35"/>
            <object_component_ref idref="oc-36"/>
            <object_component_ref idref="oc-38"/>
            <object_component_ref idref="oc-e"/>
            <object_component_ref idref="oc-34"/>
            <object_component_ref idref="oc-3a"/>
         </contents>
      </logical_group>
      <logical_group id="lg-5">
         <name>.bss</name>
         <run_address>0x220</run_address>
         <size>0x0</size>
         <contents>
         </contents>
      </logical_group>
      <logical_group id="lg-6">
         <name>.cinit</name>
         <load_address>0x1870</load_address>
         <run_address>0x1870</run_address>
         <size>0x12c</size>
         <contents>
            <object_component_ref idref="oc-10"/>
            <object_component_ref idref="oc-16"/>
            <object_component_ref idref="oc-20"/>
         </contents>
      </logical_group>
      <logical_group id="lg-7">
         <name>.stack</name>
         <run_address>0x10e0</run_address>
         <size>0x400</size>
         <contents>
            <object_component_ref idref="oc-1c"/>
            <object_component_ref idref="oc-51"/>
         </contents>
      </logical_group>
      <logical_group id="lg-8">
         <name>.sysmem</name>
         <run_address>0x0</run_address>
         <size>0x0</size>
         <contents>
         </contents>
      </logical_group>
      <logical_group id="lg-9">
         <name>.const</name>
         <run_address>0x0</run_address>
         <size>0x0</size>
         <contents>
         </contents>
      </logical_group>
      <logical_group id="lg-a">
         <name>.switch</name>
         <run_address>0x0</run_address>
         <size>0x0</size>
         <contents>
         </contents>
      </logical_group>
      <logical_group id="lg-b">
         <name>.far</name>
         <run_address>0x14e0</run_address>
         <size>0x390</size>
         <contents>
            <object_component_ref idref="oc-11"/>
            <object_component_ref idref="oc-17"/>
            <object_component_ref idref="oc-21"/>
         </contents>
      </logical_group>
      <logical_group id="lg-c">
         <name>.cio</name>
         <run_address>0x0</run_address>
         <size>0x0</size>
         <contents>
         </contents>
      </logical_group>
      <logical_group id="lg-d">
         <name>.csldata</name>
         <run_address>0x0</run_address>
         <size>0x0</size>
         <contents>
         </contents>
      </logical_group>
      <logical_group id="lg-48">
         <name>.debug_info</name>
         <load_address>0x0</load_address>
         <run_address>0x0</run_address>
         <size>0x527d</size>
         <contents>
            <object_component_ref idref="oc-f"/>
            <object_component_ref idref="oc-15"/>
            <object_component_ref idref="oc-1b"/>
            <object_component_ref idref="oc-1f"/>
            <object_component_ref idref="oc-24"/>
            <object_component_ref idref="oc-27"/>
            <object_component_ref idref="oc-2a"/>
            <object_component_ref idref="oc-2d"/>
            <object_component_ref idref="oc-30"/>
            <object_component_ref idref="oc-52"/>
         </contents>
      </logical_group>
      <logical_group id="lg-4a">
         <name>.debug_frame</name>
         <load_address>0x0</load_address>
         <run_address>0x0</run_address>
         <size>0x5a8</size>
         <contents>
            <object_component_ref idref="oc-12"/>
            <object_component_ref idref="oc-18"/>
         </contents>
      </logical_group>
      <logical_group id="lg-4c">
         <name>.debug_line</name>
         <load_address>0x0</load_address>
         <run_address>0x0</run_address>
         <size>0x40d</size>
         <contents>
            <object_component_ref idref="oc-13"/>
            <object_component_ref idref="oc-19"/>
            <object_component_ref idref="oc-1d"/>
            <object_component_ref idref="oc-22"/>
            <object_component_ref idref="oc-25"/>
            <object_component_ref idref="oc-28"/>
            <object_component_ref idref="oc-2b"/>
            <object_component_ref idref="oc-2e"/>
            <object_component_ref idref="oc-31"/>
         </contents>
      </logical_group>
      <logical_group id="lg-4e">
         <name>.debug_abbrev</name>
         <load_address>0x0</load_address>
         <run_address>0x0</run_address>
         <size>0x8c6</size>
         <contents>
            <object_component_ref idref="oc-14"/>
            <object_component_ref idref="oc-1a"/>
            <object_component_ref idref="oc-1e"/>
            <object_component_ref idref="oc-23"/>
            <object_component_ref idref="oc-26"/>
            <object_component_ref idref="oc-29"/>
            <object_component_ref idref="oc-2c"/>
            <object_component_ref idref="oc-2f"/>
            <object_component_ref idref="oc-32"/>
            <object_component_ref idref="oc-53"/>
         </contents>
      </logical_group>
   </logical_group_list>
   <placement_map>
      <memory_area>
         <name>IVECS</name>
         <page_id>0x0</page_id>
         <origin>0x0</origin>
         <length>0x220</length>
         <used_space>0x0</used_space>
         <unused_space>0x220</unused_space>
         <attributes>RWIX</attributes>
         <usage_details>
         </usage_details>
      </memory_area>
      <memory_area>
         <name>IRAM</name>
         <page_id>0x0</page_id>
         <origin>0x220</origin>
         <length>0x2fde0</length>
         <used_space>0x177c</used_space>
         <unused_space>0x2e664</unused_space>
         <attributes>RWIX</attributes>
         <usage_details>
            <allocated_space>
               <start_address>0x220</start_address>
               <size>0x0</size>
               <logical_group_ref idref="lg-5"/>
            </allocated_space>
            <allocated_space>
               <start_address>0x220</start_address>
               <size>0xec0</size>
               <logical_group_ref idref="lg-4"/>
            </allocated_space>
            <allocated_space>
               <start_address>0x10e0</start_address>
               <size>0x400</size>
               <logical_group_ref idref="lg-7"/>
            </allocated_space>
            <allocated_space>
               <start_address>0x14e0</start_address>
               <size>0x390</size>
               <logical_group_ref idref="lg-b"/>
            </allocated_space>
            <allocated_space>
               <start_address>0x1870</start_address>
               <size>0x12c</size>
               <logical_group_ref idref="lg-6"/>
            </allocated_space>
            <available_space>
               <start_address>0x199c</start_address>
               <size>0x2e664</size>
            </available_space>
         </usage_details>
      </memory_area>
      <memory_area>
         <name>SDRAM</name>
         <page_id>0x0</page_id>
         <origin>0x80000000</origin>
         <length>0x100000</length>
         <used_space>0x0</used_space>
         <unused_space>0x100000</unused_space>
         <attributes>RWIX</attributes>
         <usage_details>
         </usage_details>
      </memory_area>
      <memory_area>
         <name>FLASH</name>
         <page_id>0x0</page_id>
         <origin>0x90000000</origin>
         <length>0x20000</length>
         <used_space>0x0</used_space>
         <unused_space>0x20000</unused_space>
         <attributes>RWIX</attributes>
         <usage_details>
         </usage_details>
      </memory_area>
   </placement_map>
   <symbol_table>
      <symbol id="sm-0">
         <name>cinit</name>
         <value>0x1870</value>
      </symbol>
      <symbol id="sm-1">
         <name>___cinit__</name>
         <value>0x1870</value>
      </symbol>
      <symbol id="sm-2">
         <name>pinit</name>
         <value>0xffffffff</value>
      </symbol>
      <symbol id="sm-3">
         <name>___pinit__</name>
         <value>0xffffffff</value>
      </symbol>
      <symbol id="sm-4">
         <name>binit</name>
         <value>0xffffffff</value>
      </symbol>
      <symbol id="sm-5">
         <name>___binit__</name>
         <value>0xffffffff</value>
      </symbol>
      <symbol id="sm-6">
         <name>__STACK_SIZE</name>
         <value>0x400</value>
      </symbol>
      <symbol id="sm-7">
         <name>__STACK_END</name>
         <value>0x14e0</value>
      </symbol>
      <symbol id="sm-8">
         <name>___c_args__</name>
         <value>0xffffffff</value>
      </symbol>
      <symbol id="sm-9">
         <name>.text</name>
         <value>0x220</value>
      </symbol>
      <symbol id="sm-a">
         <name>___text__</name>
         <value>0x220</value>
      </symbol>
      <symbol id="sm-b">
         <name>etext</name>
         <value>0x10e0</value>
      </symbol>
      <symbol id="sm-c">
         <name>___etext__</name>
         <value>0x10e0</value>
      </symbol>
      <symbol id="sm-d">
         <name>.bss</name>
         <value>0x220</value>
      </symbol>
      <symbol id="sm-e">
         <name>___bss__</name>
         <value>0x220</value>
      </symbol>
      <symbol id="sm-f">
         <name>end</name>
         <value>0x220</value>
      </symbol>
      <symbol id="sm-10">
         <name>___end__</name>
         <value>0x220</value>
      </symbol>
      <symbol id="sm-11">
         <name>___TI_pprof_out_hndl</name>
         <value>0xffffffff</value>
      </symbol>
      <symbol id="sm-12">
         <name>___TI_prof_data_start</name>
         <value>0xffffffff</value>
      </symbol>
      <symbol id="sm-13">
         <name>___TI_prof_data_size</name>
         <value>0xffffffff</value>
      </symbol>
      <symbol id="sm-14">
         <name>$bss</name>
         <value>0x220</value>
      </symbol>
      <symbol id="sm-80">
         <name>_main</name>
         <value>0x860</value>
         <object_component_ref idref="oc-39"/>
      </symbol>
      <symbol id="sm-81">
         <name>_gain</name>
         <value>0x14ee</value>
         <object_component_ref idref="oc-11"/>
      </symbol>
      <symbol id="sm-82">
         <name>_loop</name>
         <value>0x14e4</value>
         <object_component_ref idref="oc-11"/>
      </symbol>
      <symbol id="sm-83">
         <name>_aaa</name>
         <value>0x1608</value>
         <object_component_ref idref="oc-11"/>
      </symbol>
      <symbol id="sm-84">
         <name>_loop1</name>
         <value>0x14e6</value>
         <object_component_ref idref="oc-11"/>
      </symbol>
      <symbol id="sm-85">
         <name>_gBuffer</name>
         <value>0x1508</value>
         <object_component_ref idref="oc-11"/>
      </symbol>
      <symbol id="sm-86">
         <name>_gBuffer1</name>
         <value>0x1708</value>
         <object_component_ref idref="oc-11"/>
      </symbol>
      <symbol id="sm-87">
         <name>_sine_table1</name>
         <value>0x1500</value>
         <object_component_ref idref="oc-11"/>
      </symbol>
      <symbol id="sm-88">
         <name>_fs</name>
         <value>0x14e0</value>
         <object_component_ref idref="oc-11"/>
      </symbol>
      <symbol id="sm-89">
         <name>_sine_table</name>
         <value>0x14f0</value>
         <object_component_ref idref="oc-11"/>
      </symbol>
      <symbol id="sm-8a">
         <name>_m</name>
         <value>0x14ec</value>
         <object_component_ref idref="oc-11"/>
      </symbol>
      <symbol id="sm-8b">
         <name>_j</name>
         <value>0x14ea</value>
         <object_component_ref idref="oc-11"/>
      </symbol>
      <symbol id="sm-8c">
         <name>_i</name>
         <value>0x14e8</value>
         <object_component_ref idref="oc-11"/>
      </symbol>
      <symbol id="sm-8d">
         <name>_DSK6416_LED_init</name>
         <value>0x0</value>
      </symbol>
      <symbol id="sm-8e">
         <name>_DSK6416_LED_off</name>
         <value>0x0</value>
      </symbol>
      <symbol id="sm-8f">
         <name>_DSK6416_DIP_init</name>
         <value>0x0</value>
      </symbol>
      <symbol id="sm-90">
         <name>_DSK6416_LED_on</name>
         <value>0x0</value>
      </symbol>
      <symbol id="sm-91">
         <name>_DSK6416_DIP_get</name>
         <value>0x0</value>
      </symbol>
      <symbol id="sm-da">
         <name>_comm_poll</name>
         <value>0x2c4</value>
         <object_component_ref idref="oc-3b"/>
      </symbol>
      <symbol id="sm-db">
         <name>_output_left_sample</name>
         <value>0x4c4</value>
         <object_component_ref idref="oc-3b"/>
      </symbol>
      <symbol id="sm-dc">
         <name>_comm_intr</name>
         <value>0x2ec</value>
         <object_component_ref idref="oc-3b"/>
      </symbol>
      <symbol id="sm-dd">
         <name>_input_left_sample</name>
         <value>0x708</value>
         <object_component_ref idref="oc-3b"/>
      </symbol>
      <symbol id="sm-de">
         <name>_output_sample</name>
         <value>0x3d8</value>
         <object_component_ref idref="oc-3b"/>
      </symbol>
      <symbol id="sm-df">
         <name>_c6416_dsk_init</name>
         <value>0x220</value>
         <object_component_ref idref="oc-3b"/>
      </symbol>
      <symbol id="sm-e0">
         <name>_config</name>
         <value>0x184c</value>
         <object_component_ref idref="oc-17"/>
      </symbol>
      <symbol id="sm-e1">
         <name>_input_right_sample</name>
         <value>0x7a8</value>
         <object_component_ref idref="oc-3b"/>
      </symbol>
      <symbol id="sm-e2">
         <name>_AIC_data</name>
         <value>0x1808</value>
         <object_component_ref idref="oc-17"/>
      </symbol>
      <symbol id="sm-e3">
         <name>_hAIC23_handle</name>
         <value>0x1860</value>
         <object_component_ref idref="oc-17"/>
      </symbol>
      <symbol id="sm-e4">
         <name>_AIC23CfgData</name>
         <value>0x1814</value>
         <object_component_ref idref="oc-17"/>
      </symbol>
      <symbol id="sm-e5">
         <name>_input_sample</name>
         <value>0x630</value>
         <object_component_ref idref="oc-3b"/>
      </symbol>
      <symbol id="sm-e6">
         <name>_output_right_sample</name>
         <value>0x57c</value>
         <object_component_ref idref="oc-3b"/>
      </symbol>
      <symbol id="sm-e7">
         <name>_DSK6416_init</name>
         <value>0x0</value>
      </symbol>
      <symbol id="sm-e8">
         <name>_MCBSP_read</name>
         <value>0x0</value>
      </symbol>
      <symbol id="sm-e9">
         <name>_MCBSP_xrdy</name>
         <value>0x0</value>
      </symbol>
      <symbol id="sm-ea">
         <name>_MCBSP_start</name>
         <value>0x0</value>
      </symbol>
      <symbol id="sm-eb">
         <name>_IRQ_nmiEnable</name>
         <value>0x0</value>
      </symbol>
      <symbol id="sm-ec">
         <name>_MCBSP_getXmtEventId</name>
         <value>0x0</value>
      </symbol>
      <symbol id="sm-ed">
         <name>_MCBSP_write</name>
         <value>0x0</value>
      </symbol>
      <symbol id="sm-ee">
         <name>_MCBSP_rrdy</name>
         <value>0x0</value>
      </symbol>
      <symbol id="sm-ef">
         <name>_MCBSP_config</name>
         <value>0x0</value>
      </symbol>
      <symbol id="sm-f0">
         <name>_IRQ_map</name>
         <value>0x0</value>
      </symbol>
      <symbol id="sm-f1">
         <name>_IRQ_globalDisable</name>
         <value>0x0</value>
      </symbol>
      <symbol id="sm-f2">
         <name>_IRQ_globalEnable</name>
         <value>0x0</value>
      </symbol>
      <symbol id="sm-f3">
         <name>_DSK6416_AIC23_openCodec</name>
         <value>0x0</value>
      </symbol>
      <symbol id="sm-f4">
         <name>_IRQ_enable</name>
         <value>0x0</value>
      </symbol>
      <symbol id="sm-f5">
         <name>_IRQ_reset</name>
         <value>0x0</value>
      </symbol>
      <symbol id="sm-f6">
         <name>_DSK6416_AIC23_setFreq</name>
         <value>0x0</value>
      </symbol>
      <symbol id="sm-f7">
         <name>_DSK6416_AIC23_codecdatahandle</name>
         <value>0x0</value>
      </symbol>
      <symbol id="sm-103">
         <name>_c_int00</name>
         <value>0x1020</value>
         <object_component_ref idref="oc-e"/>
      </symbol>
      <symbol id="sm-104">
         <name>__stack</name>
         <value>0x10e0</value>
         <object_component_ref idref="oc-1c"/>
      </symbol>
      <symbol id="sm-114">
         <name>C$$EXIT</name>
         <value>0x10c0</value>
         <object_component_ref idref="oc-3a"/>
      </symbol>
      <symbol id="sm-115">
         <name>_exit</name>
         <value>0xe40</value>
         <object_component_ref idref="oc-35"/>
      </symbol>
      <symbol id="sm-116">
         <name>___TI_enable_exit_profile_output</name>
         <value>0x186c</value>
         <object_component_ref idref="oc-21"/>
      </symbol>
      <symbol id="sm-117">
         <name>_abort</name>
         <value>0x10c0</value>
         <object_component_ref idref="oc-3a"/>
      </symbol>
      <symbol id="sm-118">
         <name>__cleanup_ptr</name>
         <value>0x1864</value>
         <object_component_ref idref="oc-21"/>
      </symbol>
      <symbol id="sm-119">
         <name>__dtors_ptr</name>
         <value>0x1868</value>
         <object_component_ref idref="oc-21"/>
      </symbol>
      <symbol id="sm-123">
         <name>__args_main</name>
         <value>0x1080</value>
         <object_component_ref idref="oc-34"/>
      </symbol>
      <symbol id="sm-124">
         <name>__TI_args_main</name>
         <value>0x1</value>
      </symbol>
      <symbol id="sm-12e">
         <name>__auto_init</name>
         <value>0xc80</value>
         <object_component_ref idref="oc-33"/>
      </symbol>
      <symbol id="sm-138">
         <name>___TI_cpp_init</name>
         <value>0xfa0</value>
         <object_component_ref idref="oc-38"/>
      </symbol>
      <symbol id="sm-142">
         <name>_copy_in</name>
         <value>0xf00</value>
         <object_component_ref idref="oc-36"/>
      </symbol>
      <symbol id="sm-14a">
         <name>_memcpy</name>
         <value>0xd60</value>
         <object_component_ref idref="oc-37"/>
      </symbol>
   </symbol_table>
</link_info>
