<?xml version="1.0"?>
<link_info>
   <banner>TMS320C6x Linker PC v7.4.24</banner>
   <copyright>Copyright (c) 1996-2017 Texas Instruments Incorporated</copyright>
   <link_time>0x67cd8004</link_time>
   <output_file>vd82.out</output_file>
   <entry_point>
      <name>_c_int00</name>
      <address>0x2360</address>
   </entry_point>
   <input_file_list>
      <input_file id="fl-2">
         <path>.\</path>
         <kind>object</kind>
         <file>c6416dskinit.obj</file>
         <name>c6416dskinit.obj</name>
      </input_file>
      <input_file id="fl-3">
         <path>.\</path>
         <kind>object</kind>
         <file>vd82.obj</file>
         <name>vd82.obj</name>
      </input_file>
      <input_file id="fl-80">
         <path>C:\ti\ccsv7\tools\compiler\c6000_7.4.24\lib\</path>
         <kind>archive</kind>
         <file>rts6400.lib</file>
         <name>boot.obj</name>
      </input_file>
      <input_file id="fl-81">
         <path>C:\ti\ccsv7\tools\compiler\c6000_7.4.24\lib\</path>
         <kind>archive</kind>
         <file>rts6400.lib</file>
         <name>exit.obj</name>
      </input_file>
      <input_file id="fl-82">
         <path>C:\ti\ccsv7\tools\compiler\c6000_7.4.24\lib\</path>
         <kind>archive</kind>
         <file>rts6400.lib</file>
         <name>args_main.obj</name>
      </input_file>
      <input_file id="fl-83">
         <path>C:\ti\ccsv7\tools\compiler\c6000_7.4.24\lib\</path>
         <kind>archive</kind>
         <file>rts6400.lib</file>
         <name>autoinit.obj</name>
      </input_file>
      <input_file id="fl-84">
         <path>C:\ti\ccsv7\tools\compiler\c6000_7.4.24\lib\</path>
         <kind>archive</kind>
         <file>rts6400.lib</file>
         <name>cpp_init.obj</name>
      </input_file>
      <input_file id="fl-85">
         <path>C:\ti\ccsv7\tools\compiler\c6000_7.4.24\lib\</path>
         <kind>archive</kind>
         <file>rts6400.lib</file>
         <name>cpy_tbl.obj</name>
      </input_file>
      <input_file id="fl-86">
         <path>C:\ti\ccsv7\tools\compiler\c6000_7.4.24\lib\</path>
         <kind>archive</kind>
         <file>rts6400.lib</file>
         <name>memcpy64.obj</name>
      </input_file>
      <input_file id="fl-87">
         <path>C:\ti\2_ThuvienDSP\2_ThuvienDSP\lib\</path>
         <kind>archive</kind>
         <file>csl6416.lib</file>
         <name>csl_irq.obj</name>
      </input_file>
      <input_file id="fl-88">
         <path>C:\ti\2_ThuvienDSP\2_ThuvienDSP\lib\</path>
         <kind>archive</kind>
         <file>csl6416.lib</file>
         <name>csl_mcbsp.obj</name>
      </input_file>
      <input_file id="fl-89">
         <path>C:\ti\2_ThuvienDSP\lib\</path>
         <kind>archive</kind>
         <file>dsk6416bsl.lib</file>
         <name>dsk6416.obj</name>
      </input_file>
      <input_file id="fl-8a">
         <path>C:\ti\2_ThuvienDSP\lib\</path>
         <kind>archive</kind>
         <file>dsk6416bsl.lib</file>
         <name>dsk6416_aic23_opencodec.obj</name>
      </input_file>
      <input_file id="fl-8b">
         <path>C:\ti\2_ThuvienDSP\lib\</path>
         <kind>archive</kind>
         <file>dsk6416bsl.lib</file>
         <name>dsk6416_aic23_registers.obj</name>
      </input_file>
      <input_file id="fl-8c">
         <path>C:\ti\2_ThuvienDSP\lib\</path>
         <kind>archive</kind>
         <file>dsk6416bsl.lib</file>
         <name>dsk6416_aic23_setfreq.obj</name>
      </input_file>
      <input_file id="fl-8d">
         <path>C:\ti\2_ThuvienDSP\lib\</path>
         <kind>archive</kind>
         <file>dsk6416bsl.lib</file>
         <name>dsk6416_dip.obj</name>
      </input_file>
      <input_file id="fl-8e">
         <path>C:\ti\2_ThuvienDSP\lib\</path>
         <kind>archive</kind>
         <file>dsk6416bsl.lib</file>
         <name>dsk6416_led.obj</name>
      </input_file>
      <input_file id="fl-8f">
         <path>C:\ti\ccsv7\tools\compiler\c6000_7.4.24\lib\</path>
         <kind>archive</kind>
         <file>rts6400.lib</file>
         <name>strasg.obj</name>
      </input_file>
      <input_file id="fl-90">
         <path>C:\ti\2_ThuvienDSP\2_ThuvienDSP\lib\</path>
         <kind>archive</kind>
         <file>csl6416.lib</file>
         <name>csl_emifa.obj</name>
      </input_file>
      <input_file id="fl-91">
         <path>C:\ti\2_ThuvienDSP\2_ThuvienDSP\lib\</path>
         <kind>archive</kind>
         <file>csl6416.lib</file>
         <name>csl_emifb.obj</name>
      </input_file>
   </input_file_list>
   <object_component_list>
      <object_component id="oc-81">
         <name>.text</name>
         <load_address>0x220</load_address>
         <run_address>0x220</run_address>
         <size>0x640</size>
         <input_file_ref idref="fl-2"/>
      </object_component>
      <object_component id="oc-3e">
         <name>.text</name>
         <load_address>0x860</load_address>
         <run_address>0x860</run_address>
         <size>0x3c0</size>
         <input_file_ref idref="fl-89"/>
      </object_component>
      <object_component id="oc-7e">
         <name>.text</name>
         <load_address>0xc20</load_address>
         <run_address>0xc20</run_address>
         <size>0x340</size>
         <input_file_ref idref="fl-3"/>
      </object_component>
      <object_component id="oc-45">
         <name>.text</name>
         <load_address>0xf60</load_address>
         <run_address>0xf60</run_address>
         <size>0x220</size>
         <input_file_ref idref="fl-8a"/>
      </object_component>
      <object_component id="oc-4c">
         <name>.text</name>
         <load_address>0x1180</load_address>
         <run_address>0x1180</run_address>
         <size>0x220</size>
         <input_file_ref idref="fl-8b"/>
      </object_component>
      <object_component id="oc-84">
         <name>.text:_IRQ_map</name>
         <load_address>0x13a0</load_address>
         <run_address>0x13a0</run_address>
         <size>0x1e0</size>
         <input_file_ref idref="fl-87"/>
      </object_component>
      <object_component id="oc-80">
         <name>.text:_MCBSP_reset</name>
         <load_address>0x1580</load_address>
         <run_address>0x1580</run_address>
         <size>0x1e0</size>
         <input_file_ref idref="fl-88"/>
      </object_component>
      <object_component id="oc-5f">
         <name>.text</name>
         <load_address>0x1760</load_address>
         <run_address>0x1760</run_address>
         <size>0x1a0</size>
         <input_file_ref idref="fl-8e"/>
      </object_component>
      <object_component id="oc-53">
         <name>.text</name>
         <load_address>0x1900</load_address>
         <run_address>0x1900</run_address>
         <size>0x100</size>
         <input_file_ref idref="fl-8c"/>
      </object_component>
      <object_component id="oc-74">
         <name>.text:_MCBSP_open</name>
         <load_address>0x1a00</load_address>
         <run_address>0x1a00</run_address>
         <size>0xe0</size>
         <input_file_ref idref="fl-88"/>
      </object_component>
      <object_component id="oc-76">
         <name>.text:_MCBSP_start</name>
         <load_address>0x1ae0</load_address>
         <run_address>0x1ae0</run_address>
         <size>0xe0</size>
         <input_file_ref idref="fl-88"/>
      </object_component>
      <object_component id="oc-6e">
         <name>.text:__auto_init</name>
         <load_address>0x1bc0</load_address>
         <run_address>0x1bc0</run_address>
         <size>0xe0</size>
         <input_file_ref idref="fl-83"/>
      </object_component>
      <object_component id="oc-7c">
         <name>.text:_memcpy</name>
         <load_address>0x1ca0</load_address>
         <run_address>0x1ca0</run_address>
         <size>0xe0</size>
         <input_file_ref idref="fl-86"/>
      </object_component>
      <object_component id="oc-75">
         <name>.text:_MCBSP_config</name>
         <load_address>0x1d80</load_address>
         <run_address>0x1d80</run_address>
         <size>0xc0</size>
         <input_file_ref idref="fl-88"/>
      </object_component>
      <object_component id="oc-71">
         <name>.text:__strasg</name>
         <load_address>0x1e40</load_address>
         <run_address>0x1e40</run_address>
         <size>0xc0</size>
         <input_file_ref idref="fl-8f"/>
      </object_component>
      <object_component id="oc-70">
         <name>.text:_exit</name>
         <load_address>0x1f00</load_address>
         <run_address>0x1f00</run_address>
         <size>0xc0</size>
         <input_file_ref idref="fl-81"/>
      </object_component>
      <object_component id="oc-89">
         <name>.text:_setMux</name>
         <load_address>0x1fc0</load_address>
         <run_address>0x1fc0</run_address>
         <size>0xc0</size>
         <input_file_ref idref="fl-87"/>
      </object_component>
      <object_component id="oc-73">
         <name>.text:_EMIFA_config</name>
         <load_address>0x2080</load_address>
         <run_address>0x2080</run_address>
         <size>0xa0</size>
         <input_file_ref idref="fl-90"/>
      </object_component>
      <object_component id="oc-72">
         <name>.text:_EMIFB_config</name>
         <load_address>0x2120</load_address>
         <run_address>0x2120</run_address>
         <size>0xa0</size>
         <input_file_ref idref="fl-91"/>
      </object_component>
      <object_component id="oc-7b">
         <name>.text:_copy_in</name>
         <load_address>0x21c0</load_address>
         <run_address>0x21c0</run_address>
         <size>0xa0</size>
         <input_file_ref idref="fl-85"/>
      </object_component>
      <object_component id="oc-7d">
         <name>.text:___TI_cpp_init</name>
         <load_address>0x2260</load_address>
         <run_address>0x2260</run_address>
         <size>0x80</size>
         <input_file_ref idref="fl-84"/>
      </object_component>
      <object_component id="oc-5a">
         <name>.text</name>
         <load_address>0x22e0</load_address>
         <run_address>0x22e0</run_address>
         <size>0x80</size>
         <input_file_ref idref="fl-8d"/>
      </object_component>
      <object_component id="oc-e">
         <name>.text:_c_int00</name>
         <load_address>0x2360</load_address>
         <run_address>0x2360</run_address>
         <size>0x60</size>
         <input_file_ref idref="fl-80"/>
      </object_component>
      <object_component id="oc-85">
         <name>.text:_IRQ_reset</name>
         <load_address>0x23c0</load_address>
         <run_address>0x23c0</run_address>
         <size>0x40</size>
         <input_file_ref idref="fl-87"/>
      </object_component>
      <object_component id="oc-6f">
         <name>.text:__args_main</name>
         <load_address>0x2400</load_address>
         <run_address>0x2400</run_address>
         <size>0x40</size>
         <input_file_ref idref="fl-82"/>
      </object_component>
      <object_component id="oc-88">
         <name>.text:_IRQ_enable</name>
         <load_address>0x2440</load_address>
         <run_address>0x2440</run_address>
         <size>0x20</size>
         <input_file_ref idref="fl-87"/>
      </object_component>
      <object_component id="oc-82">
         <name>.text:_IRQ_globalDisable</name>
         <load_address>0x2460</load_address>
         <run_address>0x2460</run_address>
         <size>0x20</size>
         <input_file_ref idref="fl-87"/>
      </object_component>
      <object_component id="oc-86">
         <name>.text:_IRQ_globalEnable</name>
         <load_address>0x2480</load_address>
         <run_address>0x2480</run_address>
         <size>0x20</size>
         <input_file_ref idref="fl-87"/>
      </object_component>
      <object_component id="oc-87">
         <name>.text:_IRQ_nmiEnable</name>
         <load_address>0x24a0</load_address>
         <run_address>0x24a0</run_address>
         <size>0x20</size>
         <input_file_ref idref="fl-87"/>
      </object_component>
      <object_component id="oc-83">
         <name>.text:_MCBSP_getXmtEventId</name>
         <load_address>0x24c0</load_address>
         <run_address>0x24c0</run_address>
         <size>0x20</size>
         <input_file_ref idref="fl-88"/>
      </object_component>
      <object_component id="oc-78">
         <name>.text:_MCBSP_read</name>
         <load_address>0x24e0</load_address>
         <run_address>0x24e0</run_address>
         <size>0x20</size>
         <input_file_ref idref="fl-88"/>
      </object_component>
      <object_component id="oc-77">
         <name>.text:_MCBSP_rrdy</name>
         <load_address>0x2500</load_address>
         <run_address>0x2500</run_address>
         <size>0x20</size>
         <input_file_ref idref="fl-88"/>
      </object_component>
      <object_component id="oc-7a">
         <name>.text:_MCBSP_write</name>
         <load_address>0x2520</load_address>
         <run_address>0x2520</run_address>
         <size>0x20</size>
         <input_file_ref idref="fl-88"/>
      </object_component>
      <object_component id="oc-79">
         <name>.text:_MCBSP_xrdy</name>
         <load_address>0x2540</load_address>
         <run_address>0x2540</run_address>
         <size>0x20</size>
         <input_file_ref idref="fl-88"/>
      </object_component>
      <object_component id="oc-7f">
         <name>.text:_abort</name>
         <load_address>0x2560</load_address>
         <run_address>0x2560</run_address>
         <size>0x20</size>
         <input_file_ref idref="fl-81"/>
      </object_component>
      <object_component id="oc-33">
         <name>.text</name>
         <load_address>0x2580</load_address>
         <run_address>0x2580</run_address>
         <size>0x20</size>
         <input_file_ref idref="fl-87"/>
      </object_component>
      <object_component id="oc-34">
         <name>.cinit</name>
         <load_address>0x2ce8</load_address>
         <run_address>0x2ce8</run_address>
         <size>0x12c</size>
         <input_file_ref idref="fl-87"/>
      </object_component>
      <object_component id="oc-39">
         <name>.cinit</name>
         <load_address>0x2e18</load_address>
         <run_address>0x2e18</run_address>
         <size>0x7c</size>
         <input_file_ref idref="fl-88"/>
      </object_component>
      <object_component id="oc-10">
         <name>.cinit</name>
         <load_address>0x2e98</load_address>
         <run_address>0x2e98</run_address>
         <size>0x70</size>
         <input_file_ref idref="fl-2"/>
      </object_component>
      <object_component id="oc-16">
         <name>.cinit</name>
         <load_address>0x2f08</load_address>
         <run_address>0x2f08</run_address>
         <size>0x70</size>
         <input_file_ref idref="fl-3"/>
      </object_component>
      <object_component id="oc-20">
         <name>.cinit</name>
         <load_address>0x2f78</load_address>
         <run_address>0x2f78</run_address>
         <size>0x2c</size>
         <input_file_ref idref="fl-81"/>
      </object_component>
      <object_component id="oc-54">
         <name>.cinit</name>
         <load_address>0x2fa8</load_address>
         <run_address>0x2fa8</run_address>
         <size>0x28</size>
         <input_file_ref idref="fl-8c"/>
      </object_component>
      <object_component id="oc-4d">
         <name>.cinit</name>
         <load_address>0x2fd0</load_address>
         <run_address>0x2fd0</run_address>
         <size>0x1c</size>
         <input_file_ref idref="fl-8b"/>
      </object_component>
      <object_component id="oc-1c">
         <name>.stack</name>
         <uninitialized>true</uninitialized>
         <run_address>0x25a0</run_address>
         <size>0x8</size>
         <input_file_ref idref="fl-80"/>
      </object_component>
      <object_component id="oc-9f">
         <name>.stack</name>
         <uninitialized>true</uninitialized>
         <run_address>0x25a0</run_address>
         <size>0x0</size>
      </object_component>
      <object_component id="oc-40">
         <name>.const</name>
         <load_address>0x2ff4</load_address>
         <run_address>0x2ff4</run_address>
         <size>0xc0</size>
         <input_file_ref idref="fl-89"/>
      </object_component>
      <object_component id="oc-47">
         <name>.const</name>
         <load_address>0x30b4</load_address>
         <run_address>0x30b4</run_address>
         <size>0x70</size>
         <input_file_ref idref="fl-8a"/>
      </object_component>
      <object_component id="oc-11">
         <name>.far</name>
         <uninitialized>true</uninitialized>
         <run_address>0x2bd0</run_address>
         <size>0x70</size>
         <input_file_ref idref="fl-2"/>
      </object_component>
      <object_component id="oc-17">
         <name>.far</name>
         <uninitialized>true</uninitialized>
         <run_address>0x29a0</run_address>
         <size>0x130</size>
         <input_file_ref idref="fl-3"/>
      </object_component>
      <object_component id="oc-21">
         <name>.far</name>
         <uninitialized>true</uninitialized>
         <run_address>0x2ccc</run_address>
         <size>0xc</size>
         <input_file_ref idref="fl-81"/>
      </object_component>
      <object_component id="oc-35">
         <name>.far</name>
         <uninitialized>true</uninitialized>
         <run_address>0x2ad0</run_address>
         <size>0x100</size>
         <input_file_ref idref="fl-87"/>
      </object_component>
      <object_component id="oc-3a">
         <name>.far</name>
         <uninitialized>true</uninitialized>
         <run_address>0x2c40</run_address>
         <size>0x54</size>
         <input_file_ref idref="fl-88"/>
      </object_component>
      <object_component id="oc-3f">
         <name>.far</name>
         <uninitialized>true</uninitialized>
         <run_address>0x2c94</run_address>
         <size>0x4</size>
         <input_file_ref idref="fl-89"/>
      </object_component>
      <object_component id="oc-46">
         <name>.far</name>
         <uninitialized>true</uninitialized>
         <run_address>0x2cd8</run_address>
         <size>0x8</size>
         <input_file_ref idref="fl-8a"/>
      </object_component>
      <object_component id="oc-4e">
         <name>.far</name>
         <uninitialized>true</uninitialized>
         <run_address>0x2cb8</run_address>
         <size>0x14</size>
         <input_file_ref idref="fl-8b"/>
      </object_component>
      <object_component id="oc-55">
         <name>.far</name>
         <uninitialized>true</uninitialized>
         <run_address>0x2c98</run_address>
         <size>0x20</size>
         <input_file_ref idref="fl-8c"/>
      </object_component>
      <object_component id="oc-60">
         <name>.far</name>
         <uninitialized>true</uninitialized>
         <run_address>0x2ce0</run_address>
         <size>0x2</size>
         <input_file_ref idref="fl-8e"/>
      </object_component>
      <object_component id="oc-f">
         <name>.debug_info</name>
         <load_address>0x0</load_address>
         <run_address>0x0</run_address>
         <size>0x1602</size>
         <input_file_ref idref="fl-2"/>
      </object_component>
      <object_component id="oc-15">
         <name>.debug_info</name>
         <load_address>0x1602</load_address>
         <run_address>0x1602</run_address>
         <size>0xb3e</size>
         <input_file_ref idref="fl-3"/>
      </object_component>
      <object_component id="oc-1b">
         <name>.debug_info</name>
         <load_address>0x2140</load_address>
         <run_address>0x2140</run_address>
         <size>0x73c</size>
         <input_file_ref idref="fl-80"/>
      </object_component>
      <object_component id="oc-1f">
         <name>.debug_info</name>
         <load_address>0x287c</load_address>
         <run_address>0x287c</run_address>
         <size>0x86a</size>
         <input_file_ref idref="fl-81"/>
      </object_component>
      <object_component id="oc-24">
         <name>.debug_info</name>
         <load_address>0x30e6</load_address>
         <run_address>0x30e6</run_address>
         <size>0x712</size>
         <input_file_ref idref="fl-82"/>
      </object_component>
      <object_component id="oc-27">
         <name>.debug_info</name>
         <load_address>0x37f8</load_address>
         <run_address>0x37f8</run_address>
         <size>0x8e9</size>
         <input_file_ref idref="fl-83"/>
      </object_component>
      <object_component id="oc-2a">
         <name>.debug_info</name>
         <load_address>0x40e1</load_address>
         <run_address>0x40e1</run_address>
         <size>0x761</size>
         <input_file_ref idref="fl-84"/>
      </object_component>
      <object_component id="oc-2d">
         <name>.debug_info</name>
         <load_address>0x4842</load_address>
         <run_address>0x4842</run_address>
         <size>0x857</size>
         <input_file_ref idref="fl-85"/>
      </object_component>
      <object_component id="oc-30">
         <name>.debug_info</name>
         <load_address>0x5099</load_address>
         <run_address>0x5099</run_address>
         <size>0x110</size>
         <input_file_ref idref="fl-86"/>
      </object_component>
      <object_component id="oc-37">
         <name>.debug_info</name>
         <load_address>0x51a9</load_address>
         <run_address>0x51a9</run_address>
         <size>0xcc6</size>
         <input_file_ref idref="fl-87"/>
      </object_component>
      <object_component id="oc-3c">
         <name>.debug_info</name>
         <load_address>0x5e6f</load_address>
         <run_address>0x5e6f</run_address>
         <size>0xfac</size>
         <input_file_ref idref="fl-88"/>
      </object_component>
      <object_component id="oc-42">
         <name>.debug_info</name>
         <load_address>0x6e1b</load_address>
         <run_address>0x6e1b</run_address>
         <size>0xd57</size>
         <input_file_ref idref="fl-89"/>
      </object_component>
      <object_component id="oc-49">
         <name>.debug_info</name>
         <load_address>0x7b72</load_address>
         <run_address>0x7b72</run_address>
         <size>0xbbd</size>
         <input_file_ref idref="fl-8a"/>
      </object_component>
      <object_component id="oc-50">
         <name>.debug_info</name>
         <load_address>0x872f</load_address>
         <run_address>0x872f</run_address>
         <size>0xba3</size>
         <input_file_ref idref="fl-8b"/>
      </object_component>
      <object_component id="oc-57">
         <name>.debug_info</name>
         <load_address>0x92d2</load_address>
         <run_address>0x92d2</run_address>
         <size>0x78a</size>
         <input_file_ref idref="fl-8c"/>
      </object_component>
      <object_component id="oc-5c">
         <name>.debug_info</name>
         <load_address>0x9a5c</load_address>
         <run_address>0x9a5c</run_address>
         <size>0x641</size>
         <input_file_ref idref="fl-8d"/>
      </object_component>
      <object_component id="oc-62">
         <name>.debug_info</name>
         <load_address>0xa09d</load_address>
         <run_address>0xa09d</run_address>
         <size>0x7c2</size>
         <input_file_ref idref="fl-8e"/>
      </object_component>
      <object_component id="oc-65">
         <name>.debug_info</name>
         <load_address>0xa85f</load_address>
         <run_address>0xa85f</run_address>
         <size>0x107</size>
         <input_file_ref idref="fl-8f"/>
      </object_component>
      <object_component id="oc-69">
         <name>.debug_info</name>
         <load_address>0xa966</load_address>
         <run_address>0xa966</run_address>
         <size>0x730</size>
         <input_file_ref idref="fl-90"/>
      </object_component>
      <object_component id="oc-6c">
         <name>.debug_info</name>
         <load_address>0xb096</load_address>
         <run_address>0xb096</run_address>
         <size>0x730</size>
         <input_file_ref idref="fl-91"/>
      </object_component>
      <object_component id="oc-a0">
         <name>.debug_info</name>
         <load_address>0xb7c6</load_address>
         <run_address>0xb7c6</run_address>
         <size>0x6e</size>
      </object_component>
      <object_component id="oc-12">
         <name>.debug_frame</name>
         <load_address>0x0</load_address>
         <run_address>0x0</run_address>
         <size>0x360</size>
         <input_file_ref idref="fl-2"/>
      </object_component>
      <object_component id="oc-18">
         <name>.debug_frame</name>
         <load_address>0x360</load_address>
         <run_address>0x360</run_address>
         <size>0x25c</size>
         <input_file_ref idref="fl-3"/>
      </object_component>
      <object_component id="oc-44">
         <name>.debug_frame</name>
         <load_address>0x5bc</load_address>
         <run_address>0x5bc</run_address>
         <size>0x1d4</size>
         <input_file_ref idref="fl-89"/>
      </object_component>
      <object_component id="oc-4b">
         <name>.debug_frame</name>
         <load_address>0x790</load_address>
         <run_address>0x790</run_address>
         <size>0x134</size>
         <input_file_ref idref="fl-8a"/>
      </object_component>
      <object_component id="oc-52">
         <name>.debug_frame</name>
         <load_address>0x8c4</load_address>
         <run_address>0x8c4</run_address>
         <size>0x174</size>
         <input_file_ref idref="fl-8b"/>
      </object_component>
      <object_component id="oc-59">
         <name>.debug_frame</name>
         <load_address>0xa38</load_address>
         <run_address>0xa38</run_address>
         <size>0x130</size>
         <input_file_ref idref="fl-8c"/>
      </object_component>
      <object_component id="oc-5e">
         <name>.debug_frame</name>
         <load_address>0xb68</load_address>
         <run_address>0xb68</run_address>
         <size>0x14c</size>
         <input_file_ref idref="fl-8d"/>
      </object_component>
      <object_component id="oc-64">
         <name>.debug_frame</name>
         <load_address>0xcb4</load_address>
         <run_address>0xcb4</run_address>
         <size>0x190</size>
         <input_file_ref idref="fl-8e"/>
      </object_component>
      <object_component id="oc-13">
         <name>.debug_line</name>
         <load_address>0x0</load_address>
         <run_address>0x0</run_address>
         <size>0x158</size>
         <input_file_ref idref="fl-2"/>
      </object_component>
      <object_component id="oc-19">
         <name>.debug_line</name>
         <load_address>0x158</load_address>
         <run_address>0x158</run_address>
         <size>0xa1</size>
         <input_file_ref idref="fl-3"/>
      </object_component>
      <object_component id="oc-1d">
         <name>.debug_line</name>
         <load_address>0x1f9</load_address>
         <run_address>0x1f9</run_address>
         <size>0x3d</size>
         <input_file_ref idref="fl-80"/>
      </object_component>
      <object_component id="oc-22">
         <name>.debug_line</name>
         <load_address>0x236</load_address>
         <run_address>0x236</run_address>
         <size>0x4f</size>
         <input_file_ref idref="fl-81"/>
      </object_component>
      <object_component id="oc-25">
         <name>.debug_line</name>
         <load_address>0x285</load_address>
         <run_address>0x285</run_address>
         <size>0x41</size>
         <input_file_ref idref="fl-82"/>
      </object_component>
      <object_component id="oc-28">
         <name>.debug_line</name>
         <load_address>0x2c6</load_address>
         <run_address>0x2c6</run_address>
         <size>0x47</size>
         <input_file_ref idref="fl-83"/>
      </object_component>
      <object_component id="oc-2b">
         <name>.debug_line</name>
         <load_address>0x30d</load_address>
         <run_address>0x30d</run_address>
         <size>0x45</size>
         <input_file_ref idref="fl-84"/>
      </object_component>
      <object_component id="oc-2e">
         <name>.debug_line</name>
         <load_address>0x352</load_address>
         <run_address>0x352</run_address>
         <size>0x44</size>
         <input_file_ref idref="fl-85"/>
      </object_component>
      <object_component id="oc-31">
         <name>.debug_line</name>
         <load_address>0x396</load_address>
         <run_address>0x396</run_address>
         <size>0x4f</size>
         <input_file_ref idref="fl-86"/>
      </object_component>
      <object_component id="oc-38">
         <name>.debug_line</name>
         <load_address>0x3e5</load_address>
         <run_address>0x3e5</run_address>
         <size>0x109</size>
         <input_file_ref idref="fl-87"/>
      </object_component>
      <object_component id="oc-3d">
         <name>.debug_line</name>
         <load_address>0x4ee</load_address>
         <run_address>0x4ee</run_address>
         <size>0x13f</size>
         <input_file_ref idref="fl-88"/>
      </object_component>
      <object_component id="oc-43">
         <name>.debug_line</name>
         <load_address>0x62d</load_address>
         <run_address>0x62d</run_address>
         <size>0x102</size>
         <input_file_ref idref="fl-89"/>
      </object_component>
      <object_component id="oc-4a">
         <name>.debug_line</name>
         <load_address>0x72f</load_address>
         <run_address>0x72f</run_address>
         <size>0x72</size>
         <input_file_ref idref="fl-8a"/>
      </object_component>
      <object_component id="oc-51">
         <name>.debug_line</name>
         <load_address>0x7a1</load_address>
         <run_address>0x7a1</run_address>
         <size>0xa7</size>
         <input_file_ref idref="fl-8b"/>
      </object_component>
      <object_component id="oc-58">
         <name>.debug_line</name>
         <load_address>0x848</load_address>
         <run_address>0x848</run_address>
         <size>0x69</size>
         <input_file_ref idref="fl-8c"/>
      </object_component>
      <object_component id="oc-5d">
         <name>.debug_line</name>
         <load_address>0x8b1</load_address>
         <run_address>0x8b1</run_address>
         <size>0x5e</size>
         <input_file_ref idref="fl-8d"/>
      </object_component>
      <object_component id="oc-63">
         <name>.debug_line</name>
         <load_address>0x90f</load_address>
         <run_address>0x90f</run_address>
         <size>0xa0</size>
         <input_file_ref idref="fl-8e"/>
      </object_component>
      <object_component id="oc-66">
         <name>.debug_line</name>
         <load_address>0x9af</load_address>
         <run_address>0x9af</run_address>
         <size>0x48</size>
         <input_file_ref idref="fl-8f"/>
      </object_component>
      <object_component id="oc-6a">
         <name>.debug_line</name>
         <load_address>0x9f7</load_address>
         <run_address>0x9f7</run_address>
         <size>0x5a</size>
         <input_file_ref idref="fl-90"/>
      </object_component>
      <object_component id="oc-6d">
         <name>.debug_line</name>
         <load_address>0xa51</load_address>
         <run_address>0xa51</run_address>
         <size>0x5a</size>
         <input_file_ref idref="fl-91"/>
      </object_component>
      <object_component id="oc-14">
         <name>.debug_abbrev</name>
         <load_address>0x0</load_address>
         <run_address>0x0</run_address>
         <size>0x18e</size>
         <input_file_ref idref="fl-2"/>
      </object_component>
      <object_component id="oc-1a">
         <name>.debug_abbrev</name>
         <load_address>0x18e</load_address>
         <run_address>0x18e</run_address>
         <size>0xd0</size>
         <input_file_ref idref="fl-3"/>
      </object_component>
      <object_component id="oc-1e">
         <name>.debug_abbrev</name>
         <load_address>0x25e</load_address>
         <run_address>0x25e</run_address>
         <size>0xfe</size>
         <input_file_ref idref="fl-80"/>
      </object_component>
      <object_component id="oc-23">
         <name>.debug_abbrev</name>
         <load_address>0x35c</load_address>
         <run_address>0x35c</run_address>
         <size>0x119</size>
         <input_file_ref idref="fl-81"/>
      </object_component>
      <object_component id="oc-26">
         <name>.debug_abbrev</name>
         <load_address>0x475</load_address>
         <run_address>0x475</run_address>
         <size>0xe1</size>
         <input_file_ref idref="fl-82"/>
      </object_component>
      <object_component id="oc-29">
         <name>.debug_abbrev</name>
         <load_address>0x556</load_address>
         <run_address>0x556</run_address>
         <size>0x13f</size>
         <input_file_ref idref="fl-83"/>
      </object_component>
      <object_component id="oc-2c">
         <name>.debug_abbrev</name>
         <load_address>0x695</load_address>
         <run_address>0x695</run_address>
         <size>0xdd</size>
         <input_file_ref idref="fl-84"/>
      </object_component>
      <object_component id="oc-2f">
         <name>.debug_abbrev</name>
         <load_address>0x772</load_address>
         <run_address>0x772</run_address>
         <size>0x10c</size>
         <input_file_ref idref="fl-85"/>
      </object_component>
      <object_component id="oc-32">
         <name>.debug_abbrev</name>
         <load_address>0x87e</load_address>
         <run_address>0x87e</run_address>
         <size>0x3b</size>
         <input_file_ref idref="fl-86"/>
      </object_component>
      <object_component id="oc-36">
         <name>.debug_abbrev</name>
         <load_address>0x8b9</load_address>
         <run_address>0x8b9</run_address>
         <size>0x1b7</size>
         <input_file_ref idref="fl-87"/>
      </object_component>
      <object_component id="oc-3b">
         <name>.debug_abbrev</name>
         <load_address>0xa70</load_address>
         <run_address>0xa70</run_address>
         <size>0x1a3</size>
         <input_file_ref idref="fl-88"/>
      </object_component>
      <object_component id="oc-41">
         <name>.debug_abbrev</name>
         <load_address>0xc13</load_address>
         <run_address>0xc13</run_address>
         <size>0x162</size>
         <input_file_ref idref="fl-89"/>
      </object_component>
      <object_component id="oc-48">
         <name>.debug_abbrev</name>
         <load_address>0xd75</load_address>
         <run_address>0xd75</run_address>
         <size>0x11c</size>
         <input_file_ref idref="fl-8a"/>
      </object_component>
      <object_component id="oc-4f">
         <name>.debug_abbrev</name>
         <load_address>0xe91</load_address>
         <run_address>0xe91</run_address>
         <size>0x154</size>
         <input_file_ref idref="fl-8b"/>
      </object_component>
      <object_component id="oc-56">
         <name>.debug_abbrev</name>
         <load_address>0xfe5</load_address>
         <run_address>0xfe5</run_address>
         <size>0xf0</size>
         <input_file_ref idref="fl-8c"/>
      </object_component>
      <object_component id="oc-5b">
         <name>.debug_abbrev</name>
         <load_address>0x10d5</load_address>
         <run_address>0x10d5</run_address>
         <size>0xd7</size>
         <input_file_ref idref="fl-8d"/>
      </object_component>
      <object_component id="oc-61">
         <name>.debug_abbrev</name>
         <load_address>0x11ac</load_address>
         <run_address>0x11ac</run_address>
         <size>0xc8</size>
         <input_file_ref idref="fl-8e"/>
      </object_component>
      <object_component id="oc-67">
         <name>.debug_abbrev</name>
         <load_address>0x1274</load_address>
         <run_address>0x1274</run_address>
         <size>0x3b</size>
         <input_file_ref idref="fl-8f"/>
      </object_component>
      <object_component id="oc-68">
         <name>.debug_abbrev</name>
         <load_address>0x12af</load_address>
         <run_address>0x12af</run_address>
         <size>0xe0</size>
         <input_file_ref idref="fl-90"/>
      </object_component>
      <object_component id="oc-6b">
         <name>.debug_abbrev</name>
         <load_address>0x138f</load_address>
         <run_address>0x138f</run_address>
         <size>0xe0</size>
         <input_file_ref idref="fl-91"/>
      </object_component>
      <object_component id="oc-a1">
         <name>.debug_abbrev</name>
         <load_address>0x146f</load_address>
         <run_address>0x146f</run_address>
         <size>0xd</size>
      </object_component>
   </object_component_list>
   <logical_group_list>
      <logical_group id="lg-2">
         <name>.EXT_RAM</name>
         <run_address>0x0</run_address>
         <size>0x0</size>
         <contents>
         </contents>
      </logical_group>
      <logical_group id="lg-3">
         <name>.vectors</name>
         <run_address>0x0</run_address>
         <size>0x0</size>
         <contents>
         </contents>
      </logical_group>
      <logical_group id="lg-4">
         <name>.text</name>
         <load_address>0x220</load_address>
         <run_address>0x220</run_address>
         <size>0x2380</size>
         <contents>
            <object_component_ref idref="oc-81"/>
            <object_component_ref idref="oc-3e"/>
            <object_component_ref idref="oc-7e"/>
            <object_component_ref idref="oc-45"/>
            <object_component_ref idref="oc-4c"/>
            <object_component_ref idref="oc-84"/>
            <object_component_ref idref="oc-80"/>
            <object_component_ref idref="oc-5f"/>
            <object_component_ref idref="oc-53"/>
            <object_component_ref idref="oc-74"/>
            <object_component_ref idref="oc-76"/>
            <object_component_ref idref="oc-6e"/>
            <object_component_ref idref="oc-7c"/>
            <object_component_ref idref="oc-75"/>
            <object_component_ref idref="oc-71"/>
            <object_component_ref idref="oc-70"/>
            <object_component_ref idref="oc-89"/>
            <object_component_ref idref="oc-73"/>
            <object_component_ref idref="oc-72"/>
            <object_component_ref idref="oc-7b"/>
            <object_component_ref idref="oc-7d"/>
            <object_component_ref idref="oc-5a"/>
            <object_component_ref idref="oc-e"/>
            <object_component_ref idref="oc-85"/>
            <object_component_ref idref="oc-6f"/>
            <object_component_ref idref="oc-88"/>
            <object_component_ref idref="oc-82"/>
            <object_component_ref idref="oc-86"/>
            <object_component_ref idref="oc-87"/>
            <object_component_ref idref="oc-83"/>
            <object_component_ref idref="oc-78"/>
            <object_component_ref idref="oc-77"/>
            <object_component_ref idref="oc-7a"/>
            <object_component_ref idref="oc-79"/>
            <object_component_ref idref="oc-7f"/>
            <object_component_ref idref="oc-33"/>
         </contents>
      </logical_group>
      <logical_group id="lg-5">
         <name>.bss</name>
         <run_address>0x220</run_address>
         <size>0x0</size>
         <contents>
         </contents>
      </logical_group>
      <logical_group id="lg-6">
         <name>.cinit</name>
         <load_address>0x2ce8</load_address>
         <run_address>0x2ce8</run_address>
         <size>0x30c</size>
         <contents>
            <object_component_ref idref="oc-34"/>
            <object_component_ref idref="oc-39"/>
            <object_component_ref idref="oc-10"/>
            <object_component_ref idref="oc-16"/>
            <object_component_ref idref="oc-20"/>
            <object_component_ref idref="oc-54"/>
            <object_component_ref idref="oc-4d"/>
         </contents>
      </logical_group>
      <logical_group id="lg-7">
         <name>.stack</name>
         <run_address>0x25a0</run_address>
         <size>0x400</size>
         <contents>
            <object_component_ref idref="oc-1c"/>
            <object_component_ref idref="oc-9f"/>
         </contents>
      </logical_group>
      <logical_group id="lg-8">
         <name>.sysmem</name>
         <run_address>0x0</run_address>
         <size>0x0</size>
         <contents>
         </contents>
      </logical_group>
      <logical_group id="lg-9">
         <name>.const</name>
         <load_address>0x2ff4</load_address>
         <run_address>0x2ff4</run_address>
         <size>0x130</size>
         <contents>
            <object_component_ref idref="oc-40"/>
            <object_component_ref idref="oc-47"/>
         </contents>
      </logical_group>
      <logical_group id="lg-a">
         <name>.switch</name>
         <run_address>0x0</run_address>
         <size>0x0</size>
         <contents>
         </contents>
      </logical_group>
      <logical_group id="lg-b">
         <name>.far</name>
         <run_address>0x29a0</run_address>
         <size>0x342</size>
         <contents>
            <object_component_ref idref="oc-11"/>
            <object_component_ref idref="oc-17"/>
            <object_component_ref idref="oc-21"/>
            <object_component_ref idref="oc-35"/>
            <object_component_ref idref="oc-3a"/>
            <object_component_ref idref="oc-3f"/>
            <object_component_ref idref="oc-46"/>
            <object_component_ref idref="oc-4e"/>
            <object_component_ref idref="oc-55"/>
            <object_component_ref idref="oc-60"/>
         </contents>
      </logical_group>
      <logical_group id="lg-c">
         <name>.cio</name>
         <run_address>0x0</run_address>
         <size>0x0</size>
         <contents>
         </contents>
      </logical_group>
      <logical_group id="lg-d">
         <name>.csldata</name>
         <run_address>0x0</run_address>
         <size>0x0</size>
         <contents>
         </contents>
      </logical_group>
      <logical_group id="lg-96">
         <name>.debug_info</name>
         <load_address>0x0</load_address>
         <run_address>0x0</run_address>
         <size>0xb834</size>
         <contents>
            <object_component_ref idref="oc-f"/>
            <object_component_ref idref="oc-15"/>
            <object_component_ref idref="oc-1b"/>
            <object_component_ref idref="oc-1f"/>
            <object_component_ref idref="oc-24"/>
            <object_component_ref idref="oc-27"/>
            <object_component_ref idref="oc-2a"/>
            <object_component_ref idref="oc-2d"/>
            <object_component_ref idref="oc-30"/>
            <object_component_ref idref="oc-37"/>
            <object_component_ref idref="oc-3c"/>
            <object_component_ref idref="oc-42"/>
            <object_component_ref idref="oc-49"/>
            <object_component_ref idref="oc-50"/>
            <object_component_ref idref="oc-57"/>
            <object_component_ref idref="oc-5c"/>
            <object_component_ref idref="oc-62"/>
            <object_component_ref idref="oc-65"/>
            <object_component_ref idref="oc-69"/>
            <object_component_ref idref="oc-6c"/>
            <object_component_ref idref="oc-a0"/>
         </contents>
      </logical_group>
      <logical_group id="lg-98">
         <name>.debug_frame</name>
         <load_address>0x0</load_address>
         <run_address>0x0</run_address>
         <size>0xe44</size>
         <contents>
            <object_component_ref idref="oc-12"/>
            <object_component_ref idref="oc-18"/>
            <object_component_ref idref="oc-44"/>
            <object_component_ref idref="oc-4b"/>
            <object_component_ref idref="oc-52"/>
            <object_component_ref idref="oc-59"/>
            <object_component_ref idref="oc-5e"/>
            <object_component_ref idref="oc-64"/>
         </contents>
      </logical_group>
      <logical_group id="lg-9a">
         <name>.debug_line</name>
         <load_address>0x0</load_address>
         <run_address>0x0</run_address>
         <size>0xaab</size>
         <contents>
            <object_component_ref idref="oc-13"/>
            <object_component_ref idref="oc-19"/>
            <object_component_ref idref="oc-1d"/>
            <object_component_ref idref="oc-22"/>
            <object_component_ref idref="oc-25"/>
            <object_component_ref idref="oc-28"/>
            <object_component_ref idref="oc-2b"/>
            <object_component_ref idref="oc-2e"/>
            <object_component_ref idref="oc-31"/>
            <object_component_ref idref="oc-38"/>
            <object_component_ref idref="oc-3d"/>
            <object_component_ref idref="oc-43"/>
            <object_component_ref idref="oc-4a"/>
            <object_component_ref idref="oc-51"/>
            <object_component_ref idref="oc-58"/>
            <object_component_ref idref="oc-5d"/>
            <object_component_ref idref="oc-63"/>
            <object_component_ref idref="oc-66"/>
            <object_component_ref idref="oc-6a"/>
            <object_component_ref idref="oc-6d"/>
         </contents>
      </logical_group>
      <logical_group id="lg-9c">
         <name>.debug_abbrev</name>
         <load_address>0x0</load_address>
         <run_address>0x0</run_address>
         <size>0x147c</size>
         <contents>
            <object_component_ref idref="oc-14"/>
            <object_component_ref idref="oc-1a"/>
            <object_component_ref idref="oc-1e"/>
            <object_component_ref idref="oc-23"/>
            <object_component_ref idref="oc-26"/>
            <object_component_ref idref="oc-29"/>
            <object_component_ref idref="oc-2c"/>
            <object_component_ref idref="oc-2f"/>
            <object_component_ref idref="oc-32"/>
            <object_component_ref idref="oc-36"/>
            <object_component_ref idref="oc-3b"/>
            <object_component_ref idref="oc-41"/>
            <object_component_ref idref="oc-48"/>
            <object_component_ref idref="oc-4f"/>
            <object_component_ref idref="oc-56"/>
            <object_component_ref idref="oc-5b"/>
            <object_component_ref idref="oc-61"/>
            <object_component_ref idref="oc-67"/>
            <object_component_ref idref="oc-68"/>
            <object_component_ref idref="oc-6b"/>
            <object_component_ref idref="oc-a1"/>
         </contents>
      </logical_group>
   </logical_group_list>
   <placement_map>
      <memory_area>
         <name>IVECS</name>
         <page_id>0x0</page_id>
         <origin>0x0</origin>
         <length>0x220</length>
         <used_space>0x0</used_space>
         <unused_space>0x220</unused_space>
         <attributes>RWIX</attributes>
         <usage_details>
         </usage_details>
      </memory_area>
      <memory_area>
         <name>IRAM</name>
         <page_id>0x0</page_id>
         <origin>0x220</origin>
         <length>0x2fde0</length>
         <used_space>0x2efe</used_space>
         <unused_space>0x2cee2</unused_space>
         <attributes>RWIX</attributes>
         <usage_details>
            <allocated_space>
               <start_address>0x220</start_address>
               <size>0x0</size>
               <logical_group_ref idref="lg-5"/>
            </allocated_space>
            <allocated_space>
               <start_address>0x220</start_address>
               <size>0x2380</size>
               <logical_group_ref idref="lg-4"/>
            </allocated_space>
            <allocated_space>
               <start_address>0x25a0</start_address>
               <size>0x400</size>
               <logical_group_ref idref="lg-7"/>
            </allocated_space>
            <allocated_space>
               <start_address>0x29a0</start_address>
               <size>0x342</size>
               <logical_group_ref idref="lg-b"/>
            </allocated_space>
            <available_space>
               <start_address>0x2ce2</start_address>
               <size>0x6</size>
            </available_space>
            <allocated_space>
               <start_address>0x2ce8</start_address>
               <size>0x30c</size>
               <logical_group_ref idref="lg-6"/>
            </allocated_space>
            <allocated_space>
               <start_address>0x2ff4</start_address>
               <size>0x130</size>
               <logical_group_ref idref="lg-9"/>
            </allocated_space>
            <available_space>
               <start_address>0x3124</start_address>
               <size>0x2cedc</size>
            </available_space>
         </usage_details>
      </memory_area>
      <memory_area>
         <name>SDRAM</name>
         <page_id>0x0</page_id>
         <origin>0x80000000</origin>
         <length>0x100000</length>
         <used_space>0x0</used_space>
         <unused_space>0x100000</unused_space>
         <attributes>RWIX</attributes>
         <usage_details>
         </usage_details>
      </memory_area>
      <memory_area>
         <name>FLASH</name>
         <page_id>0x0</page_id>
         <origin>0x90000000</origin>
         <length>0x20000</length>
         <used_space>0x0</used_space>
         <unused_space>0x20000</unused_space>
         <attributes>RWIX</attributes>
         <usage_details>
         </usage_details>
      </memory_area>
   </placement_map>
   <symbol_table>
      <symbol id="sm-0">
         <name>cinit</name>
         <value>0x2ce8</value>
      </symbol>
      <symbol id="sm-1">
         <name>___cinit__</name>
         <value>0x2ce8</value>
      </symbol>
      <symbol id="sm-2">
         <name>pinit</name>
         <value>0xffffffff</value>
      </symbol>
      <symbol id="sm-3">
         <name>___pinit__</name>
         <value>0xffffffff</value>
      </symbol>
      <symbol id="sm-4">
         <name>binit</name>
         <value>0xffffffff</value>
      </symbol>
      <symbol id="sm-5">
         <name>___binit__</name>
         <value>0xffffffff</value>
      </symbol>
      <symbol id="sm-6">
         <name>__STACK_SIZE</name>
         <value>0x400</value>
      </symbol>
      <symbol id="sm-7">
         <name>__STACK_END</name>
         <value>0x29a0</value>
      </symbol>
      <symbol id="sm-8">
         <name>___c_args__</name>
         <value>0xffffffff</value>
      </symbol>
      <symbol id="sm-9">
         <name>.text</name>
         <value>0x220</value>
      </symbol>
      <symbol id="sm-a">
         <name>___text__</name>
         <value>0x220</value>
      </symbol>
      <symbol id="sm-b">
         <name>etext</name>
         <value>0x25a0</value>
      </symbol>
      <symbol id="sm-c">
         <name>___etext__</name>
         <value>0x25a0</value>
      </symbol>
      <symbol id="sm-d">
         <name>.bss</name>
         <value>0x220</value>
      </symbol>
      <symbol id="sm-e">
         <name>___bss__</name>
         <value>0x220</value>
      </symbol>
      <symbol id="sm-f">
         <name>end</name>
         <value>0x220</value>
      </symbol>
      <symbol id="sm-10">
         <name>___end__</name>
         <value>0x220</value>
      </symbol>
      <symbol id="sm-11">
         <name>___TI_pprof_out_hndl</name>
         <value>0xffffffff</value>
      </symbol>
      <symbol id="sm-12">
         <name>___TI_prof_data_start</name>
         <value>0xffffffff</value>
      </symbol>
      <symbol id="sm-13">
         <name>___TI_prof_data_size</name>
         <value>0xffffffff</value>
      </symbol>
      <symbol id="sm-14">
         <name>$bss</name>
         <value>0x220</value>
      </symbol>
      <symbol id="sm-7d">
         <name>_comm_poll</name>
         <value>0x2c4</value>
         <object_component_ref idref="oc-81"/>
      </symbol>
      <symbol id="sm-7e">
         <name>_output_left_sample</name>
         <value>0x4c4</value>
         <object_component_ref idref="oc-81"/>
      </symbol>
      <symbol id="sm-7f">
         <name>_comm_intr</name>
         <value>0x2ec</value>
         <object_component_ref idref="oc-81"/>
      </symbol>
      <symbol id="sm-80">
         <name>_input_left_sample</name>
         <value>0x708</value>
         <object_component_ref idref="oc-81"/>
      </symbol>
      <symbol id="sm-81">
         <name>_output_sample</name>
         <value>0x3d8</value>
         <object_component_ref idref="oc-81"/>
      </symbol>
      <symbol id="sm-82">
         <name>_c6416_dsk_init</name>
         <value>0x220</value>
         <object_component_ref idref="oc-81"/>
      </symbol>
      <symbol id="sm-83">
         <name>_config</name>
         <value>0x2c14</value>
         <object_component_ref idref="oc-11"/>
      </symbol>
      <symbol id="sm-84">
         <name>_input_right_sample</name>
         <value>0x7a8</value>
         <object_component_ref idref="oc-81"/>
      </symbol>
      <symbol id="sm-85">
         <name>_AIC_data</name>
         <value>0x2bd0</value>
         <object_component_ref idref="oc-11"/>
      </symbol>
      <symbol id="sm-86">
         <name>_hAIC23_handle</name>
         <value>0x2c3c</value>
         <object_component_ref idref="oc-11"/>
      </symbol>
      <symbol id="sm-87">
         <name>_AIC23CfgData</name>
         <value>0x2bdc</value>
         <object_component_ref idref="oc-11"/>
      </symbol>
      <symbol id="sm-88">
         <name>_input_sample</name>
         <value>0x630</value>
         <object_component_ref idref="oc-81"/>
      </symbol>
      <symbol id="sm-89">
         <name>_output_right_sample</name>
         <value>0x57c</value>
         <object_component_ref idref="oc-81"/>
      </symbol>
      <symbol id="sm-c7">
         <name>_main</name>
         <value>0xc20</value>
         <object_component_ref idref="oc-7e"/>
      </symbol>
      <symbol id="sm-c8">
         <name>_gain</name>
         <value>0x29a8</value>
         <object_component_ref idref="oc-17"/>
      </symbol>
      <symbol id="sm-c9">
         <name>_loop</name>
         <value>0x29a4</value>
         <object_component_ref idref="oc-17"/>
      </symbol>
      <symbol id="sm-ca">
         <name>_gBuffer</name>
         <value>0x29d0</value>
         <object_component_ref idref="oc-17"/>
      </symbol>
      <symbol id="sm-cb">
         <name>_three_angle_wave_table</name>
         <value>0x29c0</value>
         <object_component_ref idref="oc-17"/>
      </symbol>
      <symbol id="sm-cc">
         <name>_square_wave_table</name>
         <value>0x29b0</value>
         <object_component_ref idref="oc-17"/>
      </symbol>
      <symbol id="sm-cd">
         <name>_fs</name>
         <value>0x29a0</value>
         <object_component_ref idref="oc-17"/>
      </symbol>
      <symbol id="sm-ce">
         <name>_i</name>
         <value>0x29a6</value>
         <object_component_ref idref="oc-17"/>
      </symbol>
      <symbol id="sm-da">
         <name>_c_int00</name>
         <value>0x2360</value>
         <object_component_ref idref="oc-e"/>
      </symbol>
      <symbol id="sm-db">
         <name>__stack</name>
         <value>0x25a0</value>
         <object_component_ref idref="oc-1c"/>
      </symbol>
      <symbol id="sm-eb">
         <name>C$$EXIT</name>
         <value>0x2560</value>
         <object_component_ref idref="oc-7f"/>
      </symbol>
      <symbol id="sm-ec">
         <name>_exit</name>
         <value>0x1f00</value>
         <object_component_ref idref="oc-70"/>
      </symbol>
      <symbol id="sm-ed">
         <name>___TI_enable_exit_profile_output</name>
         <value>0x2cd4</value>
         <object_component_ref idref="oc-21"/>
      </symbol>
      <symbol id="sm-ee">
         <name>_abort</name>
         <value>0x2560</value>
         <object_component_ref idref="oc-7f"/>
      </symbol>
      <symbol id="sm-ef">
         <name>__cleanup_ptr</name>
         <value>0x2ccc</value>
         <object_component_ref idref="oc-21"/>
      </symbol>
      <symbol id="sm-f0">
         <name>__dtors_ptr</name>
         <value>0x2cd0</value>
         <object_component_ref idref="oc-21"/>
      </symbol>
      <symbol id="sm-fa">
         <name>__args_main</name>
         <value>0x2400</value>
         <object_component_ref idref="oc-6f"/>
      </symbol>
      <symbol id="sm-fb">
         <name>__TI_args_main</name>
         <value>0x1</value>
      </symbol>
      <symbol id="sm-105">
         <name>__auto_init</name>
         <value>0x1bc0</value>
         <object_component_ref idref="oc-6e"/>
      </symbol>
      <symbol id="sm-10f">
         <name>___TI_cpp_init</name>
         <value>0x2260</value>
         <object_component_ref idref="oc-7d"/>
      </symbol>
      <symbol id="sm-119">
         <name>_copy_in</name>
         <value>0x21c0</value>
         <object_component_ref idref="oc-7b"/>
      </symbol>
      <symbol id="sm-121">
         <name>_memcpy</name>
         <value>0x1ca0</value>
         <object_component_ref idref="oc-7c"/>
      </symbol>
      <symbol id="sm-13d">
         <name>__IRQ_eventTable</name>
         <value>0x2b00</value>
         <object_component_ref idref="oc-35"/>
      </symbol>
      <symbol id="sm-13e">
         <name>_IRQ_nmiEnable</name>
         <value>0x24a0</value>
         <object_component_ref idref="oc-87"/>
      </symbol>
      <symbol id="sm-13f">
         <name>_IRQ_reset</name>
         <value>0x23c0</value>
         <object_component_ref idref="oc-85"/>
      </symbol>
      <symbol id="sm-140">
         <name>__IRQ_intTable</name>
         <value>0x2b88</value>
         <object_component_ref idref="oc-35"/>
      </symbol>
      <symbol id="sm-141">
         <name>_IRQ_globalEnable</name>
         <value>0x2480</value>
         <object_component_ref idref="oc-86"/>
      </symbol>
      <symbol id="sm-142">
         <name>_IRQ_globalDisable</name>
         <value>0x2460</value>
         <object_component_ref idref="oc-82"/>
      </symbol>
      <symbol id="sm-143">
         <name>_IRQ_map</name>
         <value>0x13a0</value>
         <object_component_ref idref="oc-84"/>
      </symbol>
      <symbol id="sm-144">
         <name>_IRQ_enable</name>
         <value>0x2440</value>
         <object_component_ref idref="oc-88"/>
      </symbol>
      <symbol id="sm-145">
         <name>__IRQ_dispatchTable</name>
         <value>0x2bc8</value>
         <object_component_ref idref="oc-35"/>
      </symbol>
      <symbol id="sm-146">
         <name>__IRQ_hookFetchPacket</name>
         <value>0x2580</value>
         <object_component_ref idref="oc-33"/>
      </symbol>
      <symbol id="sm-164">
         <name>_MCBSP_reset</name>
         <value>0x1580</value>
         <object_component_ref idref="oc-80"/>
      </symbol>
      <symbol id="sm-165">
         <name>_MCBSP_read</name>
         <value>0x24e0</value>
         <object_component_ref idref="oc-78"/>
      </symbol>
      <symbol id="sm-166">
         <name>_MCBSP_getXmtEventId</name>
         <value>0x24c0</value>
         <object_component_ref idref="oc-83"/>
      </symbol>
      <symbol id="sm-167">
         <name>_MCBSP_open</name>
         <value>0x1a00</value>
         <object_component_ref idref="oc-74"/>
      </symbol>
      <symbol id="sm-168">
         <name>__MCBSP_hDev0</name>
         <value>0x2c88</value>
         <object_component_ref idref="oc-3a"/>
      </symbol>
      <symbol id="sm-169">
         <name>__MCBSP_hDev1</name>
         <value>0x2c8c</value>
         <object_component_ref idref="oc-3a"/>
      </symbol>
      <symbol id="sm-16a">
         <name>__MCBSP_hDev2</name>
         <value>0x2c90</value>
         <object_component_ref idref="oc-3a"/>
      </symbol>
      <symbol id="sm-16b">
         <name>_MCBSP_start</name>
         <value>0x1ae0</value>
         <object_component_ref idref="oc-76"/>
      </symbol>
      <symbol id="sm-16c">
         <name>_MCBSP_rrdy</name>
         <value>0x2500</value>
         <object_component_ref idref="oc-77"/>
      </symbol>
      <symbol id="sm-16d">
         <name>_MCBSP_config</name>
         <value>0x1d80</value>
         <object_component_ref idref="oc-75"/>
      </symbol>
      <symbol id="sm-16e">
         <name>_MCBSP_xrdy</name>
         <value>0x2540</value>
         <object_component_ref idref="oc-79"/>
      </symbol>
      <symbol id="sm-16f">
         <name>_MCBSP_write</name>
         <value>0x2520</value>
         <object_component_ref idref="oc-7a"/>
      </symbol>
      <symbol id="sm-19f">
         <name>_DSK6416_waitusec</name>
         <value>0xb00</value>
         <object_component_ref idref="oc-3e"/>
      </symbol>
      <symbol id="sm-1a0">
         <name>_DSK6416_rget</name>
         <value>0xa10</value>
         <object_component_ref idref="oc-3e"/>
      </symbol>
      <symbol id="sm-1a1">
         <name>_DSK6416_wait</name>
         <value>0xa90</value>
         <object_component_ref idref="oc-3e"/>
      </symbol>
      <symbol id="sm-1a2">
         <name>_DSK6416_rset</name>
         <value>0xa48</value>
         <object_component_ref idref="oc-3e"/>
      </symbol>
      <symbol id="sm-1a3">
         <name>_DSK6416_version</name>
         <value>0x2c94</value>
         <object_component_ref idref="oc-3f"/>
      </symbol>
      <symbol id="sm-1a4">
         <name>_DSK6416_getVersion</name>
         <value>0xb4c</value>
         <object_component_ref idref="oc-3e"/>
      </symbol>
      <symbol id="sm-1a5">
         <name>_DSK6416_init</name>
         <value>0x860</value>
         <object_component_ref idref="oc-3e"/>
      </symbol>
      <symbol id="sm-1c7">
         <name>_DSK6416_AIC23_openCodec</name>
         <value>0xf60</value>
         <object_component_ref idref="oc-45"/>
      </symbol>
      <symbol id="sm-1c8">
         <name>_DSK6416_AIC23_codecdatahandle</name>
         <value>0x2cdc</value>
         <object_component_ref idref="oc-46"/>
      </symbol>
      <symbol id="sm-1c9">
         <name>_DSK6416_AIC23_codeccontrolhandle</name>
         <value>0x2cd8</value>
         <object_component_ref idref="oc-46"/>
      </symbol>
      <symbol id="sm-1f6">
         <name>_DSK6416_AIC23_rset</name>
         <value>0x1180</value>
         <object_component_ref idref="oc-4c"/>
      </symbol>
      <symbol id="sm-1f7">
         <name>_DSK6416_AIC23_config</name>
         <value>0x12dc</value>
         <object_component_ref idref="oc-4c"/>
      </symbol>
      <symbol id="sm-1f8">
         <name>_DSK6416_AIC23_rget</name>
         <value>0x129c</value>
         <object_component_ref idref="oc-4c"/>
      </symbol>
      <symbol id="sm-215">
         <name>_DSK6416_AIC23_setFreq</name>
         <value>0x1900</value>
         <object_component_ref idref="oc-53"/>
      </symbol>
      <symbol id="sm-225">
         <name>_DSK6416_DIP_init</name>
         <value>0x22e0</value>
         <object_component_ref idref="oc-5a"/>
      </symbol>
      <symbol id="sm-226">
         <name>_DSK6416_DIP_get</name>
         <value>0x22e4</value>
         <object_component_ref idref="oc-5a"/>
      </symbol>
      <symbol id="sm-23f">
         <name>_DSK6416_LED_init</name>
         <value>0x1760</value>
         <object_component_ref idref="oc-5f"/>
      </symbol>
      <symbol id="sm-240">
         <name>_DSK6416_LED_toggle</name>
         <value>0x1880</value>
         <object_component_ref idref="oc-5f"/>
      </symbol>
      <symbol id="sm-241">
         <name>_DSK6416_LED_on</name>
         <value>0x1814</value>
         <object_component_ref idref="oc-5f"/>
      </symbol>
      <symbol id="sm-242">
         <name>_DSK6416_LED_off</name>
         <value>0x17a8</value>
         <object_component_ref idref="oc-5f"/>
      </symbol>
      <symbol id="sm-24a">
         <name>__strasg</name>
         <value>0x1e40</value>
         <object_component_ref idref="oc-71"/>
      </symbol>
      <symbol id="sm-254">
         <name>_EMIFA_config</name>
         <value>0x2080</value>
         <object_component_ref idref="oc-73"/>
      </symbol>
      <symbol id="sm-25e">
         <name>_EMIFB_config</name>
         <value>0x2120</value>
         <object_component_ref idref="oc-72"/>
      </symbol>
   </symbol_table>
</link_info>
