<?xml version="1.0"?>
<link_info>
   <banner>TMS320C6x Linker PC v7.4.20</banner>
   <copyright>Copyright (c) 1996-2015 Texas Instruments Incorporated</copyright>
   <link_time>0x67f4f1a4</link_time>
   <output_file>bt81.out</output_file>
   <entry_point>
      <name>_c_int00</name>
      <address>0x3c00</address>
   </entry_point>
   <input_file_list>
      <input_file id="fl-2">
         <path>.\</path>
         <kind>object</kind>
         <file>bt81.obj</file>
         <name>bt81.obj</name>
      </input_file>
      <input_file id="fl-3">
         <path>.\</path>
         <kind>object</kind>
         <file>c6416dskinit.obj</file>
         <name>c6416dskinit.obj</name>
      </input_file>
      <input_file id="fl-80">
         <path>C:\ti\ccsv7\2_c6000_7.4.20\c6000_7.4.20\lib\</path>
         <kind>archive</kind>
         <file>rts6400.lib</file>
         <name>boot.obj</name>
      </input_file>
      <input_file id="fl-81">
         <path>C:\ti\ccsv7\2_c6000_7.4.20\c6000_7.4.20\lib\</path>
         <kind>archive</kind>
         <file>rts6400.lib</file>
         <name>divd.obj</name>
      </input_file>
      <input_file id="fl-82">
         <path>C:\ti\ccsv7\2_c6000_7.4.20\c6000_7.4.20\lib\</path>
         <kind>archive</kind>
         <file>rts6400.lib</file>
         <name>exit.obj</name>
      </input_file>
      <input_file id="fl-83">
         <path>C:\ti\ccsv7\2_c6000_7.4.20\c6000_7.4.20\lib\</path>
         <kind>archive</kind>
         <file>rts6400.lib</file>
         <name>fixdi.obj</name>
      </input_file>
      <input_file id="fl-84">
         <path>C:\ti\ccsv7\2_c6000_7.4.20\c6000_7.4.20\lib\</path>
         <kind>archive</kind>
         <file>rts6400.lib</file>
         <name>fltid.obj</name>
      </input_file>
      <input_file id="fl-85">
         <path>C:\ti\ccsv7\2_c6000_7.4.20\c6000_7.4.20\lib\</path>
         <kind>archive</kind>
         <file>rts6400.lib</file>
         <name>frcmpyd_div.obj</name>
      </input_file>
      <input_file id="fl-86">
         <path>C:\ti\ccsv7\2_c6000_7.4.20\c6000_7.4.20\lib\</path>
         <kind>archive</kind>
         <file>rts6400.lib</file>
         <name>mpyd.obj</name>
      </input_file>
      <input_file id="fl-87">
         <path>C:\ti\ccsv7\2_c6000_7.4.20\c6000_7.4.20\lib\</path>
         <kind>archive</kind>
         <file>rts6400.lib</file>
         <name>mpyll.obj</name>
      </input_file>
      <input_file id="fl-88">
         <path>C:\ti\ccsv7\2_c6000_7.4.20\c6000_7.4.20\lib\</path>
         <kind>archive</kind>
         <file>rts6400.lib</file>
         <name>sin.obj</name>
      </input_file>
      <input_file id="fl-89">
         <path>C:\ti\ccsv7\2_c6000_7.4.20\c6000_7.4.20\lib\</path>
         <kind>archive</kind>
         <file>rts6400.lib</file>
         <name>subd.obj</name>
      </input_file>
      <input_file id="fl-8a">
         <path>C:\ti\ccsv7\2_c6000_7.4.20\c6000_7.4.20\lib\</path>
         <kind>archive</kind>
         <file>rts6400.lib</file>
         <name>trunc.obj</name>
      </input_file>
      <input_file id="fl-8b">
         <path>C:\ti\ccsv7\2_c6000_7.4.20\c6000_7.4.20\lib\</path>
         <kind>archive</kind>
         <file>rts6400.lib</file>
         <name>addd.obj</name>
      </input_file>
      <input_file id="fl-8c">
         <path>C:\ti\ccsv7\2_c6000_7.4.20\c6000_7.4.20\lib\</path>
         <kind>archive</kind>
         <file>rts6400.lib</file>
         <name>args_main.obj</name>
      </input_file>
      <input_file id="fl-8d">
         <path>C:\ti\ccsv7\2_c6000_7.4.20\c6000_7.4.20\lib\</path>
         <kind>archive</kind>
         <file>rts6400.lib</file>
         <name>autoinit.obj</name>
      </input_file>
      <input_file id="fl-8e">
         <path>C:\ti\ccsv7\2_c6000_7.4.20\c6000_7.4.20\lib\</path>
         <kind>archive</kind>
         <file>rts6400.lib</file>
         <name>cmpd.obj</name>
      </input_file>
      <input_file id="fl-8f">
         <path>C:\ti\ccsv7\2_c6000_7.4.20\c6000_7.4.20\lib\</path>
         <kind>archive</kind>
         <file>rts6400.lib</file>
         <name>cpp_init.obj</name>
      </input_file>
      <input_file id="fl-90">
         <path>C:\ti\ccsv7\2_c6000_7.4.20\c6000_7.4.20\lib\</path>
         <kind>archive</kind>
         <file>rts6400.lib</file>
         <name>cpy_tbl.obj</name>
      </input_file>
      <input_file id="fl-91">
         <path>C:\ti\ccsv7\2_c6000_7.4.20\c6000_7.4.20\lib\</path>
         <kind>archive</kind>
         <file>rts6400.lib</file>
         <name>frcaddd.obj</name>
      </input_file>
      <input_file id="fl-92">
         <path>C:\ti\ccsv7\2_c6000_7.4.20\c6000_7.4.20\lib\</path>
         <kind>archive</kind>
         <file>rts6400.lib</file>
         <name>frcmpyd.obj</name>
      </input_file>
      <input_file id="fl-93">
         <path>C:\ti\ccsv7\2_c6000_7.4.20\c6000_7.4.20\lib\</path>
         <kind>archive</kind>
         <file>rts6400.lib</file>
         <name>memcpy64.obj</name>
      </input_file>
      <input_file id="fl-94">
         <path>C:\ti\ccsv7\2_c6000_7.4.20\c6000_7.4.20\lib\</path>
         <kind>archive</kind>
         <file>rts6400.lib</file>
         <name>modf.obj</name>
      </input_file>
      <input_file id="fl-95">
         <path>C:\ti\ccsv7\2_c6000_7.4.20\c6000_7.4.20\lib\</path>
         <kind>archive</kind>
         <file>rts6400.lib</file>
         <name>negd.obj</name>
      </input_file>
      <input_file id="fl-96">
         <path>C:\ti\ccsv7\2_c6000_7.4.20\c6000_7.4.20\lib\</path>
         <kind>archive</kind>
         <file>rts6400.lib</file>
         <name>renormd.obj</name>
      </input_file>
      <input_file id="fl-97">
         <path>C:\ti\ccsv7\2_c6000_7.4.20\c6000_7.4.20\lib\</path>
         <kind>archive</kind>
         <file>rts6400.lib</file>
         <name>round.obj</name>
      </input_file>
      <input_file id="fl-98">
         <path>C:\ti\2_ThuvienDSP\2_ThuvienDSP\lib\</path>
         <kind>archive</kind>
         <file>csl6416.lib</file>
         <name>csl_irq.obj</name>
      </input_file>
      <input_file id="fl-99">
         <path>C:\ti\2_ThuvienDSP\2_ThuvienDSP\lib\</path>
         <kind>archive</kind>
         <file>csl6416.lib</file>
         <name>csl_mcbsp.obj</name>
      </input_file>
      <input_file id="fl-9a">
         <path>C:\ti\2_ThuvienDSP\lib\</path>
         <kind>archive</kind>
         <file>dsk6416bsl.lib</file>
         <name>dsk6416.obj</name>
      </input_file>
      <input_file id="fl-9b">
         <path>C:\ti\2_ThuvienDSP\lib\</path>
         <kind>archive</kind>
         <file>dsk6416bsl.lib</file>
         <name>dsk6416_aic23_opencodec.obj</name>
      </input_file>
      <input_file id="fl-9c">
         <path>C:\ti\2_ThuvienDSP\lib\</path>
         <kind>archive</kind>
         <file>dsk6416bsl.lib</file>
         <name>dsk6416_aic23_registers.obj</name>
      </input_file>
      <input_file id="fl-9d">
         <path>C:\ti\2_ThuvienDSP\lib\</path>
         <kind>archive</kind>
         <file>dsk6416bsl.lib</file>
         <name>dsk6416_aic23_setfreq.obj</name>
      </input_file>
      <input_file id="fl-9e">
         <path>C:\ti\2_ThuvienDSP\lib\</path>
         <kind>archive</kind>
         <file>dsk6416bsl.lib</file>
         <name>dsk6416_dip.obj</name>
      </input_file>
      <input_file id="fl-9f">
         <path>C:\ti\2_ThuvienDSP\lib\</path>
         <kind>archive</kind>
         <file>dsk6416bsl.lib</file>
         <name>dsk6416_led.obj</name>
      </input_file>
      <input_file id="fl-a0">
         <path>C:\ti\ccsv7\2_c6000_7.4.20\c6000_7.4.20\lib\</path>
         <kind>archive</kind>
         <file>rts6400.lib</file>
         <name>strasg.obj</name>
      </input_file>
      <input_file id="fl-a1">
         <path>C:\ti\2_ThuvienDSP\2_ThuvienDSP\lib\</path>
         <kind>archive</kind>
         <file>csl6416.lib</file>
         <name>csl_emifa.obj</name>
      </input_file>
      <input_file id="fl-a2">
         <path>C:\ti\2_ThuvienDSP\2_ThuvienDSP\lib\</path>
         <kind>archive</kind>
         <file>csl6416.lib</file>
         <name>csl_emifb.obj</name>
      </input_file>
   </input_file_list>
   <object_component_list>
      <object_component id="oc-bb">
         <name>.text</name>
         <load_address>0x220</load_address>
         <run_address>0x220</run_address>
         <size>0x640</size>
         <input_file_ref idref="fl-3"/>
      </object_component>
      <object_component id="oc-b8">
         <name>.text:__divd</name>
         <load_address>0x860</load_address>
         <run_address>0x860</run_address>
         <size>0x5e0</size>
         <input_file_ref idref="fl-81"/>
      </object_component>
      <object_component id="oc-b9">
         <name>.text:_sin</name>
         <load_address>0xe40</load_address>
         <run_address>0xe40</run_address>
         <size>0x4c0</size>
         <input_file_ref idref="fl-88"/>
      </object_component>
      <object_component id="oc-73">
         <name>.text</name>
         <load_address>0x1300</load_address>
         <run_address>0x1300</run_address>
         <size>0x3c0</size>
         <input_file_ref idref="fl-9a"/>
      </object_component>
      <object_component id="oc-b3">
         <name>.text</name>
         <load_address>0x16c0</load_address>
         <run_address>0x16c0</run_address>
         <size>0x2c0</size>
         <input_file_ref idref="fl-2"/>
      </object_component>
      <object_component id="oc-b7">
         <name>.text:__mpyd</name>
         <load_address>0x1980</load_address>
         <run_address>0x1980</run_address>
         <size>0x2a0</size>
         <input_file_ref idref="fl-86"/>
      </object_component>
      <object_component id="oc-ce">
         <name>.text:__frcaddd</name>
         <load_address>0x1c20</load_address>
         <run_address>0x1c20</run_address>
         <size>0x260</size>
         <input_file_ref idref="fl-91"/>
      </object_component>
      <object_component id="oc-c0">
         <name>.text:__addd</name>
         <load_address>0x1e80</load_address>
         <run_address>0x1e80</run_address>
         <size>0x240</size>
         <input_file_ref idref="fl-8b"/>
      </object_component>
      <object_component id="oc-7a">
         <name>.text</name>
         <load_address>0x20c0</load_address>
         <run_address>0x20c0</run_address>
         <size>0x220</size>
         <input_file_ref idref="fl-9b"/>
      </object_component>
      <object_component id="oc-81">
         <name>.text</name>
         <load_address>0x22e0</load_address>
         <run_address>0x22e0</run_address>
         <size>0x220</size>
         <input_file_ref idref="fl-9c"/>
      </object_component>
      <object_component id="oc-c8">
         <name>.text:_IRQ_map</name>
         <load_address>0x2500</load_address>
         <run_address>0x2500</run_address>
         <size>0x1e0</size>
         <input_file_ref idref="fl-98"/>
      </object_component>
      <object_component id="oc-b5">
         <name>.text:_MCBSP_reset</name>
         <load_address>0x26e0</load_address>
         <run_address>0x26e0</run_address>
         <size>0x1e0</size>
         <input_file_ref idref="fl-99"/>
      </object_component>
      <object_component id="oc-94">
         <name>.text</name>
         <load_address>0x28c0</load_address>
         <run_address>0x28c0</run_address>
         <size>0x1a0</size>
         <input_file_ref idref="fl-9f"/>
      </object_component>
      <object_component id="oc-c1">
         <name>.text:__nround</name>
         <load_address>0x2a60</load_address>
         <run_address>0x2a60</run_address>
         <size>0x160</size>
         <input_file_ref idref="fl-97"/>
      </object_component>
      <object_component id="oc-bc">
         <name>.text:__frcmpyd</name>
         <load_address>0x2bc0</load_address>
         <run_address>0x2bc0</run_address>
         <size>0x120</size>
         <input_file_ref idref="fl-92"/>
      </object_component>
      <object_component id="oc-be">
         <name>.text:__frcmpyd_div</name>
         <load_address>0x2ce0</load_address>
         <run_address>0x2ce0</run_address>
         <size>0x100</size>
         <input_file_ref idref="fl-85"/>
      </object_component>
      <object_component id="oc-88">
         <name>.text</name>
         <load_address>0x2de0</load_address>
         <run_address>0x2de0</run_address>
         <size>0x100</size>
         <input_file_ref idref="fl-9d"/>
      </object_component>
      <object_component id="oc-a9">
         <name>.text:_MCBSP_open</name>
         <load_address>0x2ee0</load_address>
         <run_address>0x2ee0</run_address>
         <size>0xe0</size>
         <input_file_ref idref="fl-99"/>
      </object_component>
      <object_component id="oc-ab">
         <name>.text:_MCBSP_start</name>
         <load_address>0x2fc0</load_address>
         <run_address>0x2fc0</run_address>
         <size>0xe0</size>
         <input_file_ref idref="fl-99"/>
      </object_component>
      <object_component id="oc-a3">
         <name>.text:__auto_init</name>
         <load_address>0x30a0</load_address>
         <run_address>0x30a0</run_address>
         <size>0xe0</size>
         <input_file_ref idref="fl-8d"/>
      </object_component>
      <object_component id="oc-bf">
         <name>.text:__cmpd</name>
         <load_address>0x3180</load_address>
         <run_address>0x3180</run_address>
         <size>0xe0</size>
         <input_file_ref idref="fl-8e"/>
      </object_component>
      <object_component id="oc-b1">
         <name>.text:_memcpy</name>
         <load_address>0x3260</load_address>
         <run_address>0x3260</run_address>
         <size>0xe0</size>
         <input_file_ref idref="fl-93"/>
      </object_component>
      <object_component id="oc-c3">
         <name>.text:_modf</name>
         <load_address>0x3340</load_address>
         <run_address>0x3340</run_address>
         <size>0xe0</size>
         <input_file_ref idref="fl-94"/>
      </object_component>
      <object_component id="oc-aa">
         <name>.text:_MCBSP_config</name>
         <load_address>0x3420</load_address>
         <run_address>0x3420</run_address>
         <size>0xc0</size>
         <input_file_ref idref="fl-99"/>
      </object_component>
      <object_component id="oc-a6">
         <name>.text:__strasg</name>
         <load_address>0x34e0</load_address>
         <run_address>0x34e0</run_address>
         <size>0xc0</size>
         <input_file_ref idref="fl-a0"/>
      </object_component>
      <object_component id="oc-a5">
         <name>.text:_exit</name>
         <load_address>0x35a0</load_address>
         <run_address>0x35a0</run_address>
         <size>0xc0</size>
         <input_file_ref idref="fl-82"/>
      </object_component>
      <object_component id="oc-cf">
         <name>.text:_setMux</name>
         <load_address>0x3660</load_address>
         <run_address>0x3660</run_address>
         <size>0xc0</size>
         <input_file_ref idref="fl-98"/>
      </object_component>
      <object_component id="oc-a8">
         <name>.text:_EMIFA_config</name>
         <load_address>0x3720</load_address>
         <run_address>0x3720</run_address>
         <size>0xa0</size>
         <input_file_ref idref="fl-a1"/>
      </object_component>
      <object_component id="oc-a7">
         <name>.text:_EMIFB_config</name>
         <load_address>0x37c0</load_address>
         <run_address>0x37c0</run_address>
         <size>0xa0</size>
         <input_file_ref idref="fl-a2"/>
      </object_component>
      <object_component id="oc-d0">
         <name>.text:__renormd</name>
         <load_address>0x3860</load_address>
         <run_address>0x3860</run_address>
         <size>0xa0</size>
         <input_file_ref idref="fl-96"/>
      </object_component>
      <object_component id="oc-b0">
         <name>.text:_copy_in</name>
         <load_address>0x3900</load_address>
         <run_address>0x3900</run_address>
         <size>0xa0</size>
         <input_file_ref idref="fl-90"/>
      </object_component>
      <object_component id="oc-b2">
         <name>.text:___TI_cpp_init</name>
         <load_address>0x39a0</load_address>
         <run_address>0x39a0</run_address>
         <size>0x80</size>
         <input_file_ref idref="fl-8f"/>
      </object_component>
      <object_component id="oc-ba">
         <name>.text:__fixdi</name>
         <load_address>0x3a20</load_address>
         <run_address>0x3a20</run_address>
         <size>0x80</size>
         <input_file_ref idref="fl-83"/>
      </object_component>
      <object_component id="oc-cd">
         <name>.text:__mpyll</name>
         <load_address>0x3aa0</load_address>
         <run_address>0x3aa0</run_address>
         <size>0x80</size>
         <input_file_ref idref="fl-87"/>
      </object_component>
      <object_component id="oc-8f">
         <name>.text</name>
         <load_address>0x3b20</load_address>
         <run_address>0x3b20</run_address>
         <size>0x80</size>
         <input_file_ref idref="fl-9e"/>
      </object_component>
      <object_component id="oc-b6">
         <name>.text:__fltid</name>
         <load_address>0x3ba0</load_address>
         <run_address>0x3ba0</run_address>
         <size>0x60</size>
         <input_file_ref idref="fl-84"/>
      </object_component>
      <object_component id="oc-e">
         <name>.text:_c_int00</name>
         <load_address>0x3c00</load_address>
         <run_address>0x3c00</run_address>
         <size>0x60</size>
         <input_file_ref idref="fl-80"/>
      </object_component>
      <object_component id="oc-c9">
         <name>.text:_IRQ_reset</name>
         <load_address>0x3c60</load_address>
         <run_address>0x3c60</run_address>
         <size>0x40</size>
         <input_file_ref idref="fl-98"/>
      </object_component>
      <object_component id="oc-a4">
         <name>.text:__args_main</name>
         <load_address>0x3ca0</load_address>
         <run_address>0x3ca0</run_address>
         <size>0x40</size>
         <input_file_ref idref="fl-8c"/>
      </object_component>
      <object_component id="oc-c5">
         <name>.text:__negd</name>
         <load_address>0x3ce0</load_address>
         <run_address>0x3ce0</run_address>
         <size>0x40</size>
         <input_file_ref idref="fl-95"/>
      </object_component>
      <object_component id="oc-c4">
         <name>.text:__subd</name>
         <load_address>0x3d20</load_address>
         <run_address>0x3d20</run_address>
         <size>0x40</size>
         <input_file_ref idref="fl-89"/>
      </object_component>
      <object_component id="oc-cc">
         <name>.text:_IRQ_enable</name>
         <load_address>0x3d60</load_address>
         <run_address>0x3d60</run_address>
         <size>0x20</size>
         <input_file_ref idref="fl-98"/>
      </object_component>
      <object_component id="oc-c6">
         <name>.text:_IRQ_globalDisable</name>
         <load_address>0x3d80</load_address>
         <run_address>0x3d80</run_address>
         <size>0x20</size>
         <input_file_ref idref="fl-98"/>
      </object_component>
      <object_component id="oc-ca">
         <name>.text:_IRQ_globalEnable</name>
         <load_address>0x3da0</load_address>
         <run_address>0x3da0</run_address>
         <size>0x20</size>
         <input_file_ref idref="fl-98"/>
      </object_component>
      <object_component id="oc-cb">
         <name>.text:_IRQ_nmiEnable</name>
         <load_address>0x3dc0</load_address>
         <run_address>0x3dc0</run_address>
         <size>0x20</size>
         <input_file_ref idref="fl-98"/>
      </object_component>
      <object_component id="oc-c7">
         <name>.text:_MCBSP_getXmtEventId</name>
         <load_address>0x3de0</load_address>
         <run_address>0x3de0</run_address>
         <size>0x20</size>
         <input_file_ref idref="fl-99"/>
      </object_component>
      <object_component id="oc-ad">
         <name>.text:_MCBSP_read</name>
         <load_address>0x3e00</load_address>
         <run_address>0x3e00</run_address>
         <size>0x20</size>
         <input_file_ref idref="fl-99"/>
      </object_component>
      <object_component id="oc-ac">
         <name>.text:_MCBSP_rrdy</name>
         <load_address>0x3e20</load_address>
         <run_address>0x3e20</run_address>
         <size>0x20</size>
         <input_file_ref idref="fl-99"/>
      </object_component>
      <object_component id="oc-af">
         <name>.text:_MCBSP_write</name>
         <load_address>0x3e40</load_address>
         <run_address>0x3e40</run_address>
         <size>0x20</size>
         <input_file_ref idref="fl-99"/>
      </object_component>
      <object_component id="oc-ae">
         <name>.text:_MCBSP_xrdy</name>
         <load_address>0x3e60</load_address>
         <run_address>0x3e60</run_address>
         <size>0x20</size>
         <input_file_ref idref="fl-99"/>
      </object_component>
      <object_component id="oc-c2">
         <name>.text:__trunc</name>
         <load_address>0x3e80</load_address>
         <run_address>0x3e80</run_address>
         <size>0x20</size>
         <input_file_ref idref="fl-8a"/>
      </object_component>
      <object_component id="oc-b4">
         <name>.text:_abort</name>
         <load_address>0x3ea0</load_address>
         <run_address>0x3ea0</run_address>
         <size>0x20</size>
         <input_file_ref idref="fl-82"/>
      </object_component>
      <object_component id="oc-68">
         <name>.text</name>
         <load_address>0x3ec0</load_address>
         <run_address>0x3ec0</run_address>
         <size>0x20</size>
         <input_file_ref idref="fl-98"/>
      </object_component>
      <object_component id="oc-69">
         <name>.cinit</name>
         <load_address>0x4670</load_address>
         <run_address>0x4670</run_address>
         <size>0x12c</size>
         <input_file_ref idref="fl-98"/>
      </object_component>
      <object_component id="oc-6e">
         <name>.cinit</name>
         <load_address>0x47a0</load_address>
         <run_address>0x47a0</run_address>
         <size>0x7c</size>
         <input_file_ref idref="fl-99"/>
      </object_component>
      <object_component id="oc-16">
         <name>.cinit</name>
         <load_address>0x4820</load_address>
         <run_address>0x4820</run_address>
         <size>0x5c</size>
         <input_file_ref idref="fl-3"/>
      </object_component>
      <object_component id="oc-10">
         <name>.cinit</name>
         <load_address>0x4880</load_address>
         <run_address>0x4880</run_address>
         <size>0x58</size>
         <input_file_ref idref="fl-2"/>
      </object_component>
      <object_component id="oc-37">
         <name>.cinit</name>
         <load_address>0x48d8</load_address>
         <run_address>0x48d8</run_address>
         <size>0x48</size>
         <input_file_ref idref="fl-88"/>
      </object_component>
      <object_component id="oc-23">
         <name>.cinit</name>
         <load_address>0x4920</load_address>
         <run_address>0x4920</run_address>
         <size>0x2c</size>
         <input_file_ref idref="fl-82"/>
      </object_component>
      <object_component id="oc-89">
         <name>.cinit</name>
         <load_address>0x4950</load_address>
         <run_address>0x4950</run_address>
         <size>0x28</size>
         <input_file_ref idref="fl-9d"/>
      </object_component>
      <object_component id="oc-82">
         <name>.cinit</name>
         <load_address>0x4978</load_address>
         <run_address>0x4978</run_address>
         <size>0x1c</size>
         <input_file_ref idref="fl-9c"/>
      </object_component>
      <object_component id="oc-1c">
         <name>.stack</name>
         <uninitialized>true</uninitialized>
         <run_address>0x3ee0</run_address>
         <size>0x8</size>
         <input_file_ref idref="fl-80"/>
      </object_component>
      <object_component id="oc-e6">
         <name>.stack</name>
         <uninitialized>true</uninitialized>
         <run_address>0x3ee0</run_address>
         <size>0x0</size>
      </object_component>
      <object_component id="oc-75">
         <name>.const</name>
         <load_address>0x49a0</load_address>
         <run_address>0x49a0</run_address>
         <size>0xc0</size>
         <input_file_ref idref="fl-9a"/>
      </object_component>
      <object_component id="oc-7c">
         <name>.const</name>
         <load_address>0x4a60</load_address>
         <run_address>0x4a60</run_address>
         <size>0x70</size>
         <input_file_ref idref="fl-9b"/>
      </object_component>
      <object_component id="oc-bd">
         <name>.const:.string:_initial_approx$1</name>
         <load_address>0x4ad0</load_address>
         <run_address>0x4ad0</run_address>
         <size>0x8</size>
         <input_file_ref idref="fl-81"/>
      </object_component>
      <object_component id="oc-11">
         <name>.far</name>
         <uninitialized>true</uninitialized>
         <run_address>0x42e0</run_address>
         <size>0x150</size>
         <input_file_ref idref="fl-2"/>
      </object_component>
      <object_component id="oc-17">
         <name>.far</name>
         <uninitialized>true</uninitialized>
         <run_address>0x4530</run_address>
         <size>0x5a</size>
         <input_file_ref idref="fl-3"/>
      </object_component>
      <object_component id="oc-24">
         <name>.far</name>
         <uninitialized>true</uninitialized>
         <run_address>0x465c</run_address>
         <size>0xc</size>
         <input_file_ref idref="fl-82"/>
      </object_component>
      <object_component id="oc-38">
         <name>.far</name>
         <uninitialized>true</uninitialized>
         <run_address>0x45e8</run_address>
         <size>0x40</size>
         <input_file_ref idref="fl-88"/>
      </object_component>
      <object_component id="oc-6a">
         <name>.far</name>
         <uninitialized>true</uninitialized>
         <run_address>0x4430</run_address>
         <size>0x100</size>
         <input_file_ref idref="fl-98"/>
      </object_component>
      <object_component id="oc-6f">
         <name>.far</name>
         <uninitialized>true</uninitialized>
         <run_address>0x4590</run_address>
         <size>0x54</size>
         <input_file_ref idref="fl-99"/>
      </object_component>
      <object_component id="oc-74">
         <name>.far</name>
         <uninitialized>true</uninitialized>
         <run_address>0x458a</run_address>
         <size>0x4</size>
         <input_file_ref idref="fl-9a"/>
      </object_component>
      <object_component id="oc-7b">
         <name>.far</name>
         <uninitialized>true</uninitialized>
         <run_address>0x4668</run_address>
         <size>0x8</size>
         <input_file_ref idref="fl-9b"/>
      </object_component>
      <object_component id="oc-83">
         <name>.far</name>
         <uninitialized>true</uninitialized>
         <run_address>0x4648</run_address>
         <size>0x14</size>
         <input_file_ref idref="fl-9c"/>
      </object_component>
      <object_component id="oc-8a">
         <name>.far</name>
         <uninitialized>true</uninitialized>
         <run_address>0x4628</run_address>
         <size>0x20</size>
         <input_file_ref idref="fl-9d"/>
      </object_component>
      <object_component id="oc-95">
         <name>.far</name>
         <uninitialized>true</uninitialized>
         <run_address>0x458e</run_address>
         <size>0x2</size>
         <input_file_ref idref="fl-9f"/>
      </object_component>
      <object_component id="oc-f">
         <name>.debug_info</name>
         <load_address>0x0</load_address>
         <run_address>0x0</run_address>
         <size>0xa8b</size>
         <input_file_ref idref="fl-2"/>
      </object_component>
      <object_component id="oc-15">
         <name>.debug_info</name>
         <load_address>0xa8b</load_address>
         <run_address>0xa8b</run_address>
         <size>0x1561</size>
         <input_file_ref idref="fl-3"/>
      </object_component>
      <object_component id="oc-1b">
         <name>.debug_info</name>
         <load_address>0x1fec</load_address>
         <run_address>0x1fec</run_address>
         <size>0x73c</size>
         <input_file_ref idref="fl-80"/>
      </object_component>
      <object_component id="oc-1f">
         <name>.debug_info</name>
         <load_address>0x2728</load_address>
         <run_address>0x2728</run_address>
         <size>0xa3b</size>
         <input_file_ref idref="fl-81"/>
      </object_component>
      <object_component id="oc-22">
         <name>.debug_info</name>
         <load_address>0x3163</load_address>
         <run_address>0x3163</run_address>
         <size>0x86a</size>
         <input_file_ref idref="fl-82"/>
      </object_component>
      <object_component id="oc-27">
         <name>.debug_info</name>
         <load_address>0x39cd</load_address>
         <run_address>0x39cd</run_address>
         <size>0x6bf</size>
         <input_file_ref idref="fl-83"/>
      </object_component>
      <object_component id="oc-2a">
         <name>.debug_info</name>
         <load_address>0x408c</load_address>
         <run_address>0x408c</run_address>
         <size>0x6d8</size>
         <input_file_ref idref="fl-84"/>
      </object_component>
      <object_component id="oc-2d">
         <name>.debug_info</name>
         <load_address>0x4764</load_address>
         <run_address>0x4764</run_address>
         <size>0x6d5</size>
         <input_file_ref idref="fl-85"/>
      </object_component>
      <object_component id="oc-30">
         <name>.debug_info</name>
         <load_address>0x4e39</load_address>
         <run_address>0x4e39</run_address>
         <size>0x716</size>
         <input_file_ref idref="fl-86"/>
      </object_component>
      <object_component id="oc-33">
         <name>.debug_info</name>
         <load_address>0x554f</load_address>
         <run_address>0x554f</run_address>
         <size>0x6e8</size>
         <input_file_ref idref="fl-87"/>
      </object_component>
      <object_component id="oc-36">
         <name>.debug_info</name>
         <load_address>0x5c37</load_address>
         <run_address>0x5c37</run_address>
         <size>0x932</size>
         <input_file_ref idref="fl-88"/>
      </object_component>
      <object_component id="oc-3b">
         <name>.debug_info</name>
         <load_address>0x6569</load_address>
         <run_address>0x6569</run_address>
         <size>0x675</size>
         <input_file_ref idref="fl-89"/>
      </object_component>
      <object_component id="oc-3e">
         <name>.debug_info</name>
         <load_address>0x6bde</load_address>
         <run_address>0x6bde</run_address>
         <size>0x682</size>
         <input_file_ref idref="fl-8a"/>
      </object_component>
      <object_component id="oc-41">
         <name>.debug_info</name>
         <load_address>0x7260</load_address>
         <run_address>0x7260</run_address>
         <size>0x71b</size>
         <input_file_ref idref="fl-8b"/>
      </object_component>
      <object_component id="oc-44">
         <name>.debug_info</name>
         <load_address>0x797b</load_address>
         <run_address>0x797b</run_address>
         <size>0x712</size>
         <input_file_ref idref="fl-8c"/>
      </object_component>
      <object_component id="oc-47">
         <name>.debug_info</name>
         <load_address>0x808d</load_address>
         <run_address>0x808d</run_address>
         <size>0x8e9</size>
         <input_file_ref idref="fl-8d"/>
      </object_component>
      <object_component id="oc-4a">
         <name>.debug_info</name>
         <load_address>0x8976</load_address>
         <run_address>0x8976</run_address>
         <size>0x6d6</size>
         <input_file_ref idref="fl-8e"/>
      </object_component>
      <object_component id="oc-4d">
         <name>.debug_info</name>
         <load_address>0x904c</load_address>
         <run_address>0x904c</run_address>
         <size>0x761</size>
         <input_file_ref idref="fl-8f"/>
      </object_component>
      <object_component id="oc-50">
         <name>.debug_info</name>
         <load_address>0x97ad</load_address>
         <run_address>0x97ad</run_address>
         <size>0x857</size>
         <input_file_ref idref="fl-90"/>
      </object_component>
      <object_component id="oc-53">
         <name>.debug_info</name>
         <load_address>0xa004</load_address>
         <run_address>0xa004</run_address>
         <size>0x727</size>
         <input_file_ref idref="fl-91"/>
      </object_component>
      <object_component id="oc-56">
         <name>.debug_info</name>
         <load_address>0xa72b</load_address>
         <run_address>0xa72b</run_address>
         <size>0x763</size>
         <input_file_ref idref="fl-92"/>
      </object_component>
      <object_component id="oc-59">
         <name>.debug_info</name>
         <load_address>0xae8e</load_address>
         <run_address>0xae8e</run_address>
         <size>0x110</size>
         <input_file_ref idref="fl-93"/>
      </object_component>
      <object_component id="oc-5c">
         <name>.debug_info</name>
         <load_address>0xaf9e</load_address>
         <run_address>0xaf9e</run_address>
         <size>0x6b8</size>
         <input_file_ref idref="fl-94"/>
      </object_component>
      <object_component id="oc-5f">
         <name>.debug_info</name>
         <load_address>0xb656</load_address>
         <run_address>0xb656</run_address>
         <size>0x64e</size>
         <input_file_ref idref="fl-95"/>
      </object_component>
      <object_component id="oc-62">
         <name>.debug_info</name>
         <load_address>0xbca4</load_address>
         <run_address>0xbca4</run_address>
         <size>0x7a0</size>
         <input_file_ref idref="fl-96"/>
      </object_component>
      <object_component id="oc-65">
         <name>.debug_info</name>
         <load_address>0xc444</load_address>
         <run_address>0xc444</run_address>
         <size>0x6d7</size>
         <input_file_ref idref="fl-97"/>
      </object_component>
      <object_component id="oc-6c">
         <name>.debug_info</name>
         <load_address>0xcb1b</load_address>
         <run_address>0xcb1b</run_address>
         <size>0xcc6</size>
         <input_file_ref idref="fl-98"/>
      </object_component>
      <object_component id="oc-71">
         <name>.debug_info</name>
         <load_address>0xd7e1</load_address>
         <run_address>0xd7e1</run_address>
         <size>0xfac</size>
         <input_file_ref idref="fl-99"/>
      </object_component>
      <object_component id="oc-77">
         <name>.debug_info</name>
         <load_address>0xe78d</load_address>
         <run_address>0xe78d</run_address>
         <size>0xd57</size>
         <input_file_ref idref="fl-9a"/>
      </object_component>
      <object_component id="oc-7e">
         <name>.debug_info</name>
         <load_address>0xf4e4</load_address>
         <run_address>0xf4e4</run_address>
         <size>0xbbd</size>
         <input_file_ref idref="fl-9b"/>
      </object_component>
      <object_component id="oc-85">
         <name>.debug_info</name>
         <load_address>0x100a1</load_address>
         <run_address>0x100a1</run_address>
         <size>0xba3</size>
         <input_file_ref idref="fl-9c"/>
      </object_component>
      <object_component id="oc-8c">
         <name>.debug_info</name>
         <load_address>0x10c44</load_address>
         <run_address>0x10c44</run_address>
         <size>0x78a</size>
         <input_file_ref idref="fl-9d"/>
      </object_component>
      <object_component id="oc-91">
         <name>.debug_info</name>
         <load_address>0x113ce</load_address>
         <run_address>0x113ce</run_address>
         <size>0x641</size>
         <input_file_ref idref="fl-9e"/>
      </object_component>
      <object_component id="oc-97">
         <name>.debug_info</name>
         <load_address>0x11a0f</load_address>
         <run_address>0x11a0f</run_address>
         <size>0x7c2</size>
         <input_file_ref idref="fl-9f"/>
      </object_component>
      <object_component id="oc-9a">
         <name>.debug_info</name>
         <load_address>0x121d1</load_address>
         <run_address>0x121d1</run_address>
         <size>0x107</size>
         <input_file_ref idref="fl-a0"/>
      </object_component>
      <object_component id="oc-9e">
         <name>.debug_info</name>
         <load_address>0x122d8</load_address>
         <run_address>0x122d8</run_address>
         <size>0x730</size>
         <input_file_ref idref="fl-a1"/>
      </object_component>
      <object_component id="oc-a1">
         <name>.debug_info</name>
         <load_address>0x12a08</load_address>
         <run_address>0x12a08</run_address>
         <size>0x730</size>
         <input_file_ref idref="fl-a2"/>
      </object_component>
      <object_component id="oc-e7">
         <name>.debug_info</name>
         <load_address>0x13138</load_address>
         <run_address>0x13138</run_address>
         <size>0x6e</size>
      </object_component>
      <object_component id="oc-12">
         <name>.debug_frame</name>
         <load_address>0x0</load_address>
         <run_address>0x0</run_address>
         <size>0x25a</size>
         <input_file_ref idref="fl-2"/>
      </object_component>
      <object_component id="oc-18">
         <name>.debug_frame</name>
         <load_address>0x25a</load_address>
         <run_address>0x25a</run_address>
         <size>0x34d</size>
         <input_file_ref idref="fl-3"/>
      </object_component>
      <object_component id="oc-79">
         <name>.debug_frame</name>
         <load_address>0x5a7</load_address>
         <run_address>0x5a7</run_address>
         <size>0x1d4</size>
         <input_file_ref idref="fl-9a"/>
      </object_component>
      <object_component id="oc-80">
         <name>.debug_frame</name>
         <load_address>0x77b</load_address>
         <run_address>0x77b</run_address>
         <size>0x134</size>
         <input_file_ref idref="fl-9b"/>
      </object_component>
      <object_component id="oc-87">
         <name>.debug_frame</name>
         <load_address>0x8af</load_address>
         <run_address>0x8af</run_address>
         <size>0x174</size>
         <input_file_ref idref="fl-9c"/>
      </object_component>
      <object_component id="oc-8e">
         <name>.debug_frame</name>
         <load_address>0xa23</load_address>
         <run_address>0xa23</run_address>
         <size>0x130</size>
         <input_file_ref idref="fl-9d"/>
      </object_component>
      <object_component id="oc-93">
         <name>.debug_frame</name>
         <load_address>0xb53</load_address>
         <run_address>0xb53</run_address>
         <size>0x14c</size>
         <input_file_ref idref="fl-9e"/>
      </object_component>
      <object_component id="oc-99">
         <name>.debug_frame</name>
         <load_address>0xc9f</load_address>
         <run_address>0xc9f</run_address>
         <size>0x190</size>
         <input_file_ref idref="fl-9f"/>
      </object_component>
      <object_component id="oc-13">
         <name>.debug_line</name>
         <load_address>0x0</load_address>
         <run_address>0x0</run_address>
         <size>0x8f</size>
         <input_file_ref idref="fl-2"/>
      </object_component>
      <object_component id="oc-19">
         <name>.debug_line</name>
         <load_address>0x8f</load_address>
         <run_address>0x8f</run_address>
         <size>0x158</size>
         <input_file_ref idref="fl-3"/>
      </object_component>
      <object_component id="oc-1d">
         <name>.debug_line</name>
         <load_address>0x1e7</load_address>
         <run_address>0x1e7</run_address>
         <size>0x3d</size>
         <input_file_ref idref="fl-80"/>
      </object_component>
      <object_component id="oc-20">
         <name>.debug_line</name>
         <load_address>0x224</load_address>
         <run_address>0x224</run_address>
         <size>0x5a</size>
         <input_file_ref idref="fl-81"/>
      </object_component>
      <object_component id="oc-25">
         <name>.debug_line</name>
         <load_address>0x27e</load_address>
         <run_address>0x27e</run_address>
         <size>0x4f</size>
         <input_file_ref idref="fl-82"/>
      </object_component>
      <object_component id="oc-28">
         <name>.debug_line</name>
         <load_address>0x2cd</load_address>
         <run_address>0x2cd</run_address>
         <size>0x3d</size>
         <input_file_ref idref="fl-83"/>
      </object_component>
      <object_component id="oc-2b">
         <name>.debug_line</name>
         <load_address>0x30a</load_address>
         <run_address>0x30a</run_address>
         <size>0x3d</size>
         <input_file_ref idref="fl-84"/>
      </object_component>
      <object_component id="oc-2e">
         <name>.debug_line</name>
         <load_address>0x347</load_address>
         <run_address>0x347</run_address>
         <size>0x3e</size>
         <input_file_ref idref="fl-85"/>
      </object_component>
      <object_component id="oc-31">
         <name>.debug_line</name>
         <load_address>0x385</load_address>
         <run_address>0x385</run_address>
         <size>0x3c</size>
         <input_file_ref idref="fl-86"/>
      </object_component>
      <object_component id="oc-34">
         <name>.debug_line</name>
         <load_address>0x3c1</load_address>
         <run_address>0x3c1</run_address>
         <size>0x3d</size>
         <input_file_ref idref="fl-87"/>
      </object_component>
      <object_component id="oc-39">
         <name>.debug_line</name>
         <load_address>0x3fe</load_address>
         <run_address>0x3fe</run_address>
         <size>0x54</size>
         <input_file_ref idref="fl-88"/>
      </object_component>
      <object_component id="oc-3c">
         <name>.debug_line</name>
         <load_address>0x452</load_address>
         <run_address>0x452</run_address>
         <size>0x37</size>
         <input_file_ref idref="fl-89"/>
      </object_component>
      <object_component id="oc-3f">
         <name>.debug_line</name>
         <load_address>0x489</load_address>
         <run_address>0x489</run_address>
         <size>0x38</size>
         <input_file_ref idref="fl-8a"/>
      </object_component>
      <object_component id="oc-42">
         <name>.debug_line</name>
         <load_address>0x4c1</load_address>
         <run_address>0x4c1</run_address>
         <size>0x3c</size>
         <input_file_ref idref="fl-8b"/>
      </object_component>
      <object_component id="oc-45">
         <name>.debug_line</name>
         <load_address>0x4fd</load_address>
         <run_address>0x4fd</run_address>
         <size>0x41</size>
         <input_file_ref idref="fl-8c"/>
      </object_component>
      <object_component id="oc-48">
         <name>.debug_line</name>
         <load_address>0x53e</load_address>
         <run_address>0x53e</run_address>
         <size>0x47</size>
         <input_file_ref idref="fl-8d"/>
      </object_component>
      <object_component id="oc-4b">
         <name>.debug_line</name>
         <load_address>0x585</load_address>
         <run_address>0x585</run_address>
         <size>0x37</size>
         <input_file_ref idref="fl-8e"/>
      </object_component>
      <object_component id="oc-4e">
         <name>.debug_line</name>
         <load_address>0x5bc</load_address>
         <run_address>0x5bc</run_address>
         <size>0x45</size>
         <input_file_ref idref="fl-8f"/>
      </object_component>
      <object_component id="oc-51">
         <name>.debug_line</name>
         <load_address>0x601</load_address>
         <run_address>0x601</run_address>
         <size>0x44</size>
         <input_file_ref idref="fl-90"/>
      </object_component>
      <object_component id="oc-54">
         <name>.debug_line</name>
         <load_address>0x645</load_address>
         <run_address>0x645</run_address>
         <size>0x3f</size>
         <input_file_ref idref="fl-91"/>
      </object_component>
      <object_component id="oc-57">
         <name>.debug_line</name>
         <load_address>0x684</load_address>
         <run_address>0x684</run_address>
         <size>0x3a</size>
         <input_file_ref idref="fl-92"/>
      </object_component>
      <object_component id="oc-5a">
         <name>.debug_line</name>
         <load_address>0x6be</load_address>
         <run_address>0x6be</run_address>
         <size>0x4f</size>
         <input_file_ref idref="fl-93"/>
      </object_component>
      <object_component id="oc-5d">
         <name>.debug_line</name>
         <load_address>0x70d</load_address>
         <run_address>0x70d</run_address>
         <size>0x37</size>
         <input_file_ref idref="fl-94"/>
      </object_component>
      <object_component id="oc-60">
         <name>.debug_line</name>
         <load_address>0x744</load_address>
         <run_address>0x744</run_address>
         <size>0x37</size>
         <input_file_ref idref="fl-95"/>
      </object_component>
      <object_component id="oc-63">
         <name>.debug_line</name>
         <load_address>0x77b</load_address>
         <run_address>0x77b</run_address>
         <size>0x53</size>
         <input_file_ref idref="fl-96"/>
      </object_component>
      <object_component id="oc-66">
         <name>.debug_line</name>
         <load_address>0x7ce</load_address>
         <run_address>0x7ce</run_address>
         <size>0x3a</size>
         <input_file_ref idref="fl-97"/>
      </object_component>
      <object_component id="oc-6d">
         <name>.debug_line</name>
         <load_address>0x808</load_address>
         <run_address>0x808</run_address>
         <size>0x109</size>
         <input_file_ref idref="fl-98"/>
      </object_component>
      <object_component id="oc-72">
         <name>.debug_line</name>
         <load_address>0x911</load_address>
         <run_address>0x911</run_address>
         <size>0x13f</size>
         <input_file_ref idref="fl-99"/>
      </object_component>
      <object_component id="oc-78">
         <name>.debug_line</name>
         <load_address>0xa50</load_address>
         <run_address>0xa50</run_address>
         <size>0x102</size>
         <input_file_ref idref="fl-9a"/>
      </object_component>
      <object_component id="oc-7f">
         <name>.debug_line</name>
         <load_address>0xb52</load_address>
         <run_address>0xb52</run_address>
         <size>0x72</size>
         <input_file_ref idref="fl-9b"/>
      </object_component>
      <object_component id="oc-86">
         <name>.debug_line</name>
         <load_address>0xbc4</load_address>
         <run_address>0xbc4</run_address>
         <size>0xa7</size>
         <input_file_ref idref="fl-9c"/>
      </object_component>
      <object_component id="oc-8d">
         <name>.debug_line</name>
         <load_address>0xc6b</load_address>
         <run_address>0xc6b</run_address>
         <size>0x69</size>
         <input_file_ref idref="fl-9d"/>
      </object_component>
      <object_component id="oc-92">
         <name>.debug_line</name>
         <load_address>0xcd4</load_address>
         <run_address>0xcd4</run_address>
         <size>0x5e</size>
         <input_file_ref idref="fl-9e"/>
      </object_component>
      <object_component id="oc-98">
         <name>.debug_line</name>
         <load_address>0xd32</load_address>
         <run_address>0xd32</run_address>
         <size>0xa0</size>
         <input_file_ref idref="fl-9f"/>
      </object_component>
      <object_component id="oc-9b">
         <name>.debug_line</name>
         <load_address>0xdd2</load_address>
         <run_address>0xdd2</run_address>
         <size>0x48</size>
         <input_file_ref idref="fl-a0"/>
      </object_component>
      <object_component id="oc-9f">
         <name>.debug_line</name>
         <load_address>0xe1a</load_address>
         <run_address>0xe1a</run_address>
         <size>0x5a</size>
         <input_file_ref idref="fl-a1"/>
      </object_component>
      <object_component id="oc-a2">
         <name>.debug_line</name>
         <load_address>0xe74</load_address>
         <run_address>0xe74</run_address>
         <size>0x5a</size>
         <input_file_ref idref="fl-a2"/>
      </object_component>
      <object_component id="oc-14">
         <name>.debug_abbrev</name>
         <load_address>0x0</load_address>
         <run_address>0x0</run_address>
         <size>0xe7</size>
         <input_file_ref idref="fl-2"/>
      </object_component>
      <object_component id="oc-1a">
         <name>.debug_abbrev</name>
         <load_address>0xe7</load_address>
         <run_address>0xe7</run_address>
         <size>0x18e</size>
         <input_file_ref idref="fl-3"/>
      </object_component>
      <object_component id="oc-1e">
         <name>.debug_abbrev</name>
         <load_address>0x275</load_address>
         <run_address>0x275</run_address>
         <size>0xfe</size>
         <input_file_ref idref="fl-80"/>
      </object_component>
      <object_component id="oc-21">
         <name>.debug_abbrev</name>
         <load_address>0x373</load_address>
         <run_address>0x373</run_address>
         <size>0x112</size>
         <input_file_ref idref="fl-81"/>
      </object_component>
      <object_component id="oc-26">
         <name>.debug_abbrev</name>
         <load_address>0x485</load_address>
         <run_address>0x485</run_address>
         <size>0x119</size>
         <input_file_ref idref="fl-82"/>
      </object_component>
      <object_component id="oc-29">
         <name>.debug_abbrev</name>
         <load_address>0x59e</load_address>
         <run_address>0x59e</run_address>
         <size>0xac</size>
         <input_file_ref idref="fl-83"/>
      </object_component>
      <object_component id="oc-2c">
         <name>.debug_abbrev</name>
         <load_address>0x64a</load_address>
         <run_address>0x64a</run_address>
         <size>0xc3</size>
         <input_file_ref idref="fl-84"/>
      </object_component>
      <object_component id="oc-2f">
         <name>.debug_abbrev</name>
         <load_address>0x70d</load_address>
         <run_address>0x70d</run_address>
         <size>0x9a</size>
         <input_file_ref idref="fl-85"/>
      </object_component>
      <object_component id="oc-32">
         <name>.debug_abbrev</name>
         <load_address>0x7a7</load_address>
         <run_address>0x7a7</run_address>
         <size>0xda</size>
         <input_file_ref idref="fl-86"/>
      </object_component>
      <object_component id="oc-35">
         <name>.debug_abbrev</name>
         <load_address>0x881</load_address>
         <run_address>0x881</run_address>
         <size>0xa3</size>
         <input_file_ref idref="fl-87"/>
      </object_component>
      <object_component id="oc-3a">
         <name>.debug_abbrev</name>
         <load_address>0x924</load_address>
         <run_address>0x924</run_address>
         <size>0xcc</size>
         <input_file_ref idref="fl-88"/>
      </object_component>
      <object_component id="oc-3d">
         <name>.debug_abbrev</name>
         <load_address>0x9f0</load_address>
         <run_address>0x9f0</run_address>
         <size>0x8f</size>
         <input_file_ref idref="fl-89"/>
      </object_component>
      <object_component id="oc-40">
         <name>.debug_abbrev</name>
         <load_address>0xa7f</load_address>
         <run_address>0xa7f</run_address>
         <size>0xaf</size>
         <input_file_ref idref="fl-8a"/>
      </object_component>
      <object_component id="oc-43">
         <name>.debug_abbrev</name>
         <load_address>0xb2e</load_address>
         <run_address>0xb2e</run_address>
         <size>0xda</size>
         <input_file_ref idref="fl-8b"/>
      </object_component>
      <object_component id="oc-46">
         <name>.debug_abbrev</name>
         <load_address>0xc08</load_address>
         <run_address>0xc08</run_address>
         <size>0xe1</size>
         <input_file_ref idref="fl-8c"/>
      </object_component>
      <object_component id="oc-49">
         <name>.debug_abbrev</name>
         <load_address>0xce9</load_address>
         <run_address>0xce9</run_address>
         <size>0x13f</size>
         <input_file_ref idref="fl-8d"/>
      </object_component>
      <object_component id="oc-4c">
         <name>.debug_abbrev</name>
         <load_address>0xe28</load_address>
         <run_address>0xe28</run_address>
         <size>0xac</size>
         <input_file_ref idref="fl-8e"/>
      </object_component>
      <object_component id="oc-4f">
         <name>.debug_abbrev</name>
         <load_address>0xed4</load_address>
         <run_address>0xed4</run_address>
         <size>0xdd</size>
         <input_file_ref idref="fl-8f"/>
      </object_component>
      <object_component id="oc-52">
         <name>.debug_abbrev</name>
         <load_address>0xfb1</load_address>
         <run_address>0xfb1</run_address>
         <size>0x10c</size>
         <input_file_ref idref="fl-90"/>
      </object_component>
      <object_component id="oc-55">
         <name>.debug_abbrev</name>
         <load_address>0x10bd</load_address>
         <run_address>0x10bd</run_address>
         <size>0xda</size>
         <input_file_ref idref="fl-91"/>
      </object_component>
      <object_component id="oc-58">
         <name>.debug_abbrev</name>
         <load_address>0x1197</load_address>
         <run_address>0x1197</run_address>
         <size>0xcc</size>
         <input_file_ref idref="fl-92"/>
      </object_component>
      <object_component id="oc-5b">
         <name>.debug_abbrev</name>
         <load_address>0x1263</load_address>
         <run_address>0x1263</run_address>
         <size>0x3b</size>
         <input_file_ref idref="fl-93"/>
      </object_component>
      <object_component id="oc-5e">
         <name>.debug_abbrev</name>
         <load_address>0x129e</load_address>
         <run_address>0x129e</run_address>
         <size>0xaf</size>
         <input_file_ref idref="fl-94"/>
      </object_component>
      <object_component id="oc-61">
         <name>.debug_abbrev</name>
         <load_address>0x134d</load_address>
         <run_address>0x134d</run_address>
         <size>0x81</size>
         <input_file_ref idref="fl-95"/>
      </object_component>
      <object_component id="oc-64">
         <name>.debug_abbrev</name>
         <load_address>0x13ce</load_address>
         <run_address>0x13ce</run_address>
         <size>0xe9</size>
         <input_file_ref idref="fl-96"/>
      </object_component>
      <object_component id="oc-67">
         <name>.debug_abbrev</name>
         <load_address>0x14b7</load_address>
         <run_address>0x14b7</run_address>
         <size>0xaf</size>
         <input_file_ref idref="fl-97"/>
      </object_component>
      <object_component id="oc-6b">
         <name>.debug_abbrev</name>
         <load_address>0x1566</load_address>
         <run_address>0x1566</run_address>
         <size>0x1b7</size>
         <input_file_ref idref="fl-98"/>
      </object_component>
      <object_component id="oc-70">
         <name>.debug_abbrev</name>
         <load_address>0x171d</load_address>
         <run_address>0x171d</run_address>
         <size>0x1a3</size>
         <input_file_ref idref="fl-99"/>
      </object_component>
      <object_component id="oc-76">
         <name>.debug_abbrev</name>
         <load_address>0x18c0</load_address>
         <run_address>0x18c0</run_address>
         <size>0x162</size>
         <input_file_ref idref="fl-9a"/>
      </object_component>
      <object_component id="oc-7d">
         <name>.debug_abbrev</name>
         <load_address>0x1a22</load_address>
         <run_address>0x1a22</run_address>
         <size>0x11c</size>
         <input_file_ref idref="fl-9b"/>
      </object_component>
      <object_component id="oc-84">
         <name>.debug_abbrev</name>
         <load_address>0x1b3e</load_address>
         <run_address>0x1b3e</run_address>
         <size>0x154</size>
         <input_file_ref idref="fl-9c"/>
      </object_component>
      <object_component id="oc-8b">
         <name>.debug_abbrev</name>
         <load_address>0x1c92</load_address>
         <run_address>0x1c92</run_address>
         <size>0xf0</size>
         <input_file_ref idref="fl-9d"/>
      </object_component>
      <object_component id="oc-90">
         <name>.debug_abbrev</name>
         <load_address>0x1d82</load_address>
         <run_address>0x1d82</run_address>
         <size>0xd7</size>
         <input_file_ref idref="fl-9e"/>
      </object_component>
      <object_component id="oc-96">
         <name>.debug_abbrev</name>
         <load_address>0x1e59</load_address>
         <run_address>0x1e59</run_address>
         <size>0xc8</size>
         <input_file_ref idref="fl-9f"/>
      </object_component>
      <object_component id="oc-9c">
         <name>.debug_abbrev</name>
         <load_address>0x1f21</load_address>
         <run_address>0x1f21</run_address>
         <size>0x3b</size>
         <input_file_ref idref="fl-a0"/>
      </object_component>
      <object_component id="oc-9d">
         <name>.debug_abbrev</name>
         <load_address>0x1f5c</load_address>
         <run_address>0x1f5c</run_address>
         <size>0xe0</size>
         <input_file_ref idref="fl-a1"/>
      </object_component>
      <object_component id="oc-a0">
         <name>.debug_abbrev</name>
         <load_address>0x203c</load_address>
         <run_address>0x203c</run_address>
         <size>0xe0</size>
         <input_file_ref idref="fl-a2"/>
      </object_component>
      <object_component id="oc-e8">
         <name>.debug_abbrev</name>
         <load_address>0x211c</load_address>
         <run_address>0x211c</run_address>
         <size>0xd</size>
      </object_component>
   </object_component_list>
   <logical_group_list>
      <logical_group id="lg-2">
         <name>.EXT_RAM</name>
         <run_address>0x0</run_address>
         <size>0x0</size>
         <contents>
         </contents>
      </logical_group>
      <logical_group id="lg-3">
         <name>.vectors</name>
         <run_address>0x0</run_address>
         <size>0x0</size>
         <contents>
         </contents>
      </logical_group>
      <logical_group id="lg-4">
         <name>.text</name>
         <load_address>0x220</load_address>
         <run_address>0x220</run_address>
         <size>0x3cc0</size>
         <contents>
            <object_component_ref idref="oc-bb"/>
            <object_component_ref idref="oc-b8"/>
            <object_component_ref idref="oc-b9"/>
            <object_component_ref idref="oc-73"/>
            <object_component_ref idref="oc-b3"/>
            <object_component_ref idref="oc-b7"/>
            <object_component_ref idref="oc-ce"/>
            <object_component_ref idref="oc-c0"/>
            <object_component_ref idref="oc-7a"/>
            <object_component_ref idref="oc-81"/>
            <object_component_ref idref="oc-c8"/>
            <object_component_ref idref="oc-b5"/>
            <object_component_ref idref="oc-94"/>
            <object_component_ref idref="oc-c1"/>
            <object_component_ref idref="oc-bc"/>
            <object_component_ref idref="oc-be"/>
            <object_component_ref idref="oc-88"/>
            <object_component_ref idref="oc-a9"/>
            <object_component_ref idref="oc-ab"/>
            <object_component_ref idref="oc-a3"/>
            <object_component_ref idref="oc-bf"/>
            <object_component_ref idref="oc-b1"/>
            <object_component_ref idref="oc-c3"/>
            <object_component_ref idref="oc-aa"/>
            <object_component_ref idref="oc-a6"/>
            <object_component_ref idref="oc-a5"/>
            <object_component_ref idref="oc-cf"/>
            <object_component_ref idref="oc-a8"/>
            <object_component_ref idref="oc-a7"/>
            <object_component_ref idref="oc-d0"/>
            <object_component_ref idref="oc-b0"/>
            <object_component_ref idref="oc-b2"/>
            <object_component_ref idref="oc-ba"/>
            <object_component_ref idref="oc-cd"/>
            <object_component_ref idref="oc-8f"/>
            <object_component_ref idref="oc-b6"/>
            <object_component_ref idref="oc-e"/>
            <object_component_ref idref="oc-c9"/>
            <object_component_ref idref="oc-a4"/>
            <object_component_ref idref="oc-c5"/>
            <object_component_ref idref="oc-c4"/>
            <object_component_ref idref="oc-cc"/>
            <object_component_ref idref="oc-c6"/>
            <object_component_ref idref="oc-ca"/>
            <object_component_ref idref="oc-cb"/>
            <object_component_ref idref="oc-c7"/>
            <object_component_ref idref="oc-ad"/>
            <object_component_ref idref="oc-ac"/>
            <object_component_ref idref="oc-af"/>
            <object_component_ref idref="oc-ae"/>
            <object_component_ref idref="oc-c2"/>
            <object_component_ref idref="oc-b4"/>
            <object_component_ref idref="oc-68"/>
         </contents>
      </logical_group>
      <logical_group id="lg-5">
         <name>.bss</name>
         <run_address>0x220</run_address>
         <size>0x0</size>
         <contents>
         </contents>
      </logical_group>
      <logical_group id="lg-6">
         <name>.cinit</name>
         <load_address>0x4670</load_address>
         <run_address>0x4670</run_address>
         <size>0x32c</size>
         <contents>
            <object_component_ref idref="oc-69"/>
            <object_component_ref idref="oc-6e"/>
            <object_component_ref idref="oc-16"/>
            <object_component_ref idref="oc-10"/>
            <object_component_ref idref="oc-37"/>
            <object_component_ref idref="oc-23"/>
            <object_component_ref idref="oc-89"/>
            <object_component_ref idref="oc-82"/>
         </contents>
      </logical_group>
      <logical_group id="lg-7">
         <name>.stack</name>
         <run_address>0x3ee0</run_address>
         <size>0x400</size>
         <contents>
            <object_component_ref idref="oc-1c"/>
            <object_component_ref idref="oc-e6"/>
         </contents>
      </logical_group>
      <logical_group id="lg-8">
         <name>.sysmem</name>
         <run_address>0x0</run_address>
         <size>0x0</size>
         <contents>
         </contents>
      </logical_group>
      <logical_group id="lg-9">
         <name>.const</name>
         <load_address>0x49a0</load_address>
         <run_address>0x49a0</run_address>
         <size>0x138</size>
         <contents>
            <object_component_ref idref="oc-75"/>
            <object_component_ref idref="oc-7c"/>
            <object_component_ref idref="oc-bd"/>
         </contents>
      </logical_group>
      <logical_group id="lg-a">
         <name>.switch</name>
         <run_address>0x0</run_address>
         <size>0x0</size>
         <contents>
         </contents>
      </logical_group>
      <logical_group id="lg-b">
         <name>.far</name>
         <run_address>0x42e0</run_address>
         <size>0x390</size>
         <contents>
            <object_component_ref idref="oc-11"/>
            <object_component_ref idref="oc-17"/>
            <object_component_ref idref="oc-24"/>
            <object_component_ref idref="oc-38"/>
            <object_component_ref idref="oc-6a"/>
            <object_component_ref idref="oc-6f"/>
            <object_component_ref idref="oc-74"/>
            <object_component_ref idref="oc-7b"/>
            <object_component_ref idref="oc-83"/>
            <object_component_ref idref="oc-8a"/>
            <object_component_ref idref="oc-95"/>
         </contents>
      </logical_group>
      <logical_group id="lg-c">
         <name>.cio</name>
         <run_address>0x0</run_address>
         <size>0x0</size>
         <contents>
         </contents>
      </logical_group>
      <logical_group id="lg-d">
         <name>.csldata</name>
         <run_address>0x0</run_address>
         <size>0x0</size>
         <contents>
         </contents>
      </logical_group>
      <logical_group id="lg-dd">
         <name>.debug_info</name>
         <load_address>0x0</load_address>
         <run_address>0x0</run_address>
         <size>0x131a6</size>
         <contents>
            <object_component_ref idref="oc-f"/>
            <object_component_ref idref="oc-15"/>
            <object_component_ref idref="oc-1b"/>
            <object_component_ref idref="oc-1f"/>
            <object_component_ref idref="oc-22"/>
            <object_component_ref idref="oc-27"/>
            <object_component_ref idref="oc-2a"/>
            <object_component_ref idref="oc-2d"/>
            <object_component_ref idref="oc-30"/>
            <object_component_ref idref="oc-33"/>
            <object_component_ref idref="oc-36"/>
            <object_component_ref idref="oc-3b"/>
            <object_component_ref idref="oc-3e"/>
            <object_component_ref idref="oc-41"/>
            <object_component_ref idref="oc-44"/>
            <object_component_ref idref="oc-47"/>
            <object_component_ref idref="oc-4a"/>
            <object_component_ref idref="oc-4d"/>
            <object_component_ref idref="oc-50"/>
            <object_component_ref idref="oc-53"/>
            <object_component_ref idref="oc-56"/>
            <object_component_ref idref="oc-59"/>
            <object_component_ref idref="oc-5c"/>
            <object_component_ref idref="oc-5f"/>
            <object_component_ref idref="oc-62"/>
            <object_component_ref idref="oc-65"/>
            <object_component_ref idref="oc-6c"/>
            <object_component_ref idref="oc-71"/>
            <object_component_ref idref="oc-77"/>
            <object_component_ref idref="oc-7e"/>
            <object_component_ref idref="oc-85"/>
            <object_component_ref idref="oc-8c"/>
            <object_component_ref idref="oc-91"/>
            <object_component_ref idref="oc-97"/>
            <object_component_ref idref="oc-9a"/>
            <object_component_ref idref="oc-9e"/>
            <object_component_ref idref="oc-a1"/>
            <object_component_ref idref="oc-e7"/>
         </contents>
      </logical_group>
      <logical_group id="lg-df">
         <name>.debug_frame</name>
         <load_address>0x0</load_address>
         <run_address>0x0</run_address>
         <size>0xe2f</size>
         <contents>
            <object_component_ref idref="oc-12"/>
            <object_component_ref idref="oc-18"/>
            <object_component_ref idref="oc-79"/>
            <object_component_ref idref="oc-80"/>
            <object_component_ref idref="oc-87"/>
            <object_component_ref idref="oc-8e"/>
            <object_component_ref idref="oc-93"/>
            <object_component_ref idref="oc-99"/>
         </contents>
      </logical_group>
      <logical_group id="lg-e1">
         <name>.debug_line</name>
         <load_address>0x0</load_address>
         <run_address>0x0</run_address>
         <size>0xece</size>
         <contents>
            <object_component_ref idref="oc-13"/>
            <object_component_ref idref="oc-19"/>
            <object_component_ref idref="oc-1d"/>
            <object_component_ref idref="oc-20"/>
            <object_component_ref idref="oc-25"/>
            <object_component_ref idref="oc-28"/>
            <object_component_ref idref="oc-2b"/>
            <object_component_ref idref="oc-2e"/>
            <object_component_ref idref="oc-31"/>
            <object_component_ref idref="oc-34"/>
            <object_component_ref idref="oc-39"/>
            <object_component_ref idref="oc-3c"/>
            <object_component_ref idref="oc-3f"/>
            <object_component_ref idref="oc-42"/>
            <object_component_ref idref="oc-45"/>
            <object_component_ref idref="oc-48"/>
            <object_component_ref idref="oc-4b"/>
            <object_component_ref idref="oc-4e"/>
            <object_component_ref idref="oc-51"/>
            <object_component_ref idref="oc-54"/>
            <object_component_ref idref="oc-57"/>
            <object_component_ref idref="oc-5a"/>
            <object_component_ref idref="oc-5d"/>
            <object_component_ref idref="oc-60"/>
            <object_component_ref idref="oc-63"/>
            <object_component_ref idref="oc-66"/>
            <object_component_ref idref="oc-6d"/>
            <object_component_ref idref="oc-72"/>
            <object_component_ref idref="oc-78"/>
            <object_component_ref idref="oc-7f"/>
            <object_component_ref idref="oc-86"/>
            <object_component_ref idref="oc-8d"/>
            <object_component_ref idref="oc-92"/>
            <object_component_ref idref="oc-98"/>
            <object_component_ref idref="oc-9b"/>
            <object_component_ref idref="oc-9f"/>
            <object_component_ref idref="oc-a2"/>
         </contents>
      </logical_group>
      <logical_group id="lg-e3">
         <name>.debug_abbrev</name>
         <load_address>0x0</load_address>
         <run_address>0x0</run_address>
         <size>0x2129</size>
         <contents>
            <object_component_ref idref="oc-14"/>
            <object_component_ref idref="oc-1a"/>
            <object_component_ref idref="oc-1e"/>
            <object_component_ref idref="oc-21"/>
            <object_component_ref idref="oc-26"/>
            <object_component_ref idref="oc-29"/>
            <object_component_ref idref="oc-2c"/>
            <object_component_ref idref="oc-2f"/>
            <object_component_ref idref="oc-32"/>
            <object_component_ref idref="oc-35"/>
            <object_component_ref idref="oc-3a"/>
            <object_component_ref idref="oc-3d"/>
            <object_component_ref idref="oc-40"/>
            <object_component_ref idref="oc-43"/>
            <object_component_ref idref="oc-46"/>
            <object_component_ref idref="oc-49"/>
            <object_component_ref idref="oc-4c"/>
            <object_component_ref idref="oc-4f"/>
            <object_component_ref idref="oc-52"/>
            <object_component_ref idref="oc-55"/>
            <object_component_ref idref="oc-58"/>
            <object_component_ref idref="oc-5b"/>
            <object_component_ref idref="oc-5e"/>
            <object_component_ref idref="oc-61"/>
            <object_component_ref idref="oc-64"/>
            <object_component_ref idref="oc-67"/>
            <object_component_ref idref="oc-6b"/>
            <object_component_ref idref="oc-70"/>
            <object_component_ref idref="oc-76"/>
            <object_component_ref idref="oc-7d"/>
            <object_component_ref idref="oc-84"/>
            <object_component_ref idref="oc-8b"/>
            <object_component_ref idref="oc-90"/>
            <object_component_ref idref="oc-96"/>
            <object_component_ref idref="oc-9c"/>
            <object_component_ref idref="oc-9d"/>
            <object_component_ref idref="oc-a0"/>
            <object_component_ref idref="oc-e8"/>
         </contents>
      </logical_group>
   </logical_group_list>
   <placement_map>
      <memory_area>
         <name>IVECS</name>
         <page_id>0x0</page_id>
         <origin>0x0</origin>
         <length>0x220</length>
         <used_space>0x0</used_space>
         <unused_space>0x220</unused_space>
         <attributes>RWIX</attributes>
         <usage_details>
         </usage_details>
      </memory_area>
      <memory_area>
         <name>IRAM</name>
         <page_id>0x0</page_id>
         <origin>0x220</origin>
         <length>0x2fde0</length>
         <used_space>0x48b4</used_space>
         <unused_space>0x2b52c</unused_space>
         <attributes>RWIX</attributes>
         <usage_details>
            <allocated_space>
               <start_address>0x220</start_address>
               <size>0x0</size>
               <logical_group_ref idref="lg-5"/>
            </allocated_space>
            <allocated_space>
               <start_address>0x220</start_address>
               <size>0x3cc0</size>
               <logical_group_ref idref="lg-4"/>
            </allocated_space>
            <allocated_space>
               <start_address>0x3ee0</start_address>
               <size>0x400</size>
               <logical_group_ref idref="lg-7"/>
            </allocated_space>
            <allocated_space>
               <start_address>0x42e0</start_address>
               <size>0x390</size>
               <logical_group_ref idref="lg-b"/>
            </allocated_space>
            <allocated_space>
               <start_address>0x4670</start_address>
               <size>0x32c</size>
               <logical_group_ref idref="lg-6"/>
            </allocated_space>
            <available_space>
               <start_address>0x499c</start_address>
               <size>0x4</size>
            </available_space>
            <allocated_space>
               <start_address>0x49a0</start_address>
               <size>0x138</size>
               <logical_group_ref idref="lg-9"/>
            </allocated_space>
            <available_space>
               <start_address>0x4ad8</start_address>
               <size>0x2b528</size>
            </available_space>
         </usage_details>
      </memory_area>
      <memory_area>
         <name>SDRAM</name>
         <page_id>0x0</page_id>
         <origin>0x80000000</origin>
         <length>0x100000</length>
         <used_space>0x0</used_space>
         <unused_space>0x100000</unused_space>
         <attributes>RWIX</attributes>
         <usage_details>
         </usage_details>
      </memory_area>
      <memory_area>
         <name>FLASH</name>
         <page_id>0x0</page_id>
         <origin>0x90000000</origin>
         <length>0x20000</length>
         <used_space>0x0</used_space>
         <unused_space>0x20000</unused_space>
         <attributes>RWIX</attributes>
         <usage_details>
         </usage_details>
      </memory_area>
   </placement_map>
   <symbol_table>
      <symbol id="sm-0">
         <name>cinit</name>
         <value>0x4670</value>
      </symbol>
      <symbol id="sm-1">
         <name>___cinit__</name>
         <value>0x4670</value>
      </symbol>
      <symbol id="sm-2">
         <name>pinit</name>
         <value>0xffffffff</value>
      </symbol>
      <symbol id="sm-3">
         <name>___pinit__</name>
         <value>0xffffffff</value>
      </symbol>
      <symbol id="sm-4">
         <name>binit</name>
         <value>0xffffffff</value>
      </symbol>
      <symbol id="sm-5">
         <name>___binit__</name>
         <value>0xffffffff</value>
      </symbol>
      <symbol id="sm-6">
         <name>__STACK_SIZE</name>
         <value>0x400</value>
      </symbol>
      <symbol id="sm-7">
         <name>__STACK_END</name>
         <value>0x42e0</value>
      </symbol>
      <symbol id="sm-8">
         <name>___c_args__</name>
         <value>0xffffffff</value>
      </symbol>
      <symbol id="sm-9">
         <name>.text</name>
         <value>0x220</value>
      </symbol>
      <symbol id="sm-a">
         <name>___text__</name>
         <value>0x220</value>
      </symbol>
      <symbol id="sm-b">
         <name>etext</name>
         <value>0x3ee0</value>
      </symbol>
      <symbol id="sm-c">
         <name>___etext__</name>
         <value>0x3ee0</value>
      </symbol>
      <symbol id="sm-d">
         <name>.bss</name>
         <value>0x220</value>
      </symbol>
      <symbol id="sm-e">
         <name>___bss__</name>
         <value>0x220</value>
      </symbol>
      <symbol id="sm-f">
         <name>end</name>
         <value>0x220</value>
      </symbol>
      <symbol id="sm-10">
         <name>___end__</name>
         <value>0x220</value>
      </symbol>
      <symbol id="sm-11">
         <name>___TI_pprof_out_hndl</name>
         <value>0xffffffff</value>
      </symbol>
      <symbol id="sm-12">
         <name>___TI_prof_data_start</name>
         <value>0xffffffff</value>
      </symbol>
      <symbol id="sm-13">
         <name>___TI_prof_data_size</name>
         <value>0xffffffff</value>
      </symbol>
      <symbol id="sm-14">
         <name>$bss</name>
         <value>0x220</value>
      </symbol>
      <symbol id="sm-6b">
         <name>_main</name>
         <value>0x16c0</value>
         <object_component_ref idref="oc-b3"/>
      </symbol>
      <symbol id="sm-6c">
         <name>_gain</name>
         <value>0x42e8</value>
         <object_component_ref idref="oc-11"/>
      </symbol>
      <symbol id="sm-6d">
         <name>_loop</name>
         <value>0x42e4</value>
         <object_component_ref idref="oc-11"/>
      </symbol>
      <symbol id="sm-6e">
         <name>_gBuffer</name>
         <value>0x4330</value>
         <object_component_ref idref="oc-11"/>
      </symbol>
      <symbol id="sm-6f">
         <name>_fs</name>
         <value>0x42e0</value>
         <object_component_ref idref="oc-11"/>
      </symbol>
      <symbol id="sm-70">
         <name>_sine_table</name>
         <value>0x4300</value>
         <object_component_ref idref="oc-11"/>
      </symbol>
      <symbol id="sm-71">
         <name>_Sin_table</name>
         <value>0x42f0</value>
         <object_component_ref idref="oc-11"/>
      </symbol>
      <symbol id="sm-72">
         <name>_i</name>
         <value>0x42e6</value>
         <object_component_ref idref="oc-11"/>
      </symbol>
      <symbol id="sm-bb">
         <name>_comm_poll</name>
         <value>0x2c4</value>
         <object_component_ref idref="oc-bb"/>
      </symbol>
      <symbol id="sm-bc">
         <name>_output_left_sample</name>
         <value>0x4c4</value>
         <object_component_ref idref="oc-bb"/>
      </symbol>
      <symbol id="sm-bd">
         <name>_comm_intr</name>
         <value>0x2ec</value>
         <object_component_ref idref="oc-bb"/>
      </symbol>
      <symbol id="sm-be">
         <name>_input_left_sample</name>
         <value>0x708</value>
         <object_component_ref idref="oc-bb"/>
      </symbol>
      <symbol id="sm-bf">
         <name>_output_sample</name>
         <value>0x3d8</value>
         <object_component_ref idref="oc-bb"/>
      </symbol>
      <symbol id="sm-c0">
         <name>_c6416_dsk_init</name>
         <value>0x220</value>
         <object_component_ref idref="oc-bb"/>
      </symbol>
      <symbol id="sm-c1">
         <name>_config</name>
         <value>0x4574</value>
         <object_component_ref idref="oc-17"/>
      </symbol>
      <symbol id="sm-c2">
         <name>_input_right_sample</name>
         <value>0x7a8</value>
         <object_component_ref idref="oc-bb"/>
      </symbol>
      <symbol id="sm-c3">
         <name>_AIC_data</name>
         <value>0x4530</value>
         <object_component_ref idref="oc-17"/>
      </symbol>
      <symbol id="sm-c4">
         <name>_hAIC23_handle</name>
         <value>0x4588</value>
         <object_component_ref idref="oc-17"/>
      </symbol>
      <symbol id="sm-c5">
         <name>_AIC23CfgData</name>
         <value>0x453c</value>
         <object_component_ref idref="oc-17"/>
      </symbol>
      <symbol id="sm-c6">
         <name>_input_sample</name>
         <value>0x630</value>
         <object_component_ref idref="oc-bb"/>
      </symbol>
      <symbol id="sm-c7">
         <name>_output_right_sample</name>
         <value>0x57c</value>
         <object_component_ref idref="oc-bb"/>
      </symbol>
      <symbol id="sm-d3">
         <name>_c_int00</name>
         <value>0x3c00</value>
         <object_component_ref idref="oc-e"/>
      </symbol>
      <symbol id="sm-d4">
         <name>__stack</name>
         <value>0x3ee0</value>
         <object_component_ref idref="oc-1c"/>
      </symbol>
      <symbol id="sm-e0">
         <name>__divd</name>
         <value>0x860</value>
         <object_component_ref idref="oc-b8"/>
      </symbol>
      <symbol id="sm-f0">
         <name>C$$EXIT</name>
         <value>0x3ea0</value>
         <object_component_ref idref="oc-b4"/>
      </symbol>
      <symbol id="sm-f1">
         <name>_exit</name>
         <value>0x35a0</value>
         <object_component_ref idref="oc-a5"/>
      </symbol>
      <symbol id="sm-f2">
         <name>___TI_enable_exit_profile_output</name>
         <value>0x4664</value>
         <object_component_ref idref="oc-24"/>
      </symbol>
      <symbol id="sm-f3">
         <name>_abort</name>
         <value>0x3ea0</value>
         <object_component_ref idref="oc-b4"/>
      </symbol>
      <symbol id="sm-f4">
         <name>__cleanup_ptr</name>
         <value>0x465c</value>
         <object_component_ref idref="oc-24"/>
      </symbol>
      <symbol id="sm-f5">
         <name>__dtors_ptr</name>
         <value>0x4660</value>
         <object_component_ref idref="oc-24"/>
      </symbol>
      <symbol id="sm-ff">
         <name>__fixdi</name>
         <value>0x3a20</value>
         <object_component_ref idref="oc-ba"/>
      </symbol>
      <symbol id="sm-109">
         <name>__fltid</name>
         <value>0x3ba0</value>
         <object_component_ref idref="oc-b6"/>
      </symbol>
      <symbol id="sm-113">
         <name>__frcmpyd_div</name>
         <value>0x2ce0</value>
         <object_component_ref idref="oc-be"/>
      </symbol>
      <symbol id="sm-11d">
         <name>__mpyd</name>
         <value>0x1980</value>
         <object_component_ref idref="oc-b7"/>
      </symbol>
      <symbol id="sm-127">
         <name>__mpyll</name>
         <value>0x3aa0</value>
         <object_component_ref idref="oc-cd"/>
      </symbol>
      <symbol id="sm-135">
         <name>_sin</name>
         <value>0xe40</value>
         <object_component_ref idref="oc-b9"/>
      </symbol>
      <symbol id="sm-13f">
         <name>__subd</name>
         <value>0x3d20</value>
         <object_component_ref idref="oc-c4"/>
      </symbol>
      <symbol id="sm-149">
         <name>__trunc</name>
         <value>0x3e80</value>
         <object_component_ref idref="oc-c2"/>
      </symbol>
      <symbol id="sm-153">
         <name>__addd</name>
         <value>0x1e80</value>
         <object_component_ref idref="oc-c0"/>
      </symbol>
      <symbol id="sm-15d">
         <name>__args_main</name>
         <value>0x3ca0</value>
         <object_component_ref idref="oc-a4"/>
      </symbol>
      <symbol id="sm-15e">
         <name>__TI_args_main</name>
         <value>0x1</value>
      </symbol>
      <symbol id="sm-168">
         <name>__auto_init</name>
         <value>0x30a0</value>
         <object_component_ref idref="oc-a3"/>
      </symbol>
      <symbol id="sm-172">
         <name>__cmpd</name>
         <value>0x3180</value>
         <object_component_ref idref="oc-bf"/>
      </symbol>
      <symbol id="sm-17c">
         <name>___TI_cpp_init</name>
         <value>0x39a0</value>
         <object_component_ref idref="oc-b2"/>
      </symbol>
      <symbol id="sm-186">
         <name>_copy_in</name>
         <value>0x3900</value>
         <object_component_ref idref="oc-b0"/>
      </symbol>
      <symbol id="sm-190">
         <name>__frcaddd</name>
         <value>0x1c20</value>
         <object_component_ref idref="oc-ce"/>
      </symbol>
      <symbol id="sm-19a">
         <name>__frcmpyd</name>
         <value>0x2bc0</value>
         <object_component_ref idref="oc-bc"/>
      </symbol>
      <symbol id="sm-1a2">
         <name>_memcpy</name>
         <value>0x3260</value>
         <object_component_ref idref="oc-b1"/>
      </symbol>
      <symbol id="sm-1ac">
         <name>_modf</name>
         <value>0x3340</value>
         <object_component_ref idref="oc-c3"/>
      </symbol>
      <symbol id="sm-1b6">
         <name>__negd</name>
         <value>0x3ce0</value>
         <object_component_ref idref="oc-c5"/>
      </symbol>
      <symbol id="sm-1c0">
         <name>__renormd</name>
         <value>0x3860</value>
         <object_component_ref idref="oc-d0"/>
      </symbol>
      <symbol id="sm-1ca">
         <name>__nround</name>
         <value>0x2a60</value>
         <object_component_ref idref="oc-c1"/>
      </symbol>
      <symbol id="sm-1e6">
         <name>__IRQ_eventTable</name>
         <value>0x4460</value>
         <object_component_ref idref="oc-6a"/>
      </symbol>
      <symbol id="sm-1e7">
         <name>_IRQ_nmiEnable</name>
         <value>0x3dc0</value>
         <object_component_ref idref="oc-cb"/>
      </symbol>
      <symbol id="sm-1e8">
         <name>_IRQ_reset</name>
         <value>0x3c60</value>
         <object_component_ref idref="oc-c9"/>
      </symbol>
      <symbol id="sm-1e9">
         <name>__IRQ_intTable</name>
         <value>0x44e8</value>
         <object_component_ref idref="oc-6a"/>
      </symbol>
      <symbol id="sm-1ea">
         <name>_IRQ_globalEnable</name>
         <value>0x3da0</value>
         <object_component_ref idref="oc-ca"/>
      </symbol>
      <symbol id="sm-1eb">
         <name>_IRQ_globalDisable</name>
         <value>0x3d80</value>
         <object_component_ref idref="oc-c6"/>
      </symbol>
      <symbol id="sm-1ec">
         <name>_IRQ_map</name>
         <value>0x2500</value>
         <object_component_ref idref="oc-c8"/>
      </symbol>
      <symbol id="sm-1ed">
         <name>_IRQ_enable</name>
         <value>0x3d60</value>
         <object_component_ref idref="oc-cc"/>
      </symbol>
      <symbol id="sm-1ee">
         <name>__IRQ_dispatchTable</name>
         <value>0x4528</value>
         <object_component_ref idref="oc-6a"/>
      </symbol>
      <symbol id="sm-1ef">
         <name>__IRQ_hookFetchPacket</name>
         <value>0x3ec0</value>
         <object_component_ref idref="oc-68"/>
      </symbol>
      <symbol id="sm-20d">
         <name>_MCBSP_reset</name>
         <value>0x26e0</value>
         <object_component_ref idref="oc-b5"/>
      </symbol>
      <symbol id="sm-20e">
         <name>_MCBSP_read</name>
         <value>0x3e00</value>
         <object_component_ref idref="oc-ad"/>
      </symbol>
      <symbol id="sm-20f">
         <name>_MCBSP_getXmtEventId</name>
         <value>0x3de0</value>
         <object_component_ref idref="oc-c7"/>
      </symbol>
      <symbol id="sm-210">
         <name>_MCBSP_open</name>
         <value>0x2ee0</value>
         <object_component_ref idref="oc-a9"/>
      </symbol>
      <symbol id="sm-211">
         <name>__MCBSP_hDev0</name>
         <value>0x45d8</value>
         <object_component_ref idref="oc-6f"/>
      </symbol>
      <symbol id="sm-212">
         <name>__MCBSP_hDev1</name>
         <value>0x45dc</value>
         <object_component_ref idref="oc-6f"/>
      </symbol>
      <symbol id="sm-213">
         <name>__MCBSP_hDev2</name>
         <value>0x45e0</value>
         <object_component_ref idref="oc-6f"/>
      </symbol>
      <symbol id="sm-214">
         <name>_MCBSP_start</name>
         <value>0x2fc0</value>
         <object_component_ref idref="oc-ab"/>
      </symbol>
      <symbol id="sm-215">
         <name>_MCBSP_rrdy</name>
         <value>0x3e20</value>
         <object_component_ref idref="oc-ac"/>
      </symbol>
      <symbol id="sm-216">
         <name>_MCBSP_config</name>
         <value>0x3420</value>
         <object_component_ref idref="oc-aa"/>
      </symbol>
      <symbol id="sm-217">
         <name>_MCBSP_xrdy</name>
         <value>0x3e60</value>
         <object_component_ref idref="oc-ae"/>
      </symbol>
      <symbol id="sm-218">
         <name>_MCBSP_write</name>
         <value>0x3e40</value>
         <object_component_ref idref="oc-af"/>
      </symbol>
      <symbol id="sm-248">
         <name>_DSK6416_waitusec</name>
         <value>0x15a0</value>
         <object_component_ref idref="oc-73"/>
      </symbol>
      <symbol id="sm-249">
         <name>_DSK6416_rget</name>
         <value>0x14b0</value>
         <object_component_ref idref="oc-73"/>
      </symbol>
      <symbol id="sm-24a">
         <name>_DSK6416_wait</name>
         <value>0x1530</value>
         <object_component_ref idref="oc-73"/>
      </symbol>
      <symbol id="sm-24b">
         <name>_DSK6416_rset</name>
         <value>0x14e8</value>
         <object_component_ref idref="oc-73"/>
      </symbol>
      <symbol id="sm-24c">
         <name>_DSK6416_version</name>
         <value>0x458a</value>
         <object_component_ref idref="oc-74"/>
      </symbol>
      <symbol id="sm-24d">
         <name>_DSK6416_getVersion</name>
         <value>0x15ec</value>
         <object_component_ref idref="oc-73"/>
      </symbol>
      <symbol id="sm-24e">
         <name>_DSK6416_init</name>
         <value>0x1300</value>
         <object_component_ref idref="oc-73"/>
      </symbol>
      <symbol id="sm-270">
         <name>_DSK6416_AIC23_openCodec</name>
         <value>0x20c0</value>
         <object_component_ref idref="oc-7a"/>
      </symbol>
      <symbol id="sm-271">
         <name>_DSK6416_AIC23_codecdatahandle</name>
         <value>0x466c</value>
         <object_component_ref idref="oc-7b"/>
      </symbol>
      <symbol id="sm-272">
         <name>_DSK6416_AIC23_codeccontrolhandle</name>
         <value>0x4668</value>
         <object_component_ref idref="oc-7b"/>
      </symbol>
      <symbol id="sm-29f">
         <name>_DSK6416_AIC23_rset</name>
         <value>0x22e0</value>
         <object_component_ref idref="oc-81"/>
      </symbol>
      <symbol id="sm-2a0">
         <name>_DSK6416_AIC23_config</name>
         <value>0x243c</value>
         <object_component_ref idref="oc-81"/>
      </symbol>
      <symbol id="sm-2a1">
         <name>_DSK6416_AIC23_rget</name>
         <value>0x23fc</value>
         <object_component_ref idref="oc-81"/>
      </symbol>
      <symbol id="sm-2be">
         <name>_DSK6416_AIC23_setFreq</name>
         <value>0x2de0</value>
         <object_component_ref idref="oc-88"/>
      </symbol>
      <symbol id="sm-2ce">
         <name>_DSK6416_DIP_init</name>
         <value>0x3b20</value>
         <object_component_ref idref="oc-8f"/>
      </symbol>
      <symbol id="sm-2cf">
         <name>_DSK6416_DIP_get</name>
         <value>0x3b24</value>
         <object_component_ref idref="oc-8f"/>
      </symbol>
      <symbol id="sm-2e8">
         <name>_DSK6416_LED_init</name>
         <value>0x28c0</value>
         <object_component_ref idref="oc-94"/>
      </symbol>
      <symbol id="sm-2e9">
         <name>_DSK6416_LED_toggle</name>
         <value>0x29e0</value>
         <object_component_ref idref="oc-94"/>
      </symbol>
      <symbol id="sm-2ea">
         <name>_DSK6416_LED_on</name>
         <value>0x2974</value>
         <object_component_ref idref="oc-94"/>
      </symbol>
      <symbol id="sm-2eb">
         <name>_DSK6416_LED_off</name>
         <value>0x2908</value>
         <object_component_ref idref="oc-94"/>
      </symbol>
      <symbol id="sm-2f3">
         <name>__strasg</name>
         <value>0x34e0</value>
         <object_component_ref idref="oc-a6"/>
      </symbol>
      <symbol id="sm-2fd">
         <name>_EMIFA_config</name>
         <value>0x3720</value>
         <object_component_ref idref="oc-a8"/>
      </symbol>
      <symbol id="sm-307">
         <name>_EMIFB_config</name>
         <value>0x37c0</value>
         <object_component_ref idref="oc-a7"/>
      </symbol>
   </symbol_table>
</link_info>
