<?xml version="1.0"?>
<link_info>
   <banner>TMS320C6x Linker PC v7.4.20</banner>
   <copyright>Copyright (c) 1996-2015 Texas Instruments Incorporated</copyright>
   <link_time>0x67f4f1c8</link_time>
   <output_file>lab_7.out</output_file>
   <entry_point>
      <name>_c_int00</name>
      <address>0x1740</address>
   </entry_point>
   <input_file_list>
      <input_file id="fl-2">
         <path>.\</path>
         <kind>object</kind>
         <file>IIRsos.obj</file>
         <name>IIRsos.obj</name>
      </input_file>
      <input_file id="fl-3">
         <path>.\</path>
         <kind>object</kind>
         <file>Vectors_intr.obj</file>
         <name>Vectors_intr.obj</name>
      </input_file>
      <input_file id="fl-4">
         <path>.\</path>
         <kind>object</kind>
         <file>c6416dskinit.obj</file>
         <name>c6416dskinit.obj</name>
      </input_file>
      <input_file id="fl-7f">
         <path>C:\ti\ccsv7\2_c6000_7.4.20\c6000_7.4.20\lib\</path>
         <kind>archive</kind>
         <file>rts6400.lib</file>
         <name>addf.obj</name>
      </input_file>
      <input_file id="fl-80">
         <path>C:\ti\ccsv7\2_c6000_7.4.20\c6000_7.4.20\lib\</path>
         <kind>archive</kind>
         <file>rts6400.lib</file>
         <name>boot.obj</name>
      </input_file>
      <input_file id="fl-81">
         <path>C:\ti\ccsv7\2_c6000_7.4.20\c6000_7.4.20\lib\</path>
         <kind>archive</kind>
         <file>rts6400.lib</file>
         <name>exit.obj</name>
      </input_file>
      <input_file id="fl-82">
         <path>C:\ti\ccsv7\2_c6000_7.4.20\c6000_7.4.20\lib\</path>
         <kind>archive</kind>
         <file>rts6400.lib</file>
         <name>fixfi.obj</name>
      </input_file>
      <input_file id="fl-83">
         <path>C:\ti\ccsv7\2_c6000_7.4.20\c6000_7.4.20\lib\</path>
         <kind>archive</kind>
         <file>rts6400.lib</file>
         <name>fltif.obj</name>
      </input_file>
      <input_file id="fl-84">
         <path>C:\ti\ccsv7\2_c6000_7.4.20\c6000_7.4.20\lib\</path>
         <kind>archive</kind>
         <file>rts6400.lib</file>
         <name>mpyf.obj</name>
      </input_file>
      <input_file id="fl-85">
         <path>C:\ti\ccsv7\2_c6000_7.4.20\c6000_7.4.20\lib\</path>
         <kind>archive</kind>
         <file>rts6400.lib</file>
         <name>subf.obj</name>
      </input_file>
      <input_file id="fl-86">
         <path>C:\ti\ccsv7\2_c6000_7.4.20\c6000_7.4.20\lib\</path>
         <kind>archive</kind>
         <file>rts6400.lib</file>
         <name>args_main.obj</name>
      </input_file>
      <input_file id="fl-87">
         <path>C:\ti\ccsv7\2_c6000_7.4.20\c6000_7.4.20\lib\</path>
         <kind>archive</kind>
         <file>rts6400.lib</file>
         <name>autoinit.obj</name>
      </input_file>
      <input_file id="fl-88">
         <path>C:\ti\ccsv7\2_c6000_7.4.20\c6000_7.4.20\lib\</path>
         <kind>archive</kind>
         <file>rts6400.lib</file>
         <name>cpp_init.obj</name>
      </input_file>
      <input_file id="fl-89">
         <path>C:\ti\ccsv7\2_c6000_7.4.20\c6000_7.4.20\lib\</path>
         <kind>archive</kind>
         <file>rts6400.lib</file>
         <name>cpy_tbl.obj</name>
      </input_file>
      <input_file id="fl-8a">
         <path>C:\ti\ccsv7\2_c6000_7.4.20\c6000_7.4.20\lib\</path>
         <kind>archive</kind>
         <file>rts6400.lib</file>
         <name>frcmpyf.obj</name>
      </input_file>
      <input_file id="fl-8b">
         <path>C:\ti\ccsv7\2_c6000_7.4.20\c6000_7.4.20\lib\</path>
         <kind>archive</kind>
         <file>rts6400.lib</file>
         <name>memcpy64.obj</name>
      </input_file>
   </input_file_list>
   <object_component_list>
      <object_component id="oc-4e">
         <name>.text</name>
         <load_address>0x220</load_address>
         <run_address>0x220</run_address>
         <size>0x640</size>
         <input_file_ref idref="fl-4"/>
      </object_component>
      <object_component id="oc-12">
         <name>.text:retain</name>
         <load_address>0x860</load_address>
         <run_address>0x860</run_address>
         <size>0x460</size>
         <input_file_ref idref="fl-2"/>
      </object_component>
      <object_component id="oc-52">
         <name>.text:__addf</name>
         <load_address>0xcc0</load_address>
         <run_address>0xcc0</run_address>
         <size>0x380</size>
         <input_file_ref idref="fl-7f"/>
      </object_component>
      <object_component id="oc-50">
         <name>.text:__mpyf</name>
         <load_address>0x1040</load_address>
         <run_address>0x1040</run_address>
         <size>0x220</size>
         <input_file_ref idref="fl-84"/>
      </object_component>
      <object_component id="oc-4b">
         <name>.text:__auto_init</name>
         <load_address>0x1260</load_address>
         <run_address>0x1260</run_address>
         <size>0xe0</size>
         <input_file_ref idref="fl-87"/>
      </object_component>
      <object_component id="oc-55">
         <name>.text:_memcpy</name>
         <load_address>0x1340</load_address>
         <run_address>0x1340</run_address>
         <size>0xe0</size>
         <input_file_ref idref="fl-8b"/>
      </object_component>
      <object_component id="oc-4d">
         <name>.text:_exit</name>
         <load_address>0x1420</load_address>
         <run_address>0x1420</run_address>
         <size>0xc0</size>
         <input_file_ref idref="fl-81"/>
      </object_component>
      <object_component id="oc-54">
         <name>.text:_copy_in</name>
         <load_address>0x14e0</load_address>
         <run_address>0x14e0</run_address>
         <size>0xa0</size>
         <input_file_ref idref="fl-89"/>
      </object_component>
      <object_component id="oc-56">
         <name>.text:___TI_cpp_init</name>
         <load_address>0x1580</load_address>
         <run_address>0x1580</run_address>
         <size>0x80</size>
         <input_file_ref idref="fl-88"/>
      </object_component>
      <object_component id="oc-53">
         <name>.text:__fixfi</name>
         <load_address>0x1600</load_address>
         <run_address>0x1600</run_address>
         <size>0x80</size>
         <input_file_ref idref="fl-82"/>
      </object_component>
      <object_component id="oc-4f">
         <name>.text:__fltif</name>
         <load_address>0x1680</load_address>
         <run_address>0x1680</run_address>
         <size>0x60</size>
         <input_file_ref idref="fl-83"/>
      </object_component>
      <object_component id="oc-59">
         <name>.text:__frcmpyf</name>
         <load_address>0x16e0</load_address>
         <run_address>0x16e0</run_address>
         <size>0x60</size>
         <input_file_ref idref="fl-8a"/>
      </object_component>
      <object_component id="oc-e">
         <name>.text:_c_int00</name>
         <load_address>0x1740</load_address>
         <run_address>0x1740</run_address>
         <size>0x60</size>
         <input_file_ref idref="fl-80"/>
      </object_component>
      <object_component id="oc-4c">
         <name>.text:__args_main</name>
         <load_address>0x17a0</load_address>
         <run_address>0x17a0</run_address>
         <size>0x40</size>
         <input_file_ref idref="fl-86"/>
      </object_component>
      <object_component id="oc-51">
         <name>.text:__subf</name>
         <load_address>0x17e0</load_address>
         <run_address>0x17e0</run_address>
         <size>0x40</size>
         <input_file_ref idref="fl-85"/>
      </object_component>
      <object_component id="oc-57">
         <name>.text</name>
         <load_address>0x1820</load_address>
         <run_address>0x1820</run_address>
         <size>0x20</size>
         <input_file_ref idref="fl-2"/>
      </object_component>
      <object_component id="oc-16">
         <name>.text</name>
         <load_address>0x1840</load_address>
         <run_address>0x1840</run_address>
         <size>0x20</size>
         <input_file_ref idref="fl-3"/>
      </object_component>
      <object_component id="oc-58">
         <name>.text:_abort</name>
         <load_address>0x1860</load_address>
         <run_address>0x1860</run_address>
         <size>0x20</size>
         <input_file_ref idref="fl-81"/>
      </object_component>
      <object_component id="oc-1c">
         <name>.cinit</name>
         <load_address>0x1c80</load_address>
         <run_address>0x1c80</run_address>
         <size>0x5c</size>
         <input_file_ref idref="fl-4"/>
      </object_component>
      <object_component id="oc-10">
         <name>.cinit</name>
         <load_address>0x1ce0</load_address>
         <run_address>0x1ce0</run_address>
         <size>0x54</size>
         <input_file_ref idref="fl-2"/>
      </object_component>
      <object_component id="oc-29">
         <name>.cinit</name>
         <load_address>0x1d38</load_address>
         <run_address>0x1d38</run_address>
         <size>0x2c</size>
         <input_file_ref idref="fl-81"/>
      </object_component>
      <object_component id="oc-25">
         <name>.stack</name>
         <uninitialized>true</uninitialized>
         <run_address>0x1880</run_address>
         <size>0x8</size>
         <input_file_ref idref="fl-80"/>
      </object_component>
      <object_component id="oc-71">
         <name>.stack</name>
         <uninitialized>true</uninitialized>
         <run_address>0x1880</run_address>
         <size>0x0</size>
      </object_component>
      <object_component id="oc-11">
         <name>.far</name>
         <uninitialized>true</uninitialized>
         <run_address>0x1dd0</run_address>
         <size>0x2c</size>
         <input_file_ref idref="fl-2"/>
      </object_component>
      <object_component id="oc-1d">
         <name>.far</name>
         <uninitialized>true</uninitialized>
         <run_address>0x1d70</run_address>
         <size>0x5a</size>
         <input_file_ref idref="fl-4"/>
      </object_component>
      <object_component id="oc-2a">
         <name>.far</name>
         <uninitialized>true</uninitialized>
         <run_address>0x1dfc</run_address>
         <size>0xc</size>
         <input_file_ref idref="fl-81"/>
      </object_component>
      <object_component id="oc-f">
         <name>.debug_info</name>
         <load_address>0x0</load_address>
         <run_address>0x0</run_address>
         <size>0x923</size>
         <input_file_ref idref="fl-2"/>
      </object_component>
      <object_component id="oc-18">
         <name>.debug_info</name>
         <load_address>0x923</load_address>
         <run_address>0x923</run_address>
         <size>0xf0</size>
         <input_file_ref idref="fl-3"/>
      </object_component>
      <object_component id="oc-1b">
         <name>.debug_info</name>
         <load_address>0xa13</load_address>
         <run_address>0xa13</run_address>
         <size>0x1562</size>
         <input_file_ref idref="fl-4"/>
      </object_component>
      <object_component id="oc-21">
         <name>.debug_info</name>
         <load_address>0x1f75</load_address>
         <run_address>0x1f75</run_address>
         <size>0x759</size>
         <input_file_ref idref="fl-7f"/>
      </object_component>
      <object_component id="oc-24">
         <name>.debug_info</name>
         <load_address>0x26ce</load_address>
         <run_address>0x26ce</run_address>
         <size>0x73c</size>
         <input_file_ref idref="fl-80"/>
      </object_component>
      <object_component id="oc-28">
         <name>.debug_info</name>
         <load_address>0x2e0a</load_address>
         <run_address>0x2e0a</run_address>
         <size>0x86a</size>
         <input_file_ref idref="fl-81"/>
      </object_component>
      <object_component id="oc-2d">
         <name>.debug_info</name>
         <load_address>0x3674</load_address>
         <run_address>0x3674</run_address>
         <size>0x67d</size>
         <input_file_ref idref="fl-82"/>
      </object_component>
      <object_component id="oc-30">
         <name>.debug_info</name>
         <load_address>0x3cf1</load_address>
         <run_address>0x3cf1</run_address>
         <size>0x690</size>
         <input_file_ref idref="fl-83"/>
      </object_component>
      <object_component id="oc-33">
         <name>.debug_info</name>
         <load_address>0x4381</load_address>
         <run_address>0x4381</run_address>
         <size>0x6e3</size>
         <input_file_ref idref="fl-84"/>
      </object_component>
      <object_component id="oc-36">
         <name>.debug_info</name>
         <load_address>0x4a64</load_address>
         <run_address>0x4a64</run_address>
         <size>0x675</size>
         <input_file_ref idref="fl-85"/>
      </object_component>
      <object_component id="oc-39">
         <name>.debug_info</name>
         <load_address>0x50d9</load_address>
         <run_address>0x50d9</run_address>
         <size>0x712</size>
         <input_file_ref idref="fl-86"/>
      </object_component>
      <object_component id="oc-3c">
         <name>.debug_info</name>
         <load_address>0x57eb</load_address>
         <run_address>0x57eb</run_address>
         <size>0x8e9</size>
         <input_file_ref idref="fl-87"/>
      </object_component>
      <object_component id="oc-3f">
         <name>.debug_info</name>
         <load_address>0x60d4</load_address>
         <run_address>0x60d4</run_address>
         <size>0x761</size>
         <input_file_ref idref="fl-88"/>
      </object_component>
      <object_component id="oc-42">
         <name>.debug_info</name>
         <load_address>0x6835</load_address>
         <run_address>0x6835</run_address>
         <size>0x857</size>
         <input_file_ref idref="fl-89"/>
      </object_component>
      <object_component id="oc-45">
         <name>.debug_info</name>
         <load_address>0x708c</load_address>
         <run_address>0x708c</run_address>
         <size>0x6cc</size>
         <input_file_ref idref="fl-8a"/>
      </object_component>
      <object_component id="oc-48">
         <name>.debug_info</name>
         <load_address>0x7758</load_address>
         <run_address>0x7758</run_address>
         <size>0x110</size>
         <input_file_ref idref="fl-8b"/>
      </object_component>
      <object_component id="oc-72">
         <name>.debug_info</name>
         <load_address>0x7868</load_address>
         <run_address>0x7868</run_address>
         <size>0x6e</size>
      </object_component>
      <object_component id="oc-13">
         <name>.debug_frame</name>
         <load_address>0x0</load_address>
         <run_address>0x0</run_address>
         <size>0x37f</size>
         <input_file_ref idref="fl-2"/>
      </object_component>
      <object_component id="oc-1e">
         <name>.debug_frame</name>
         <load_address>0x37f</load_address>
         <run_address>0x37f</run_address>
         <size>0x34d</size>
         <input_file_ref idref="fl-4"/>
      </object_component>
      <object_component id="oc-14">
         <name>.debug_line</name>
         <load_address>0x0</load_address>
         <run_address>0x0</run_address>
         <size>0x7a</size>
         <input_file_ref idref="fl-2"/>
      </object_component>
      <object_component id="oc-19">
         <name>.debug_line</name>
         <load_address>0x7a</load_address>
         <run_address>0x7a</run_address>
         <size>0xcd</size>
         <input_file_ref idref="fl-3"/>
      </object_component>
      <object_component id="oc-1f">
         <name>.debug_line</name>
         <load_address>0x147</load_address>
         <run_address>0x147</run_address>
         <size>0x158</size>
         <input_file_ref idref="fl-4"/>
      </object_component>
      <object_component id="oc-22">
         <name>.debug_line</name>
         <load_address>0x29f</load_address>
         <run_address>0x29f</run_address>
         <size>0x59</size>
         <input_file_ref idref="fl-7f"/>
      </object_component>
      <object_component id="oc-26">
         <name>.debug_line</name>
         <load_address>0x2f8</load_address>
         <run_address>0x2f8</run_address>
         <size>0x3d</size>
         <input_file_ref idref="fl-80"/>
      </object_component>
      <object_component id="oc-2b">
         <name>.debug_line</name>
         <load_address>0x335</load_address>
         <run_address>0x335</run_address>
         <size>0x4f</size>
         <input_file_ref idref="fl-81"/>
      </object_component>
      <object_component id="oc-2e">
         <name>.debug_line</name>
         <load_address>0x384</load_address>
         <run_address>0x384</run_address>
         <size>0x3d</size>
         <input_file_ref idref="fl-82"/>
      </object_component>
      <object_component id="oc-31">
         <name>.debug_line</name>
         <load_address>0x3c1</load_address>
         <run_address>0x3c1</run_address>
         <size>0x3d</size>
         <input_file_ref idref="fl-83"/>
      </object_component>
      <object_component id="oc-34">
         <name>.debug_line</name>
         <load_address>0x3fe</load_address>
         <run_address>0x3fe</run_address>
         <size>0x3c</size>
         <input_file_ref idref="fl-84"/>
      </object_component>
      <object_component id="oc-37">
         <name>.debug_line</name>
         <load_address>0x43a</load_address>
         <run_address>0x43a</run_address>
         <size>0x37</size>
         <input_file_ref idref="fl-85"/>
      </object_component>
      <object_component id="oc-3a">
         <name>.debug_line</name>
         <load_address>0x471</load_address>
         <run_address>0x471</run_address>
         <size>0x41</size>
         <input_file_ref idref="fl-86"/>
      </object_component>
      <object_component id="oc-3d">
         <name>.debug_line</name>
         <load_address>0x4b2</load_address>
         <run_address>0x4b2</run_address>
         <size>0x47</size>
         <input_file_ref idref="fl-87"/>
      </object_component>
      <object_component id="oc-40">
         <name>.debug_line</name>
         <load_address>0x4f9</load_address>
         <run_address>0x4f9</run_address>
         <size>0x45</size>
         <input_file_ref idref="fl-88"/>
      </object_component>
      <object_component id="oc-43">
         <name>.debug_line</name>
         <load_address>0x53e</load_address>
         <run_address>0x53e</run_address>
         <size>0x44</size>
         <input_file_ref idref="fl-89"/>
      </object_component>
      <object_component id="oc-46">
         <name>.debug_line</name>
         <load_address>0x582</load_address>
         <run_address>0x582</run_address>
         <size>0x3a</size>
         <input_file_ref idref="fl-8a"/>
      </object_component>
      <object_component id="oc-49">
         <name>.debug_line</name>
         <load_address>0x5bc</load_address>
         <run_address>0x5bc</run_address>
         <size>0x4f</size>
         <input_file_ref idref="fl-8b"/>
      </object_component>
      <object_component id="oc-15">
         <name>.debug_abbrev</name>
         <load_address>0x0</load_address>
         <run_address>0x0</run_address>
         <size>0x107</size>
         <input_file_ref idref="fl-2"/>
      </object_component>
      <object_component id="oc-1a">
         <name>.debug_abbrev</name>
         <load_address>0x107</load_address>
         <run_address>0x107</run_address>
         <size>0x21</size>
         <input_file_ref idref="fl-3"/>
      </object_component>
      <object_component id="oc-20">
         <name>.debug_abbrev</name>
         <load_address>0x128</load_address>
         <run_address>0x128</run_address>
         <size>0x18e</size>
         <input_file_ref idref="fl-4"/>
      </object_component>
      <object_component id="oc-23">
         <name>.debug_abbrev</name>
         <load_address>0x2b6</load_address>
         <run_address>0x2b6</run_address>
         <size>0xb5</size>
         <input_file_ref idref="fl-7f"/>
      </object_component>
      <object_component id="oc-27">
         <name>.debug_abbrev</name>
         <load_address>0x36b</load_address>
         <run_address>0x36b</run_address>
         <size>0xfe</size>
         <input_file_ref idref="fl-80"/>
      </object_component>
      <object_component id="oc-2c">
         <name>.debug_abbrev</name>
         <load_address>0x469</load_address>
         <run_address>0x469</run_address>
         <size>0x119</size>
         <input_file_ref idref="fl-81"/>
      </object_component>
      <object_component id="oc-2f">
         <name>.debug_abbrev</name>
         <load_address>0x582</load_address>
         <run_address>0x582</run_address>
         <size>0x98</size>
         <input_file_ref idref="fl-82"/>
      </object_component>
      <object_component id="oc-32">
         <name>.debug_abbrev</name>
         <load_address>0x61a</load_address>
         <run_address>0x61a</run_address>
         <size>0x98</size>
         <input_file_ref idref="fl-83"/>
      </object_component>
      <object_component id="oc-35">
         <name>.debug_abbrev</name>
         <load_address>0x6b2</load_address>
         <run_address>0x6b2</run_address>
         <size>0xa6</size>
         <input_file_ref idref="fl-84"/>
      </object_component>
      <object_component id="oc-38">
         <name>.debug_abbrev</name>
         <load_address>0x758</load_address>
         <run_address>0x758</run_address>
         <size>0x8f</size>
         <input_file_ref idref="fl-85"/>
      </object_component>
      <object_component id="oc-3b">
         <name>.debug_abbrev</name>
         <load_address>0x7e7</load_address>
         <run_address>0x7e7</run_address>
         <size>0xe1</size>
         <input_file_ref idref="fl-86"/>
      </object_component>
      <object_component id="oc-3e">
         <name>.debug_abbrev</name>
         <load_address>0x8c8</load_address>
         <run_address>0x8c8</run_address>
         <size>0x13f</size>
         <input_file_ref idref="fl-87"/>
      </object_component>
      <object_component id="oc-41">
         <name>.debug_abbrev</name>
         <load_address>0xa07</load_address>
         <run_address>0xa07</run_address>
         <size>0xdd</size>
         <input_file_ref idref="fl-88"/>
      </object_component>
      <object_component id="oc-44">
         <name>.debug_abbrev</name>
         <load_address>0xae4</load_address>
         <run_address>0xae4</run_address>
         <size>0x10c</size>
         <input_file_ref idref="fl-89"/>
      </object_component>
      <object_component id="oc-47">
         <name>.debug_abbrev</name>
         <load_address>0xbf0</load_address>
         <run_address>0xbf0</run_address>
         <size>0x98</size>
         <input_file_ref idref="fl-8a"/>
      </object_component>
      <object_component id="oc-4a">
         <name>.debug_abbrev</name>
         <load_address>0xc88</load_address>
         <run_address>0xc88</run_address>
         <size>0x3b</size>
         <input_file_ref idref="fl-8b"/>
      </object_component>
      <object_component id="oc-73">
         <name>.debug_abbrev</name>
         <load_address>0xcc3</load_address>
         <run_address>0xcc3</run_address>
         <size>0xd</size>
      </object_component>
      <object_component id="oc-17">
         <name>.vecs</name>
         <load_address>0x0</load_address>
         <run_address>0x0</run_address>
         <size>0x200</size>
         <input_file_ref idref="fl-3"/>
      </object_component>
   </object_component_list>
   <logical_group_list>
      <logical_group id="lg-2">
         <name>.EXT_RAM</name>
         <run_address>0x0</run_address>
         <size>0x0</size>
         <contents>
         </contents>
      </logical_group>
      <logical_group id="lg-3">
         <name>.vectors</name>
         <run_address>0x0</run_address>
         <size>0x0</size>
         <contents>
         </contents>
      </logical_group>
      <logical_group id="lg-4">
         <name>.text</name>
         <load_address>0x220</load_address>
         <run_address>0x220</run_address>
         <size>0x1660</size>
         <contents>
            <object_component_ref idref="oc-4e"/>
            <object_component_ref idref="oc-12"/>
            <object_component_ref idref="oc-52"/>
            <object_component_ref idref="oc-50"/>
            <object_component_ref idref="oc-4b"/>
            <object_component_ref idref="oc-55"/>
            <object_component_ref idref="oc-4d"/>
            <object_component_ref idref="oc-54"/>
            <object_component_ref idref="oc-56"/>
            <object_component_ref idref="oc-53"/>
            <object_component_ref idref="oc-4f"/>
            <object_component_ref idref="oc-59"/>
            <object_component_ref idref="oc-e"/>
            <object_component_ref idref="oc-4c"/>
            <object_component_ref idref="oc-51"/>
            <object_component_ref idref="oc-57"/>
            <object_component_ref idref="oc-16"/>
            <object_component_ref idref="oc-58"/>
         </contents>
      </logical_group>
      <logical_group id="lg-5">
         <name>.bss</name>
         <run_address>0x220</run_address>
         <size>0x0</size>
         <contents>
         </contents>
      </logical_group>
      <logical_group id="lg-6">
         <name>.cinit</name>
         <load_address>0x1c80</load_address>
         <run_address>0x1c80</run_address>
         <size>0xec</size>
         <contents>
            <object_component_ref idref="oc-1c"/>
            <object_component_ref idref="oc-10"/>
            <object_component_ref idref="oc-29"/>
         </contents>
      </logical_group>
      <logical_group id="lg-7">
         <name>.stack</name>
         <run_address>0x1880</run_address>
         <size>0x400</size>
         <contents>
            <object_component_ref idref="oc-25"/>
            <object_component_ref idref="oc-71"/>
         </contents>
      </logical_group>
      <logical_group id="lg-8">
         <name>.sysmem</name>
         <run_address>0x0</run_address>
         <size>0x0</size>
         <contents>
         </contents>
      </logical_group>
      <logical_group id="lg-9">
         <name>.const</name>
         <run_address>0x0</run_address>
         <size>0x0</size>
         <contents>
         </contents>
      </logical_group>
      <logical_group id="lg-a">
         <name>.switch</name>
         <run_address>0x0</run_address>
         <size>0x0</size>
         <contents>
         </contents>
      </logical_group>
      <logical_group id="lg-b">
         <name>.far</name>
         <run_address>0x1d70</run_address>
         <size>0x98</size>
         <contents>
            <object_component_ref idref="oc-11"/>
            <object_component_ref idref="oc-1d"/>
            <object_component_ref idref="oc-2a"/>
         </contents>
      </logical_group>
      <logical_group id="lg-c">
         <name>.cio</name>
         <run_address>0x0</run_address>
         <size>0x0</size>
         <contents>
         </contents>
      </logical_group>
      <logical_group id="lg-d">
         <name>.csldata</name>
         <run_address>0x0</run_address>
         <size>0x0</size>
         <contents>
         </contents>
      </logical_group>
      <logical_group id="lg-66">
         <name>.debug_info</name>
         <load_address>0x0</load_address>
         <run_address>0x0</run_address>
         <size>0x78d6</size>
         <contents>
            <object_component_ref idref="oc-f"/>
            <object_component_ref idref="oc-18"/>
            <object_component_ref idref="oc-1b"/>
            <object_component_ref idref="oc-21"/>
            <object_component_ref idref="oc-24"/>
            <object_component_ref idref="oc-28"/>
            <object_component_ref idref="oc-2d"/>
            <object_component_ref idref="oc-30"/>
            <object_component_ref idref="oc-33"/>
            <object_component_ref idref="oc-36"/>
            <object_component_ref idref="oc-39"/>
            <object_component_ref idref="oc-3c"/>
            <object_component_ref idref="oc-3f"/>
            <object_component_ref idref="oc-42"/>
            <object_component_ref idref="oc-45"/>
            <object_component_ref idref="oc-48"/>
            <object_component_ref idref="oc-72"/>
         </contents>
      </logical_group>
      <logical_group id="lg-68">
         <name>.debug_frame</name>
         <load_address>0x0</load_address>
         <run_address>0x0</run_address>
         <size>0x6cc</size>
         <contents>
            <object_component_ref idref="oc-13"/>
            <object_component_ref idref="oc-1e"/>
         </contents>
      </logical_group>
      <logical_group id="lg-6a">
         <name>.debug_line</name>
         <load_address>0x0</load_address>
         <run_address>0x0</run_address>
         <size>0x60b</size>
         <contents>
            <object_component_ref idref="oc-14"/>
            <object_component_ref idref="oc-19"/>
            <object_component_ref idref="oc-1f"/>
            <object_component_ref idref="oc-22"/>
            <object_component_ref idref="oc-26"/>
            <object_component_ref idref="oc-2b"/>
            <object_component_ref idref="oc-2e"/>
            <object_component_ref idref="oc-31"/>
            <object_component_ref idref="oc-34"/>
            <object_component_ref idref="oc-37"/>
            <object_component_ref idref="oc-3a"/>
            <object_component_ref idref="oc-3d"/>
            <object_component_ref idref="oc-40"/>
            <object_component_ref idref="oc-43"/>
            <object_component_ref idref="oc-46"/>
            <object_component_ref idref="oc-49"/>
         </contents>
      </logical_group>
      <logical_group id="lg-6c">
         <name>.debug_abbrev</name>
         <load_address>0x0</load_address>
         <run_address>0x0</run_address>
         <size>0xcd0</size>
         <contents>
            <object_component_ref idref="oc-15"/>
            <object_component_ref idref="oc-1a"/>
            <object_component_ref idref="oc-20"/>
            <object_component_ref idref="oc-23"/>
            <object_component_ref idref="oc-27"/>
            <object_component_ref idref="oc-2c"/>
            <object_component_ref idref="oc-2f"/>
            <object_component_ref idref="oc-32"/>
            <object_component_ref idref="oc-35"/>
            <object_component_ref idref="oc-38"/>
            <object_component_ref idref="oc-3b"/>
            <object_component_ref idref="oc-3e"/>
            <object_component_ref idref="oc-41"/>
            <object_component_ref idref="oc-44"/>
            <object_component_ref idref="oc-47"/>
            <object_component_ref idref="oc-4a"/>
            <object_component_ref idref="oc-73"/>
         </contents>
      </logical_group>
      <logical_group id="lg-6e">
         <name>.vecs</name>
         <load_address>0x0</load_address>
         <run_address>0x0</run_address>
         <size>0x200</size>
         <contents>
            <object_component_ref idref="oc-17"/>
         </contents>
      </logical_group>
   </logical_group_list>
   <placement_map>
      <memory_area>
         <name>IVECS</name>
         <page_id>0x0</page_id>
         <origin>0x0</origin>
         <length>0x220</length>
         <used_space>0x200</used_space>
         <unused_space>0x20</unused_space>
         <attributes>RWIX</attributes>
         <usage_details>
            <allocated_space>
               <start_address>0x0</start_address>
               <size>0x200</size>
               <logical_group_ref idref="lg-6e"/>
            </allocated_space>
            <available_space>
               <start_address>0x200</start_address>
               <size>0x20</size>
            </available_space>
         </usage_details>
      </memory_area>
      <memory_area>
         <name>IRAM</name>
         <page_id>0x0</page_id>
         <origin>0x220</origin>
         <length>0x2fde0</length>
         <used_space>0x1be4</used_space>
         <unused_space>0x2e1fc</unused_space>
         <attributes>RWIX</attributes>
         <usage_details>
            <allocated_space>
               <start_address>0x220</start_address>
               <size>0x0</size>
               <logical_group_ref idref="lg-5"/>
            </allocated_space>
            <allocated_space>
               <start_address>0x220</start_address>
               <size>0x1660</size>
               <logical_group_ref idref="lg-4"/>
            </allocated_space>
            <allocated_space>
               <start_address>0x1880</start_address>
               <size>0x400</size>
               <logical_group_ref idref="lg-7"/>
            </allocated_space>
            <allocated_space>
               <start_address>0x1c80</start_address>
               <size>0xec</size>
               <logical_group_ref idref="lg-6"/>
            </allocated_space>
            <available_space>
               <start_address>0x1d6c</start_address>
               <size>0x4</size>
            </available_space>
            <allocated_space>
               <start_address>0x1d70</start_address>
               <size>0x98</size>
               <logical_group_ref idref="lg-b"/>
            </allocated_space>
            <available_space>
               <start_address>0x1e08</start_address>
               <size>0x2e1f8</size>
            </available_space>
         </usage_details>
      </memory_area>
      <memory_area>
         <name>SDRAM</name>
         <page_id>0x0</page_id>
         <origin>0x80000000</origin>
         <length>0x100000</length>
         <used_space>0x0</used_space>
         <unused_space>0x100000</unused_space>
         <attributes>RWIX</attributes>
         <usage_details>
         </usage_details>
      </memory_area>
      <memory_area>
         <name>FLASH</name>
         <page_id>0x0</page_id>
         <origin>0x90000000</origin>
         <length>0x20000</length>
         <used_space>0x0</used_space>
         <unused_space>0x20000</unused_space>
         <attributes>RWIX</attributes>
         <usage_details>
         </usage_details>
      </memory_area>
   </placement_map>
   <symbol_table>
      <symbol id="sm-0">
         <name>cinit</name>
         <value>0x1c80</value>
      </symbol>
      <symbol id="sm-1">
         <name>___cinit__</name>
         <value>0x1c80</value>
      </symbol>
      <symbol id="sm-2">
         <name>pinit</name>
         <value>0xffffffff</value>
      </symbol>
      <symbol id="sm-3">
         <name>___pinit__</name>
         <value>0xffffffff</value>
      </symbol>
      <symbol id="sm-4">
         <name>binit</name>
         <value>0xffffffff</value>
      </symbol>
      <symbol id="sm-5">
         <name>___binit__</name>
         <value>0xffffffff</value>
      </symbol>
      <symbol id="sm-6">
         <name>__STACK_SIZE</name>
         <value>0x400</value>
      </symbol>
      <symbol id="sm-7">
         <name>__STACK_END</name>
         <value>0x1c80</value>
      </symbol>
      <symbol id="sm-8">
         <name>___c_args__</name>
         <value>0xffffffff</value>
      </symbol>
      <symbol id="sm-9">
         <name>.text</name>
         <value>0x220</value>
      </symbol>
      <symbol id="sm-a">
         <name>___text__</name>
         <value>0x220</value>
      </symbol>
      <symbol id="sm-b">
         <name>etext</name>
         <value>0x1880</value>
      </symbol>
      <symbol id="sm-c">
         <name>___etext__</name>
         <value>0x1880</value>
      </symbol>
      <symbol id="sm-d">
         <name>.bss</name>
         <value>0x220</value>
      </symbol>
      <symbol id="sm-e">
         <name>___bss__</name>
         <value>0x220</value>
      </symbol>
      <symbol id="sm-f">
         <name>end</name>
         <value>0x220</value>
      </symbol>
      <symbol id="sm-10">
         <name>___end__</name>
         <value>0x220</value>
      </symbol>
      <symbol id="sm-11">
         <name>___TI_pprof_out_hndl</name>
         <value>0xffffffff</value>
      </symbol>
      <symbol id="sm-12">
         <name>___TI_prof_data_start</name>
         <value>0xffffffff</value>
      </symbol>
      <symbol id="sm-13">
         <name>___TI_prof_data_size</name>
         <value>0xffffffff</value>
      </symbol>
      <symbol id="sm-14">
         <name>$bss</name>
         <value>0x220</value>
      </symbol>
      <symbol id="sm-5b">
         <name>_main</name>
         <value>0x1820</value>
         <object_component_ref idref="oc-57"/>
      </symbol>
      <symbol id="sm-5c">
         <name>_gain</name>
         <value>0x1df8</value>
         <object_component_ref idref="oc-11"/>
      </symbol>
      <symbol id="sm-5d">
         <name>_c_int11</name>
         <value>0x860</value>
         <object_component_ref idref="oc-12"/>
      </symbol>
      <symbol id="sm-5e">
         <name>_fs</name>
         <value>0x1dd0</value>
         <object_component_ref idref="oc-11"/>
      </symbol>
      <symbol id="sm-5f">
         <name>_w</name>
         <value>0x1df0</value>
         <object_component_ref idref="oc-11"/>
      </symbol>
      <symbol id="sm-60">
         <name>_b</name>
         <value>0x1dd8</value>
         <object_component_ref idref="oc-11"/>
      </symbol>
      <symbol id="sm-61">
         <name>_a</name>
         <value>0x1de8</value>
         <object_component_ref idref="oc-11"/>
      </symbol>
      <symbol id="sm-6e">
         <name>_vector10</name>
         <value>0x140</value>
         <object_component_ref idref="oc-17"/>
      </symbol>
      <symbol id="sm-6f">
         <name>_vector12</name>
         <value>0x180</value>
         <object_component_ref idref="oc-17"/>
      </symbol>
      <symbol id="sm-70">
         <name>_vector13</name>
         <value>0x1a0</value>
         <object_component_ref idref="oc-17"/>
      </symbol>
      <symbol id="sm-71">
         <name>_vector14</name>
         <value>0x1c0</value>
         <object_component_ref idref="oc-17"/>
      </symbol>
      <symbol id="sm-72">
         <name>_vector15</name>
         <value>0x1e0</value>
         <object_component_ref idref="oc-17"/>
      </symbol>
      <symbol id="sm-73">
         <name>_vectors</name>
         <value>0x0</value>
         <object_component_ref idref="oc-17"/>
      </symbol>
      <symbol id="sm-74">
         <name>_vector1</name>
         <value>0x20</value>
         <object_component_ref idref="oc-17"/>
      </symbol>
      <symbol id="sm-75">
         <name>_vector3</name>
         <value>0x60</value>
         <object_component_ref idref="oc-17"/>
      </symbol>
      <symbol id="sm-76">
         <name>_vector2</name>
         <value>0x40</value>
         <object_component_ref idref="oc-17"/>
      </symbol>
      <symbol id="sm-77">
         <name>_vector5</name>
         <value>0xa0</value>
         <object_component_ref idref="oc-17"/>
      </symbol>
      <symbol id="sm-78">
         <name>_vector4</name>
         <value>0x80</value>
         <object_component_ref idref="oc-17"/>
      </symbol>
      <symbol id="sm-79">
         <name>_vector7</name>
         <value>0xe0</value>
         <object_component_ref idref="oc-17"/>
      </symbol>
      <symbol id="sm-7a">
         <name>_vector6</name>
         <value>0xc0</value>
         <object_component_ref idref="oc-17"/>
      </symbol>
      <symbol id="sm-7b">
         <name>_vector9</name>
         <value>0x120</value>
         <object_component_ref idref="oc-17"/>
      </symbol>
      <symbol id="sm-7c">
         <name>_vector8</name>
         <value>0x100</value>
         <object_component_ref idref="oc-17"/>
      </symbol>
      <symbol id="sm-c5">
         <name>_comm_poll</name>
         <value>0x2c4</value>
         <object_component_ref idref="oc-4e"/>
      </symbol>
      <symbol id="sm-c6">
         <name>_output_left_sample</name>
         <value>0x4c4</value>
         <object_component_ref idref="oc-4e"/>
      </symbol>
      <symbol id="sm-c7">
         <name>_comm_intr</name>
         <value>0x2ec</value>
         <object_component_ref idref="oc-4e"/>
      </symbol>
      <symbol id="sm-c8">
         <name>_input_left_sample</name>
         <value>0x708</value>
         <object_component_ref idref="oc-4e"/>
      </symbol>
      <symbol id="sm-c9">
         <name>_output_sample</name>
         <value>0x3d8</value>
         <object_component_ref idref="oc-4e"/>
      </symbol>
      <symbol id="sm-ca">
         <name>_c6416_dsk_init</name>
         <value>0x220</value>
         <object_component_ref idref="oc-4e"/>
      </symbol>
      <symbol id="sm-cb">
         <name>_config</name>
         <value>0x1db4</value>
         <object_component_ref idref="oc-1d"/>
      </symbol>
      <symbol id="sm-cc">
         <name>_input_right_sample</name>
         <value>0x7a8</value>
         <object_component_ref idref="oc-4e"/>
      </symbol>
      <symbol id="sm-cd">
         <name>_AIC_data</name>
         <value>0x1d70</value>
         <object_component_ref idref="oc-1d"/>
      </symbol>
      <symbol id="sm-ce">
         <name>_hAIC23_handle</name>
         <value>0x1dc8</value>
         <object_component_ref idref="oc-1d"/>
      </symbol>
      <symbol id="sm-cf">
         <name>_AIC23CfgData</name>
         <value>0x1d7c</value>
         <object_component_ref idref="oc-1d"/>
      </symbol>
      <symbol id="sm-d0">
         <name>_input_sample</name>
         <value>0x630</value>
         <object_component_ref idref="oc-4e"/>
      </symbol>
      <symbol id="sm-d1">
         <name>_output_right_sample</name>
         <value>0x57c</value>
         <object_component_ref idref="oc-4e"/>
      </symbol>
      <symbol id="sm-d2">
         <name>_DSK6416_init</name>
         <value>0x0</value>
      </symbol>
      <symbol id="sm-d3">
         <name>_MCBSP_read</name>
         <value>0x0</value>
      </symbol>
      <symbol id="sm-d4">
         <name>_MCBSP_xrdy</name>
         <value>0x0</value>
      </symbol>
      <symbol id="sm-d5">
         <name>_MCBSP_start</name>
         <value>0x0</value>
      </symbol>
      <symbol id="sm-d6">
         <name>_IRQ_nmiEnable</name>
         <value>0x0</value>
      </symbol>
      <symbol id="sm-d7">
         <name>_MCBSP_getXmtEventId</name>
         <value>0x0</value>
      </symbol>
      <symbol id="sm-d8">
         <name>_MCBSP_write</name>
         <value>0x0</value>
      </symbol>
      <symbol id="sm-d9">
         <name>_MCBSP_rrdy</name>
         <value>0x0</value>
      </symbol>
      <symbol id="sm-da">
         <name>_MCBSP_config</name>
         <value>0x0</value>
      </symbol>
      <symbol id="sm-db">
         <name>_IRQ_map</name>
         <value>0x0</value>
      </symbol>
      <symbol id="sm-dc">
         <name>_IRQ_globalDisable</name>
         <value>0x0</value>
      </symbol>
      <symbol id="sm-dd">
         <name>_IRQ_globalEnable</name>
         <value>0x0</value>
      </symbol>
      <symbol id="sm-de">
         <name>_DSK6416_AIC23_openCodec</name>
         <value>0x0</value>
      </symbol>
      <symbol id="sm-df">
         <name>_IRQ_enable</name>
         <value>0x0</value>
      </symbol>
      <symbol id="sm-e0">
         <name>_IRQ_reset</name>
         <value>0x0</value>
      </symbol>
      <symbol id="sm-e1">
         <name>_DSK6416_AIC23_setFreq</name>
         <value>0x0</value>
      </symbol>
      <symbol id="sm-e2">
         <name>_DSK6416_AIC23_codecdatahandle</name>
         <value>0x0</value>
      </symbol>
      <symbol id="sm-ec">
         <name>__addf</name>
         <value>0xcc0</value>
         <object_component_ref idref="oc-52"/>
      </symbol>
      <symbol id="sm-f8">
         <name>_c_int00</name>
         <value>0x1740</value>
         <object_component_ref idref="oc-e"/>
      </symbol>
      <symbol id="sm-f9">
         <name>__stack</name>
         <value>0x1880</value>
         <object_component_ref idref="oc-25"/>
      </symbol>
      <symbol id="sm-109">
         <name>C$$EXIT</name>
         <value>0x1860</value>
         <object_component_ref idref="oc-58"/>
      </symbol>
      <symbol id="sm-10a">
         <name>_exit</name>
         <value>0x1420</value>
         <object_component_ref idref="oc-4d"/>
      </symbol>
      <symbol id="sm-10b">
         <name>___TI_enable_exit_profile_output</name>
         <value>0x1e04</value>
         <object_component_ref idref="oc-2a"/>
      </symbol>
      <symbol id="sm-10c">
         <name>_abort</name>
         <value>0x1860</value>
         <object_component_ref idref="oc-58"/>
      </symbol>
      <symbol id="sm-10d">
         <name>__cleanup_ptr</name>
         <value>0x1dfc</value>
         <object_component_ref idref="oc-2a"/>
      </symbol>
      <symbol id="sm-10e">
         <name>__dtors_ptr</name>
         <value>0x1e00</value>
         <object_component_ref idref="oc-2a"/>
      </symbol>
      <symbol id="sm-118">
         <name>__fixfi</name>
         <value>0x1600</value>
         <object_component_ref idref="oc-53"/>
      </symbol>
      <symbol id="sm-122">
         <name>__fltif</name>
         <value>0x1680</value>
         <object_component_ref idref="oc-4f"/>
      </symbol>
      <symbol id="sm-12c">
         <name>__mpyf</name>
         <value>0x1040</value>
         <object_component_ref idref="oc-50"/>
      </symbol>
      <symbol id="sm-136">
         <name>__subf</name>
         <value>0x17e0</value>
         <object_component_ref idref="oc-51"/>
      </symbol>
      <symbol id="sm-140">
         <name>__args_main</name>
         <value>0x17a0</value>
         <object_component_ref idref="oc-4c"/>
      </symbol>
      <symbol id="sm-141">
         <name>__TI_args_main</name>
         <value>0x1</value>
      </symbol>
      <symbol id="sm-14b">
         <name>__auto_init</name>
         <value>0x1260</value>
         <object_component_ref idref="oc-4b"/>
      </symbol>
      <symbol id="sm-155">
         <name>___TI_cpp_init</name>
         <value>0x1580</value>
         <object_component_ref idref="oc-56"/>
      </symbol>
      <symbol id="sm-15f">
         <name>_copy_in</name>
         <value>0x14e0</value>
         <object_component_ref idref="oc-54"/>
      </symbol>
      <symbol id="sm-169">
         <name>__frcmpyf</name>
         <value>0x16e0</value>
         <object_component_ref idref="oc-59"/>
      </symbol>
      <symbol id="sm-171">
         <name>_memcpy</name>
         <value>0x1340</value>
         <object_component_ref idref="oc-55"/>
      </symbol>
   </symbol_table>
</link_info>
