<?xml version="1.0"?>
<link_info>
   <banner>TMS320C6x Linker PC v7.4.20</banner>
   <copyright>Copyright (c) 1996-2015 Texas Instruments Incorporated</copyright>
   <link_time>0x67f4f1ef</link_time>
   <output_file>vd93.out</output_file>
   <entry_point>
      <name>_c_int00</name>
      <address>0x20c0</address>
   </entry_point>
   <input_file_list>
      <input_file id="fl-2">
         <path>.\</path>
         <kind>object</kind>
         <file>c6416dskinit.obj</file>
         <name>c6416dskinit.obj</name>
      </input_file>
      <input_file id="fl-3">
         <path>.\</path>
         <kind>object</kind>
         <file>vd93.obj</file>
         <name>vd93.obj</name>
      </input_file>
      <input_file id="fl-80">
         <path>C:\ti\ccsv7\2_c6000_7.4.20\c6000_7.4.20\lib\</path>
         <kind>archive</kind>
         <file>rts6400.lib</file>
         <name>boot.obj</name>
      </input_file>
      <input_file id="fl-81">
         <path>C:\ti\ccsv7\2_c6000_7.4.20\c6000_7.4.20\lib\</path>
         <kind>archive</kind>
         <file>rts6400.lib</file>
         <name>exit.obj</name>
      </input_file>
      <input_file id="fl-82">
         <path>C:\ti\ccsv7\2_c6000_7.4.20\c6000_7.4.20\lib\</path>
         <kind>archive</kind>
         <file>rts6400.lib</file>
         <name>args_main.obj</name>
      </input_file>
      <input_file id="fl-83">
         <path>C:\ti\ccsv7\2_c6000_7.4.20\c6000_7.4.20\lib\</path>
         <kind>archive</kind>
         <file>rts6400.lib</file>
         <name>autoinit.obj</name>
      </input_file>
      <input_file id="fl-84">
         <path>C:\ti\ccsv7\2_c6000_7.4.20\c6000_7.4.20\lib\</path>
         <kind>archive</kind>
         <file>rts6400.lib</file>
         <name>cpp_init.obj</name>
      </input_file>
      <input_file id="fl-85">
         <path>C:\ti\ccsv7\2_c6000_7.4.20\c6000_7.4.20\lib\</path>
         <kind>archive</kind>
         <file>rts6400.lib</file>
         <name>cpy_tbl.obj</name>
      </input_file>
      <input_file id="fl-86">
         <path>C:\ti\ccsv7\2_c6000_7.4.20\c6000_7.4.20\lib\</path>
         <kind>archive</kind>
         <file>rts6400.lib</file>
         <name>memcpy64.obj</name>
      </input_file>
      <input_file id="fl-87">
         <path>C:\ti\2_ThuvienDSP\2_ThuvienDSP\lib\</path>
         <kind>archive</kind>
         <file>csl6416.lib</file>
         <name>csl_irq.obj</name>
      </input_file>
      <input_file id="fl-88">
         <path>C:\ti\2_ThuvienDSP\2_ThuvienDSP\lib\</path>
         <kind>archive</kind>
         <file>csl6416.lib</file>
         <name>csl_mcbsp.obj</name>
      </input_file>
      <input_file id="fl-89">
         <path>C:\ti\2_ThuvienDSP\lib\</path>
         <kind>archive</kind>
         <file>dsk6416bsl.lib</file>
         <name>dsk6416.obj</name>
      </input_file>
      <input_file id="fl-8a">
         <path>C:\ti\2_ThuvienDSP\lib\</path>
         <kind>archive</kind>
         <file>dsk6416bsl.lib</file>
         <name>dsk6416_aic23_opencodec.obj</name>
      </input_file>
      <input_file id="fl-8b">
         <path>C:\ti\2_ThuvienDSP\lib\</path>
         <kind>archive</kind>
         <file>dsk6416bsl.lib</file>
         <name>dsk6416_aic23_registers.obj</name>
      </input_file>
      <input_file id="fl-8c">
         <path>C:\ti\2_ThuvienDSP\lib\</path>
         <kind>archive</kind>
         <file>dsk6416bsl.lib</file>
         <name>dsk6416_aic23_setfreq.obj</name>
      </input_file>
      <input_file id="fl-8d">
         <path>C:\ti\ccsv7\2_c6000_7.4.20\c6000_7.4.20\lib\</path>
         <kind>archive</kind>
         <file>rts6400.lib</file>
         <name>strasg.obj</name>
      </input_file>
      <input_file id="fl-8e">
         <path>C:\ti\2_ThuvienDSP\2_ThuvienDSP\lib\</path>
         <kind>archive</kind>
         <file>csl6416.lib</file>
         <name>csl_emifa.obj</name>
      </input_file>
      <input_file id="fl-8f">
         <path>C:\ti\2_ThuvienDSP\2_ThuvienDSP\lib\</path>
         <kind>archive</kind>
         <file>csl6416.lib</file>
         <name>csl_emifb.obj</name>
      </input_file>
   </input_file_list>
   <object_component_list>
      <object_component id="oc-67">
         <name>.text</name>
         <load_address>0x220</load_address>
         <run_address>0x220</run_address>
         <size>0x640</size>
         <input_file_ref idref="fl-2"/>
      </object_component>
      <object_component id="oc-3f">
         <name>.text</name>
         <load_address>0x860</load_address>
         <run_address>0x860</run_address>
         <size>0x3c0</size>
         <input_file_ref idref="fl-89"/>
      </object_component>
      <object_component id="oc-18">
         <name>.text:retain</name>
         <load_address>0xc20</load_address>
         <run_address>0xc20</run_address>
         <size>0x2c0</size>
         <input_file_ref idref="fl-3"/>
      </object_component>
      <object_component id="oc-46">
         <name>.text</name>
         <load_address>0xee0</load_address>
         <run_address>0xee0</run_address>
         <size>0x220</size>
         <input_file_ref idref="fl-8a"/>
      </object_component>
      <object_component id="oc-4d">
         <name>.text</name>
         <load_address>0x1100</load_address>
         <run_address>0x1100</run_address>
         <size>0x220</size>
         <input_file_ref idref="fl-8b"/>
      </object_component>
      <object_component id="oc-79">
         <name>.text:_IRQ_map</name>
         <load_address>0x1320</load_address>
         <run_address>0x1320</run_address>
         <size>0x1e0</size>
         <input_file_ref idref="fl-87"/>
      </object_component>
      <object_component id="oc-7e">
         <name>.text:_MCBSP_reset</name>
         <load_address>0x1500</load_address>
         <run_address>0x1500</run_address>
         <size>0x1e0</size>
         <input_file_ref idref="fl-88"/>
      </object_component>
      <object_component id="oc-54">
         <name>.text</name>
         <load_address>0x16e0</load_address>
         <run_address>0x16e0</run_address>
         <size>0x100</size>
         <input_file_ref idref="fl-8c"/>
      </object_component>
      <object_component id="oc-6b">
         <name>.text:_MCBSP_open</name>
         <load_address>0x17e0</load_address>
         <run_address>0x17e0</run_address>
         <size>0xe0</size>
         <input_file_ref idref="fl-88"/>
      </object_component>
      <object_component id="oc-6d">
         <name>.text:_MCBSP_start</name>
         <load_address>0x18c0</load_address>
         <run_address>0x18c0</run_address>
         <size>0xe0</size>
         <input_file_ref idref="fl-88"/>
      </object_component>
      <object_component id="oc-64">
         <name>.text:__auto_init</name>
         <load_address>0x19a0</load_address>
         <run_address>0x19a0</run_address>
         <size>0xe0</size>
         <input_file_ref idref="fl-83"/>
      </object_component>
      <object_component id="oc-73">
         <name>.text:_memcpy</name>
         <load_address>0x1a80</load_address>
         <run_address>0x1a80</run_address>
         <size>0xe0</size>
         <input_file_ref idref="fl-86"/>
      </object_component>
      <object_component id="oc-6c">
         <name>.text:_MCBSP_config</name>
         <load_address>0x1b60</load_address>
         <run_address>0x1b60</run_address>
         <size>0xc0</size>
         <input_file_ref idref="fl-88"/>
      </object_component>
      <object_component id="oc-68">
         <name>.text:__strasg</name>
         <load_address>0x1c20</load_address>
         <run_address>0x1c20</run_address>
         <size>0xc0</size>
         <input_file_ref idref="fl-8d"/>
      </object_component>
      <object_component id="oc-66">
         <name>.text:_exit</name>
         <load_address>0x1ce0</load_address>
         <run_address>0x1ce0</run_address>
         <size>0xc0</size>
         <input_file_ref idref="fl-81"/>
      </object_component>
      <object_component id="oc-7f">
         <name>.text:_setMux</name>
         <load_address>0x1da0</load_address>
         <run_address>0x1da0</run_address>
         <size>0xc0</size>
         <input_file_ref idref="fl-87"/>
      </object_component>
      <object_component id="oc-6a">
         <name>.text:_EMIFA_config</name>
         <load_address>0x1e60</load_address>
         <run_address>0x1e60</run_address>
         <size>0xa0</size>
         <input_file_ref idref="fl-8e"/>
      </object_component>
      <object_component id="oc-69">
         <name>.text:_EMIFB_config</name>
         <load_address>0x1f00</load_address>
         <run_address>0x1f00</run_address>
         <size>0xa0</size>
         <input_file_ref idref="fl-8f"/>
      </object_component>
      <object_component id="oc-72">
         <name>.text:_copy_in</name>
         <load_address>0x1fa0</load_address>
         <run_address>0x1fa0</run_address>
         <size>0xa0</size>
         <input_file_ref idref="fl-85"/>
      </object_component>
      <object_component id="oc-74">
         <name>.text:___TI_cpp_init</name>
         <load_address>0x2040</load_address>
         <run_address>0x2040</run_address>
         <size>0x80</size>
         <input_file_ref idref="fl-84"/>
      </object_component>
      <object_component id="oc-e">
         <name>.text:_c_int00</name>
         <load_address>0x20c0</load_address>
         <run_address>0x20c0</run_address>
         <size>0x60</size>
         <input_file_ref idref="fl-80"/>
      </object_component>
      <object_component id="oc-7a">
         <name>.text:_IRQ_reset</name>
         <load_address>0x2120</load_address>
         <run_address>0x2120</run_address>
         <size>0x40</size>
         <input_file_ref idref="fl-87"/>
      </object_component>
      <object_component id="oc-65">
         <name>.text:__args_main</name>
         <load_address>0x2160</load_address>
         <run_address>0x2160</run_address>
         <size>0x40</size>
         <input_file_ref idref="fl-82"/>
      </object_component>
      <object_component id="oc-7d">
         <name>.text:_IRQ_enable</name>
         <load_address>0x21a0</load_address>
         <run_address>0x21a0</run_address>
         <size>0x20</size>
         <input_file_ref idref="fl-87"/>
      </object_component>
      <object_component id="oc-77">
         <name>.text:_IRQ_globalDisable</name>
         <load_address>0x21c0</load_address>
         <run_address>0x21c0</run_address>
         <size>0x20</size>
         <input_file_ref idref="fl-87"/>
      </object_component>
      <object_component id="oc-7b">
         <name>.text:_IRQ_globalEnable</name>
         <load_address>0x21e0</load_address>
         <run_address>0x21e0</run_address>
         <size>0x20</size>
         <input_file_ref idref="fl-87"/>
      </object_component>
      <object_component id="oc-7c">
         <name>.text:_IRQ_nmiEnable</name>
         <load_address>0x2200</load_address>
         <run_address>0x2200</run_address>
         <size>0x20</size>
         <input_file_ref idref="fl-87"/>
      </object_component>
      <object_component id="oc-78">
         <name>.text:_MCBSP_getXmtEventId</name>
         <load_address>0x2220</load_address>
         <run_address>0x2220</run_address>
         <size>0x20</size>
         <input_file_ref idref="fl-88"/>
      </object_component>
      <object_component id="oc-6f">
         <name>.text:_MCBSP_read</name>
         <load_address>0x2240</load_address>
         <run_address>0x2240</run_address>
         <size>0x20</size>
         <input_file_ref idref="fl-88"/>
      </object_component>
      <object_component id="oc-6e">
         <name>.text:_MCBSP_rrdy</name>
         <load_address>0x2260</load_address>
         <run_address>0x2260</run_address>
         <size>0x20</size>
         <input_file_ref idref="fl-88"/>
      </object_component>
      <object_component id="oc-71">
         <name>.text:_MCBSP_write</name>
         <load_address>0x2280</load_address>
         <run_address>0x2280</run_address>
         <size>0x20</size>
         <input_file_ref idref="fl-88"/>
      </object_component>
      <object_component id="oc-70">
         <name>.text:_MCBSP_xrdy</name>
         <load_address>0x22a0</load_address>
         <run_address>0x22a0</run_address>
         <size>0x20</size>
         <input_file_ref idref="fl-88"/>
      </object_component>
      <object_component id="oc-76">
         <name>.text:_abort</name>
         <load_address>0x22c0</load_address>
         <run_address>0x22c0</run_address>
         <size>0x20</size>
         <input_file_ref idref="fl-81"/>
      </object_component>
      <object_component id="oc-34">
         <name>.text</name>
         <load_address>0x22e0</load_address>
         <run_address>0x22e0</run_address>
         <size>0x20</size>
         <input_file_ref idref="fl-87"/>
      </object_component>
      <object_component id="oc-75">
         <name>.text</name>
         <load_address>0x2300</load_address>
         <run_address>0x2300</run_address>
         <size>0x20</size>
         <input_file_ref idref="fl-3"/>
      </object_component>
      <object_component id="oc-35">
         <name>.cinit</name>
         <load_address>0x2720</load_address>
         <run_address>0x2720</run_address>
         <size>0x12c</size>
         <input_file_ref idref="fl-87"/>
      </object_component>
      <object_component id="oc-3a">
         <name>.cinit</name>
         <load_address>0x2850</load_address>
         <run_address>0x2850</run_address>
         <size>0x7c</size>
         <input_file_ref idref="fl-88"/>
      </object_component>
      <object_component id="oc-10">
         <name>.cinit</name>
         <load_address>0x28d0</load_address>
         <run_address>0x28d0</run_address>
         <size>0x5c</size>
         <input_file_ref idref="fl-2"/>
      </object_component>
      <object_component id="oc-21">
         <name>.cinit</name>
         <load_address>0x2930</load_address>
         <run_address>0x2930</run_address>
         <size>0x2c</size>
         <input_file_ref idref="fl-81"/>
      </object_component>
      <object_component id="oc-55">
         <name>.cinit</name>
         <load_address>0x2960</load_address>
         <run_address>0x2960</run_address>
         <size>0x28</size>
         <input_file_ref idref="fl-8c"/>
      </object_component>
      <object_component id="oc-4e">
         <name>.cinit</name>
         <load_address>0x2988</load_address>
         <run_address>0x2988</run_address>
         <size>0x1c</size>
         <input_file_ref idref="fl-8b"/>
      </object_component>
      <object_component id="oc-16">
         <name>.cinit</name>
         <load_address>0x29a8</load_address>
         <run_address>0x29a8</run_address>
         <size>0x1c</size>
         <input_file_ref idref="fl-3"/>
      </object_component>
      <object_component id="oc-1d">
         <name>.stack</name>
         <uninitialized>true</uninitialized>
         <run_address>0x2320</run_address>
         <size>0x8</size>
         <input_file_ref idref="fl-80"/>
      </object_component>
      <object_component id="oc-95">
         <name>.stack</name>
         <uninitialized>true</uninitialized>
         <run_address>0x2320</run_address>
         <size>0x0</size>
      </object_component>
      <object_component id="oc-41">
         <name>.const</name>
         <load_address>0x2bd8</load_address>
         <run_address>0x2bd8</run_address>
         <size>0xc0</size>
         <input_file_ref idref="fl-89"/>
      </object_component>
      <object_component id="oc-48">
         <name>.const</name>
         <load_address>0x2c98</load_address>
         <run_address>0x2c98</run_address>
         <size>0x70</size>
         <input_file_ref idref="fl-8a"/>
      </object_component>
      <object_component id="oc-11">
         <name>.far</name>
         <uninitialized>true</uninitialized>
         <run_address>0x2ad0</run_address>
         <size>0x5a</size>
         <input_file_ref idref="fl-2"/>
      </object_component>
      <object_component id="oc-17">
         <name>.far</name>
         <uninitialized>true</uninitialized>
         <run_address>0x2bd0</run_address>
         <size>0x8</size>
         <input_file_ref idref="fl-3"/>
      </object_component>
      <object_component id="oc-22">
         <name>.far</name>
         <uninitialized>true</uninitialized>
         <run_address>0x2bbc</run_address>
         <size>0xc</size>
         <input_file_ref idref="fl-81"/>
      </object_component>
      <object_component id="oc-36">
         <name>.far</name>
         <uninitialized>true</uninitialized>
         <run_address>0x29d0</run_address>
         <size>0x100</size>
         <input_file_ref idref="fl-87"/>
      </object_component>
      <object_component id="oc-3b">
         <name>.far</name>
         <uninitialized>true</uninitialized>
         <run_address>0x2b30</run_address>
         <size>0x54</size>
         <input_file_ref idref="fl-88"/>
      </object_component>
      <object_component id="oc-40">
         <name>.far</name>
         <uninitialized>true</uninitialized>
         <run_address>0x2b2a</run_address>
         <size>0x4</size>
         <input_file_ref idref="fl-89"/>
      </object_component>
      <object_component id="oc-47">
         <name>.far</name>
         <uninitialized>true</uninitialized>
         <run_address>0x2bc8</run_address>
         <size>0x8</size>
         <input_file_ref idref="fl-8a"/>
      </object_component>
      <object_component id="oc-4f">
         <name>.far</name>
         <uninitialized>true</uninitialized>
         <run_address>0x2ba8</run_address>
         <size>0x14</size>
         <input_file_ref idref="fl-8b"/>
      </object_component>
      <object_component id="oc-56">
         <name>.far</name>
         <uninitialized>true</uninitialized>
         <run_address>0x2b88</run_address>
         <size>0x20</size>
         <input_file_ref idref="fl-8c"/>
      </object_component>
      <object_component id="oc-f">
         <name>.debug_info</name>
         <load_address>0x0</load_address>
         <run_address>0x0</run_address>
         <size>0x1561</size>
         <input_file_ref idref="fl-2"/>
      </object_component>
      <object_component id="oc-15">
         <name>.debug_info</name>
         <load_address>0x1561</load_address>
         <run_address>0x1561</run_address>
         <size>0x781</size>
         <input_file_ref idref="fl-3"/>
      </object_component>
      <object_component id="oc-1c">
         <name>.debug_info</name>
         <load_address>0x1ce2</load_address>
         <run_address>0x1ce2</run_address>
         <size>0x73c</size>
         <input_file_ref idref="fl-80"/>
      </object_component>
      <object_component id="oc-20">
         <name>.debug_info</name>
         <load_address>0x241e</load_address>
         <run_address>0x241e</run_address>
         <size>0x86a</size>
         <input_file_ref idref="fl-81"/>
      </object_component>
      <object_component id="oc-25">
         <name>.debug_info</name>
         <load_address>0x2c88</load_address>
         <run_address>0x2c88</run_address>
         <size>0x712</size>
         <input_file_ref idref="fl-82"/>
      </object_component>
      <object_component id="oc-28">
         <name>.debug_info</name>
         <load_address>0x339a</load_address>
         <run_address>0x339a</run_address>
         <size>0x8e9</size>
         <input_file_ref idref="fl-83"/>
      </object_component>
      <object_component id="oc-2b">
         <name>.debug_info</name>
         <load_address>0x3c83</load_address>
         <run_address>0x3c83</run_address>
         <size>0x761</size>
         <input_file_ref idref="fl-84"/>
      </object_component>
      <object_component id="oc-2e">
         <name>.debug_info</name>
         <load_address>0x43e4</load_address>
         <run_address>0x43e4</run_address>
         <size>0x857</size>
         <input_file_ref idref="fl-85"/>
      </object_component>
      <object_component id="oc-31">
         <name>.debug_info</name>
         <load_address>0x4c3b</load_address>
         <run_address>0x4c3b</run_address>
         <size>0x110</size>
         <input_file_ref idref="fl-86"/>
      </object_component>
      <object_component id="oc-38">
         <name>.debug_info</name>
         <load_address>0x4d4b</load_address>
         <run_address>0x4d4b</run_address>
         <size>0xcc6</size>
         <input_file_ref idref="fl-87"/>
      </object_component>
      <object_component id="oc-3d">
         <name>.debug_info</name>
         <load_address>0x5a11</load_address>
         <run_address>0x5a11</run_address>
         <size>0xfac</size>
         <input_file_ref idref="fl-88"/>
      </object_component>
      <object_component id="oc-43">
         <name>.debug_info</name>
         <load_address>0x69bd</load_address>
         <run_address>0x69bd</run_address>
         <size>0xd57</size>
         <input_file_ref idref="fl-89"/>
      </object_component>
      <object_component id="oc-4a">
         <name>.debug_info</name>
         <load_address>0x7714</load_address>
         <run_address>0x7714</run_address>
         <size>0xbbd</size>
         <input_file_ref idref="fl-8a"/>
      </object_component>
      <object_component id="oc-51">
         <name>.debug_info</name>
         <load_address>0x82d1</load_address>
         <run_address>0x82d1</run_address>
         <size>0xba3</size>
         <input_file_ref idref="fl-8b"/>
      </object_component>
      <object_component id="oc-58">
         <name>.debug_info</name>
         <load_address>0x8e74</load_address>
         <run_address>0x8e74</run_address>
         <size>0x78a</size>
         <input_file_ref idref="fl-8c"/>
      </object_component>
      <object_component id="oc-5b">
         <name>.debug_info</name>
         <load_address>0x95fe</load_address>
         <run_address>0x95fe</run_address>
         <size>0x107</size>
         <input_file_ref idref="fl-8d"/>
      </object_component>
      <object_component id="oc-5f">
         <name>.debug_info</name>
         <load_address>0x9705</load_address>
         <run_address>0x9705</run_address>
         <size>0x730</size>
         <input_file_ref idref="fl-8e"/>
      </object_component>
      <object_component id="oc-62">
         <name>.debug_info</name>
         <load_address>0x9e35</load_address>
         <run_address>0x9e35</run_address>
         <size>0x730</size>
         <input_file_ref idref="fl-8f"/>
      </object_component>
      <object_component id="oc-96">
         <name>.debug_info</name>
         <load_address>0xa565</load_address>
         <run_address>0xa565</run_address>
         <size>0x6e</size>
      </object_component>
      <object_component id="oc-12">
         <name>.debug_frame</name>
         <load_address>0x0</load_address>
         <run_address>0x0</run_address>
         <size>0x34d</size>
         <input_file_ref idref="fl-2"/>
      </object_component>
      <object_component id="oc-19">
         <name>.debug_frame</name>
         <load_address>0x34d</load_address>
         <run_address>0x34d</run_address>
         <size>0x383</size>
         <input_file_ref idref="fl-3"/>
      </object_component>
      <object_component id="oc-45">
         <name>.debug_frame</name>
         <load_address>0x6d0</load_address>
         <run_address>0x6d0</run_address>
         <size>0x1d4</size>
         <input_file_ref idref="fl-89"/>
      </object_component>
      <object_component id="oc-4c">
         <name>.debug_frame</name>
         <load_address>0x8a4</load_address>
         <run_address>0x8a4</run_address>
         <size>0x134</size>
         <input_file_ref idref="fl-8a"/>
      </object_component>
      <object_component id="oc-53">
         <name>.debug_frame</name>
         <load_address>0x9d8</load_address>
         <run_address>0x9d8</run_address>
         <size>0x174</size>
         <input_file_ref idref="fl-8b"/>
      </object_component>
      <object_component id="oc-5a">
         <name>.debug_frame</name>
         <load_address>0xb4c</load_address>
         <run_address>0xb4c</run_address>
         <size>0x130</size>
         <input_file_ref idref="fl-8c"/>
      </object_component>
      <object_component id="oc-13">
         <name>.debug_line</name>
         <load_address>0x0</load_address>
         <run_address>0x0</run_address>
         <size>0x158</size>
         <input_file_ref idref="fl-2"/>
      </object_component>
      <object_component id="oc-1a">
         <name>.debug_line</name>
         <load_address>0x158</load_address>
         <run_address>0x158</run_address>
         <size>0x59</size>
         <input_file_ref idref="fl-3"/>
      </object_component>
      <object_component id="oc-1e">
         <name>.debug_line</name>
         <load_address>0x1b1</load_address>
         <run_address>0x1b1</run_address>
         <size>0x3d</size>
         <input_file_ref idref="fl-80"/>
      </object_component>
      <object_component id="oc-23">
         <name>.debug_line</name>
         <load_address>0x1ee</load_address>
         <run_address>0x1ee</run_address>
         <size>0x4f</size>
         <input_file_ref idref="fl-81"/>
      </object_component>
      <object_component id="oc-26">
         <name>.debug_line</name>
         <load_address>0x23d</load_address>
         <run_address>0x23d</run_address>
         <size>0x41</size>
         <input_file_ref idref="fl-82"/>
      </object_component>
      <object_component id="oc-29">
         <name>.debug_line</name>
         <load_address>0x27e</load_address>
         <run_address>0x27e</run_address>
         <size>0x47</size>
         <input_file_ref idref="fl-83"/>
      </object_component>
      <object_component id="oc-2c">
         <name>.debug_line</name>
         <load_address>0x2c5</load_address>
         <run_address>0x2c5</run_address>
         <size>0x45</size>
         <input_file_ref idref="fl-84"/>
      </object_component>
      <object_component id="oc-2f">
         <name>.debug_line</name>
         <load_address>0x30a</load_address>
         <run_address>0x30a</run_address>
         <size>0x44</size>
         <input_file_ref idref="fl-85"/>
      </object_component>
      <object_component id="oc-32">
         <name>.debug_line</name>
         <load_address>0x34e</load_address>
         <run_address>0x34e</run_address>
         <size>0x4f</size>
         <input_file_ref idref="fl-86"/>
      </object_component>
      <object_component id="oc-39">
         <name>.debug_line</name>
         <load_address>0x39d</load_address>
         <run_address>0x39d</run_address>
         <size>0x109</size>
         <input_file_ref idref="fl-87"/>
      </object_component>
      <object_component id="oc-3e">
         <name>.debug_line</name>
         <load_address>0x4a6</load_address>
         <run_address>0x4a6</run_address>
         <size>0x13f</size>
         <input_file_ref idref="fl-88"/>
      </object_component>
      <object_component id="oc-44">
         <name>.debug_line</name>
         <load_address>0x5e5</load_address>
         <run_address>0x5e5</run_address>
         <size>0x102</size>
         <input_file_ref idref="fl-89"/>
      </object_component>
      <object_component id="oc-4b">
         <name>.debug_line</name>
         <load_address>0x6e7</load_address>
         <run_address>0x6e7</run_address>
         <size>0x72</size>
         <input_file_ref idref="fl-8a"/>
      </object_component>
      <object_component id="oc-52">
         <name>.debug_line</name>
         <load_address>0x759</load_address>
         <run_address>0x759</run_address>
         <size>0xa7</size>
         <input_file_ref idref="fl-8b"/>
      </object_component>
      <object_component id="oc-59">
         <name>.debug_line</name>
         <load_address>0x800</load_address>
         <run_address>0x800</run_address>
         <size>0x69</size>
         <input_file_ref idref="fl-8c"/>
      </object_component>
      <object_component id="oc-5c">
         <name>.debug_line</name>
         <load_address>0x869</load_address>
         <run_address>0x869</run_address>
         <size>0x48</size>
         <input_file_ref idref="fl-8d"/>
      </object_component>
      <object_component id="oc-60">
         <name>.debug_line</name>
         <load_address>0x8b1</load_address>
         <run_address>0x8b1</run_address>
         <size>0x5a</size>
         <input_file_ref idref="fl-8e"/>
      </object_component>
      <object_component id="oc-63">
         <name>.debug_line</name>
         <load_address>0x90b</load_address>
         <run_address>0x90b</run_address>
         <size>0x5a</size>
         <input_file_ref idref="fl-8f"/>
      </object_component>
      <object_component id="oc-14">
         <name>.debug_abbrev</name>
         <load_address>0x0</load_address>
         <run_address>0x0</run_address>
         <size>0x18e</size>
         <input_file_ref idref="fl-2"/>
      </object_component>
      <object_component id="oc-1b">
         <name>.debug_abbrev</name>
         <load_address>0x18e</load_address>
         <run_address>0x18e</run_address>
         <size>0xf5</size>
         <input_file_ref idref="fl-3"/>
      </object_component>
      <object_component id="oc-1f">
         <name>.debug_abbrev</name>
         <load_address>0x283</load_address>
         <run_address>0x283</run_address>
         <size>0xfe</size>
         <input_file_ref idref="fl-80"/>
      </object_component>
      <object_component id="oc-24">
         <name>.debug_abbrev</name>
         <load_address>0x381</load_address>
         <run_address>0x381</run_address>
         <size>0x119</size>
         <input_file_ref idref="fl-81"/>
      </object_component>
      <object_component id="oc-27">
         <name>.debug_abbrev</name>
         <load_address>0x49a</load_address>
         <run_address>0x49a</run_address>
         <size>0xe1</size>
         <input_file_ref idref="fl-82"/>
      </object_component>
      <object_component id="oc-2a">
         <name>.debug_abbrev</name>
         <load_address>0x57b</load_address>
         <run_address>0x57b</run_address>
         <size>0x13f</size>
         <input_file_ref idref="fl-83"/>
      </object_component>
      <object_component id="oc-2d">
         <name>.debug_abbrev</name>
         <load_address>0x6ba</load_address>
         <run_address>0x6ba</run_address>
         <size>0xdd</size>
         <input_file_ref idref="fl-84"/>
      </object_component>
      <object_component id="oc-30">
         <name>.debug_abbrev</name>
         <load_address>0x797</load_address>
         <run_address>0x797</run_address>
         <size>0x10c</size>
         <input_file_ref idref="fl-85"/>
      </object_component>
      <object_component id="oc-33">
         <name>.debug_abbrev</name>
         <load_address>0x8a3</load_address>
         <run_address>0x8a3</run_address>
         <size>0x3b</size>
         <input_file_ref idref="fl-86"/>
      </object_component>
      <object_component id="oc-37">
         <name>.debug_abbrev</name>
         <load_address>0x8de</load_address>
         <run_address>0x8de</run_address>
         <size>0x1b7</size>
         <input_file_ref idref="fl-87"/>
      </object_component>
      <object_component id="oc-3c">
         <name>.debug_abbrev</name>
         <load_address>0xa95</load_address>
         <run_address>0xa95</run_address>
         <size>0x1a3</size>
         <input_file_ref idref="fl-88"/>
      </object_component>
      <object_component id="oc-42">
         <name>.debug_abbrev</name>
         <load_address>0xc38</load_address>
         <run_address>0xc38</run_address>
         <size>0x162</size>
         <input_file_ref idref="fl-89"/>
      </object_component>
      <object_component id="oc-49">
         <name>.debug_abbrev</name>
         <load_address>0xd9a</load_address>
         <run_address>0xd9a</run_address>
         <size>0x11c</size>
         <input_file_ref idref="fl-8a"/>
      </object_component>
      <object_component id="oc-50">
         <name>.debug_abbrev</name>
         <load_address>0xeb6</load_address>
         <run_address>0xeb6</run_address>
         <size>0x154</size>
         <input_file_ref idref="fl-8b"/>
      </object_component>
      <object_component id="oc-57">
         <name>.debug_abbrev</name>
         <load_address>0x100a</load_address>
         <run_address>0x100a</run_address>
         <size>0xf0</size>
         <input_file_ref idref="fl-8c"/>
      </object_component>
      <object_component id="oc-5d">
         <name>.debug_abbrev</name>
         <load_address>0x10fa</load_address>
         <run_address>0x10fa</run_address>
         <size>0x3b</size>
         <input_file_ref idref="fl-8d"/>
      </object_component>
      <object_component id="oc-5e">
         <name>.debug_abbrev</name>
         <load_address>0x1135</load_address>
         <run_address>0x1135</run_address>
         <size>0xe0</size>
         <input_file_ref idref="fl-8e"/>
      </object_component>
      <object_component id="oc-61">
         <name>.debug_abbrev</name>
         <load_address>0x1215</load_address>
         <run_address>0x1215</run_address>
         <size>0xe0</size>
         <input_file_ref idref="fl-8f"/>
      </object_component>
      <object_component id="oc-97">
         <name>.debug_abbrev</name>
         <load_address>0x12f5</load_address>
         <run_address>0x12f5</run_address>
         <size>0xd</size>
      </object_component>
   </object_component_list>
   <logical_group_list>
      <logical_group id="lg-2">
         <name>.EXT_RAM</name>
         <run_address>0x0</run_address>
         <size>0x0</size>
         <contents>
         </contents>
      </logical_group>
      <logical_group id="lg-3">
         <name>.vectors</name>
         <run_address>0x0</run_address>
         <size>0x0</size>
         <contents>
         </contents>
      </logical_group>
      <logical_group id="lg-4">
         <name>.text</name>
         <load_address>0x220</load_address>
         <run_address>0x220</run_address>
         <size>0x2100</size>
         <contents>
            <object_component_ref idref="oc-67"/>
            <object_component_ref idref="oc-3f"/>
            <object_component_ref idref="oc-18"/>
            <object_component_ref idref="oc-46"/>
            <object_component_ref idref="oc-4d"/>
            <object_component_ref idref="oc-79"/>
            <object_component_ref idref="oc-7e"/>
            <object_component_ref idref="oc-54"/>
            <object_component_ref idref="oc-6b"/>
            <object_component_ref idref="oc-6d"/>
            <object_component_ref idref="oc-64"/>
            <object_component_ref idref="oc-73"/>
            <object_component_ref idref="oc-6c"/>
            <object_component_ref idref="oc-68"/>
            <object_component_ref idref="oc-66"/>
            <object_component_ref idref="oc-7f"/>
            <object_component_ref idref="oc-6a"/>
            <object_component_ref idref="oc-69"/>
            <object_component_ref idref="oc-72"/>
            <object_component_ref idref="oc-74"/>
            <object_component_ref idref="oc-e"/>
            <object_component_ref idref="oc-7a"/>
            <object_component_ref idref="oc-65"/>
            <object_component_ref idref="oc-7d"/>
            <object_component_ref idref="oc-77"/>
            <object_component_ref idref="oc-7b"/>
            <object_component_ref idref="oc-7c"/>
            <object_component_ref idref="oc-78"/>
            <object_component_ref idref="oc-6f"/>
            <object_component_ref idref="oc-6e"/>
            <object_component_ref idref="oc-71"/>
            <object_component_ref idref="oc-70"/>
            <object_component_ref idref="oc-76"/>
            <object_component_ref idref="oc-34"/>
            <object_component_ref idref="oc-75"/>
         </contents>
      </logical_group>
      <logical_group id="lg-5">
         <name>.bss</name>
         <run_address>0x220</run_address>
         <size>0x0</size>
         <contents>
         </contents>
      </logical_group>
      <logical_group id="lg-6">
         <name>.cinit</name>
         <load_address>0x2720</load_address>
         <run_address>0x2720</run_address>
         <size>0x2ac</size>
         <contents>
            <object_component_ref idref="oc-35"/>
            <object_component_ref idref="oc-3a"/>
            <object_component_ref idref="oc-10"/>
            <object_component_ref idref="oc-21"/>
            <object_component_ref idref="oc-55"/>
            <object_component_ref idref="oc-4e"/>
            <object_component_ref idref="oc-16"/>
         </contents>
      </logical_group>
      <logical_group id="lg-7">
         <name>.stack</name>
         <run_address>0x2320</run_address>
         <size>0x400</size>
         <contents>
            <object_component_ref idref="oc-1d"/>
            <object_component_ref idref="oc-95"/>
         </contents>
      </logical_group>
      <logical_group id="lg-8">
         <name>.sysmem</name>
         <run_address>0x0</run_address>
         <size>0x0</size>
         <contents>
         </contents>
      </logical_group>
      <logical_group id="lg-9">
         <name>.const</name>
         <load_address>0x2bd8</load_address>
         <run_address>0x2bd8</run_address>
         <size>0x130</size>
         <contents>
            <object_component_ref idref="oc-41"/>
            <object_component_ref idref="oc-48"/>
         </contents>
      </logical_group>
      <logical_group id="lg-a">
         <name>.switch</name>
         <run_address>0x0</run_address>
         <size>0x0</size>
         <contents>
         </contents>
      </logical_group>
      <logical_group id="lg-b">
         <name>.far</name>
         <run_address>0x29d0</run_address>
         <size>0x208</size>
         <contents>
            <object_component_ref idref="oc-11"/>
            <object_component_ref idref="oc-17"/>
            <object_component_ref idref="oc-22"/>
            <object_component_ref idref="oc-36"/>
            <object_component_ref idref="oc-3b"/>
            <object_component_ref idref="oc-40"/>
            <object_component_ref idref="oc-47"/>
            <object_component_ref idref="oc-4f"/>
            <object_component_ref idref="oc-56"/>
         </contents>
      </logical_group>
      <logical_group id="lg-c">
         <name>.cio</name>
         <run_address>0x0</run_address>
         <size>0x0</size>
         <contents>
         </contents>
      </logical_group>
      <logical_group id="lg-d">
         <name>.csldata</name>
         <run_address>0x0</run_address>
         <size>0x0</size>
         <contents>
         </contents>
      </logical_group>
      <logical_group id="lg-8c">
         <name>.debug_info</name>
         <load_address>0x0</load_address>
         <run_address>0x0</run_address>
         <size>0xa5d3</size>
         <contents>
            <object_component_ref idref="oc-f"/>
            <object_component_ref idref="oc-15"/>
            <object_component_ref idref="oc-1c"/>
            <object_component_ref idref="oc-20"/>
            <object_component_ref idref="oc-25"/>
            <object_component_ref idref="oc-28"/>
            <object_component_ref idref="oc-2b"/>
            <object_component_ref idref="oc-2e"/>
            <object_component_ref idref="oc-31"/>
            <object_component_ref idref="oc-38"/>
            <object_component_ref idref="oc-3d"/>
            <object_component_ref idref="oc-43"/>
            <object_component_ref idref="oc-4a"/>
            <object_component_ref idref="oc-51"/>
            <object_component_ref idref="oc-58"/>
            <object_component_ref idref="oc-5b"/>
            <object_component_ref idref="oc-5f"/>
            <object_component_ref idref="oc-62"/>
            <object_component_ref idref="oc-96"/>
         </contents>
      </logical_group>
      <logical_group id="lg-8e">
         <name>.debug_frame</name>
         <load_address>0x0</load_address>
         <run_address>0x0</run_address>
         <size>0xc7c</size>
         <contents>
            <object_component_ref idref="oc-12"/>
            <object_component_ref idref="oc-19"/>
            <object_component_ref idref="oc-45"/>
            <object_component_ref idref="oc-4c"/>
            <object_component_ref idref="oc-53"/>
            <object_component_ref idref="oc-5a"/>
         </contents>
      </logical_group>
      <logical_group id="lg-90">
         <name>.debug_line</name>
         <load_address>0x0</load_address>
         <run_address>0x0</run_address>
         <size>0x965</size>
         <contents>
            <object_component_ref idref="oc-13"/>
            <object_component_ref idref="oc-1a"/>
            <object_component_ref idref="oc-1e"/>
            <object_component_ref idref="oc-23"/>
            <object_component_ref idref="oc-26"/>
            <object_component_ref idref="oc-29"/>
            <object_component_ref idref="oc-2c"/>
            <object_component_ref idref="oc-2f"/>
            <object_component_ref idref="oc-32"/>
            <object_component_ref idref="oc-39"/>
            <object_component_ref idref="oc-3e"/>
            <object_component_ref idref="oc-44"/>
            <object_component_ref idref="oc-4b"/>
            <object_component_ref idref="oc-52"/>
            <object_component_ref idref="oc-59"/>
            <object_component_ref idref="oc-5c"/>
            <object_component_ref idref="oc-60"/>
            <object_component_ref idref="oc-63"/>
         </contents>
      </logical_group>
      <logical_group id="lg-92">
         <name>.debug_abbrev</name>
         <load_address>0x0</load_address>
         <run_address>0x0</run_address>
         <size>0x1302</size>
         <contents>
            <object_component_ref idref="oc-14"/>
            <object_component_ref idref="oc-1b"/>
            <object_component_ref idref="oc-1f"/>
            <object_component_ref idref="oc-24"/>
            <object_component_ref idref="oc-27"/>
            <object_component_ref idref="oc-2a"/>
            <object_component_ref idref="oc-2d"/>
            <object_component_ref idref="oc-30"/>
            <object_component_ref idref="oc-33"/>
            <object_component_ref idref="oc-37"/>
            <object_component_ref idref="oc-3c"/>
            <object_component_ref idref="oc-42"/>
            <object_component_ref idref="oc-49"/>
            <object_component_ref idref="oc-50"/>
            <object_component_ref idref="oc-57"/>
            <object_component_ref idref="oc-5d"/>
            <object_component_ref idref="oc-5e"/>
            <object_component_ref idref="oc-61"/>
            <object_component_ref idref="oc-97"/>
         </contents>
      </logical_group>
   </logical_group_list>
   <placement_map>
      <memory_area>
         <name>IVECS</name>
         <page_id>0x0</page_id>
         <origin>0x0</origin>
         <length>0x220</length>
         <used_space>0x0</used_space>
         <unused_space>0x220</unused_space>
         <attributes>RWIX</attributes>
         <usage_details>
         </usage_details>
      </memory_area>
      <memory_area>
         <name>IRAM</name>
         <page_id>0x0</page_id>
         <origin>0x220</origin>
         <length>0x2fde0</length>
         <used_space>0x2ae4</used_space>
         <unused_space>0x2d2fc</unused_space>
         <attributes>RWIX</attributes>
         <usage_details>
            <allocated_space>
               <start_address>0x220</start_address>
               <size>0x0</size>
               <logical_group_ref idref="lg-5"/>
            </allocated_space>
            <allocated_space>
               <start_address>0x220</start_address>
               <size>0x2100</size>
               <logical_group_ref idref="lg-4"/>
            </allocated_space>
            <allocated_space>
               <start_address>0x2320</start_address>
               <size>0x400</size>
               <logical_group_ref idref="lg-7"/>
            </allocated_space>
            <allocated_space>
               <start_address>0x2720</start_address>
               <size>0x2ac</size>
               <logical_group_ref idref="lg-6"/>
            </allocated_space>
            <available_space>
               <start_address>0x29cc</start_address>
               <size>0x4</size>
            </available_space>
            <allocated_space>
               <start_address>0x29d0</start_address>
               <size>0x208</size>
               <logical_group_ref idref="lg-b"/>
            </allocated_space>
            <allocated_space>
               <start_address>0x2bd8</start_address>
               <size>0x130</size>
               <logical_group_ref idref="lg-9"/>
            </allocated_space>
            <available_space>
               <start_address>0x2d08</start_address>
               <size>0x2d2f8</size>
            </available_space>
         </usage_details>
      </memory_area>
      <memory_area>
         <name>SDRAM</name>
         <page_id>0x0</page_id>
         <origin>0x80000000</origin>
         <length>0x100000</length>
         <used_space>0x0</used_space>
         <unused_space>0x100000</unused_space>
         <attributes>RWIX</attributes>
         <usage_details>
         </usage_details>
      </memory_area>
      <memory_area>
         <name>FLASH</name>
         <page_id>0x0</page_id>
         <origin>0x90000000</origin>
         <length>0x20000</length>
         <used_space>0x0</used_space>
         <unused_space>0x20000</unused_space>
         <attributes>RWIX</attributes>
         <usage_details>
         </usage_details>
      </memory_area>
   </placement_map>
   <symbol_table>
      <symbol id="sm-0">
         <name>cinit</name>
         <value>0x2720</value>
      </symbol>
      <symbol id="sm-1">
         <name>___cinit__</name>
         <value>0x2720</value>
      </symbol>
      <symbol id="sm-2">
         <name>pinit</name>
         <value>0xffffffff</value>
      </symbol>
      <symbol id="sm-3">
         <name>___pinit__</name>
         <value>0xffffffff</value>
      </symbol>
      <symbol id="sm-4">
         <name>binit</name>
         <value>0xffffffff</value>
      </symbol>
      <symbol id="sm-5">
         <name>___binit__</name>
         <value>0xffffffff</value>
      </symbol>
      <symbol id="sm-6">
         <name>__STACK_SIZE</name>
         <value>0x400</value>
      </symbol>
      <symbol id="sm-7">
         <name>__STACK_END</name>
         <value>0x2720</value>
      </symbol>
      <symbol id="sm-8">
         <name>___c_args__</name>
         <value>0xffffffff</value>
      </symbol>
      <symbol id="sm-9">
         <name>.text</name>
         <value>0x220</value>
      </symbol>
      <symbol id="sm-a">
         <name>___text__</name>
         <value>0x220</value>
      </symbol>
      <symbol id="sm-b">
         <name>etext</name>
         <value>0x2320</value>
      </symbol>
      <symbol id="sm-c">
         <name>___etext__</name>
         <value>0x2320</value>
      </symbol>
      <symbol id="sm-d">
         <name>.bss</name>
         <value>0x220</value>
      </symbol>
      <symbol id="sm-e">
         <name>___bss__</name>
         <value>0x220</value>
      </symbol>
      <symbol id="sm-f">
         <name>end</name>
         <value>0x220</value>
      </symbol>
      <symbol id="sm-10">
         <name>___end__</name>
         <value>0x220</value>
      </symbol>
      <symbol id="sm-11">
         <name>___TI_pprof_out_hndl</name>
         <value>0xffffffff</value>
      </symbol>
      <symbol id="sm-12">
         <name>___TI_prof_data_start</name>
         <value>0xffffffff</value>
      </symbol>
      <symbol id="sm-13">
         <name>___TI_prof_data_size</name>
         <value>0xffffffff</value>
      </symbol>
      <symbol id="sm-14">
         <name>$bss</name>
         <value>0x220</value>
      </symbol>
      <symbol id="sm-7d">
         <name>_comm_poll</name>
         <value>0x2c4</value>
         <object_component_ref idref="oc-67"/>
      </symbol>
      <symbol id="sm-7e">
         <name>_output_left_sample</name>
         <value>0x4c4</value>
         <object_component_ref idref="oc-67"/>
      </symbol>
      <symbol id="sm-7f">
         <name>_comm_intr</name>
         <value>0x2ec</value>
         <object_component_ref idref="oc-67"/>
      </symbol>
      <symbol id="sm-80">
         <name>_input_left_sample</name>
         <value>0x708</value>
         <object_component_ref idref="oc-67"/>
      </symbol>
      <symbol id="sm-81">
         <name>_output_sample</name>
         <value>0x3d8</value>
         <object_component_ref idref="oc-67"/>
      </symbol>
      <symbol id="sm-82">
         <name>_c6416_dsk_init</name>
         <value>0x220</value>
         <object_component_ref idref="oc-67"/>
      </symbol>
      <symbol id="sm-83">
         <name>_config</name>
         <value>0x2b14</value>
         <object_component_ref idref="oc-11"/>
      </symbol>
      <symbol id="sm-84">
         <name>_input_right_sample</name>
         <value>0x7a8</value>
         <object_component_ref idref="oc-67"/>
      </symbol>
      <symbol id="sm-85">
         <name>_AIC_data</name>
         <value>0x2ad0</value>
         <object_component_ref idref="oc-11"/>
      </symbol>
      <symbol id="sm-86">
         <name>_hAIC23_handle</name>
         <value>0x2b28</value>
         <object_component_ref idref="oc-11"/>
      </symbol>
      <symbol id="sm-87">
         <name>_AIC23CfgData</name>
         <value>0x2adc</value>
         <object_component_ref idref="oc-11"/>
      </symbol>
      <symbol id="sm-88">
         <name>_input_sample</name>
         <value>0x630</value>
         <object_component_ref idref="oc-67"/>
      </symbol>
      <symbol id="sm-89">
         <name>_output_right_sample</name>
         <value>0x57c</value>
         <object_component_ref idref="oc-67"/>
      </symbol>
      <symbol id="sm-9f">
         <name>_main</name>
         <value>0x2300</value>
         <object_component_ref idref="oc-75"/>
      </symbol>
      <symbol id="sm-a0">
         <name>_gain</name>
         <value>0x2bd4</value>
         <object_component_ref idref="oc-17"/>
      </symbol>
      <symbol id="sm-a1">
         <name>_c_int11</name>
         <value>0xc20</value>
         <object_component_ref idref="oc-18"/>
      </symbol>
      <symbol id="sm-a2">
         <name>_fs</name>
         <value>0x2bd0</value>
         <object_component_ref idref="oc-17"/>
      </symbol>
      <symbol id="sm-ae">
         <name>_c_int00</name>
         <value>0x20c0</value>
         <object_component_ref idref="oc-e"/>
      </symbol>
      <symbol id="sm-af">
         <name>__stack</name>
         <value>0x2320</value>
         <object_component_ref idref="oc-1d"/>
      </symbol>
      <symbol id="sm-bf">
         <name>C$$EXIT</name>
         <value>0x22c0</value>
         <object_component_ref idref="oc-76"/>
      </symbol>
      <symbol id="sm-c0">
         <name>_exit</name>
         <value>0x1ce0</value>
         <object_component_ref idref="oc-66"/>
      </symbol>
      <symbol id="sm-c1">
         <name>___TI_enable_exit_profile_output</name>
         <value>0x2bc4</value>
         <object_component_ref idref="oc-22"/>
      </symbol>
      <symbol id="sm-c2">
         <name>_abort</name>
         <value>0x22c0</value>
         <object_component_ref idref="oc-76"/>
      </symbol>
      <symbol id="sm-c3">
         <name>__cleanup_ptr</name>
         <value>0x2bbc</value>
         <object_component_ref idref="oc-22"/>
      </symbol>
      <symbol id="sm-c4">
         <name>__dtors_ptr</name>
         <value>0x2bc0</value>
         <object_component_ref idref="oc-22"/>
      </symbol>
      <symbol id="sm-ce">
         <name>__args_main</name>
         <value>0x2160</value>
         <object_component_ref idref="oc-65"/>
      </symbol>
      <symbol id="sm-cf">
         <name>__TI_args_main</name>
         <value>0x1</value>
      </symbol>
      <symbol id="sm-d9">
         <name>__auto_init</name>
         <value>0x19a0</value>
         <object_component_ref idref="oc-64"/>
      </symbol>
      <symbol id="sm-e3">
         <name>___TI_cpp_init</name>
         <value>0x2040</value>
         <object_component_ref idref="oc-74"/>
      </symbol>
      <symbol id="sm-ed">
         <name>_copy_in</name>
         <value>0x1fa0</value>
         <object_component_ref idref="oc-72"/>
      </symbol>
      <symbol id="sm-f5">
         <name>_memcpy</name>
         <value>0x1a80</value>
         <object_component_ref idref="oc-73"/>
      </symbol>
      <symbol id="sm-111">
         <name>__IRQ_eventTable</name>
         <value>0x2a00</value>
         <object_component_ref idref="oc-36"/>
      </symbol>
      <symbol id="sm-112">
         <name>_IRQ_nmiEnable</name>
         <value>0x2200</value>
         <object_component_ref idref="oc-7c"/>
      </symbol>
      <symbol id="sm-113">
         <name>_IRQ_reset</name>
         <value>0x2120</value>
         <object_component_ref idref="oc-7a"/>
      </symbol>
      <symbol id="sm-114">
         <name>__IRQ_intTable</name>
         <value>0x2a88</value>
         <object_component_ref idref="oc-36"/>
      </symbol>
      <symbol id="sm-115">
         <name>_IRQ_globalEnable</name>
         <value>0x21e0</value>
         <object_component_ref idref="oc-7b"/>
      </symbol>
      <symbol id="sm-116">
         <name>_IRQ_globalDisable</name>
         <value>0x21c0</value>
         <object_component_ref idref="oc-77"/>
      </symbol>
      <symbol id="sm-117">
         <name>_IRQ_map</name>
         <value>0x1320</value>
         <object_component_ref idref="oc-79"/>
      </symbol>
      <symbol id="sm-118">
         <name>_IRQ_enable</name>
         <value>0x21a0</value>
         <object_component_ref idref="oc-7d"/>
      </symbol>
      <symbol id="sm-119">
         <name>__IRQ_dispatchTable</name>
         <value>0x2ac8</value>
         <object_component_ref idref="oc-36"/>
      </symbol>
      <symbol id="sm-11a">
         <name>__IRQ_hookFetchPacket</name>
         <value>0x22e0</value>
         <object_component_ref idref="oc-34"/>
      </symbol>
      <symbol id="sm-138">
         <name>_MCBSP_reset</name>
         <value>0x1500</value>
         <object_component_ref idref="oc-7e"/>
      </symbol>
      <symbol id="sm-139">
         <name>_MCBSP_read</name>
         <value>0x2240</value>
         <object_component_ref idref="oc-6f"/>
      </symbol>
      <symbol id="sm-13a">
         <name>_MCBSP_getXmtEventId</name>
         <value>0x2220</value>
         <object_component_ref idref="oc-78"/>
      </symbol>
      <symbol id="sm-13b">
         <name>_MCBSP_open</name>
         <value>0x17e0</value>
         <object_component_ref idref="oc-6b"/>
      </symbol>
      <symbol id="sm-13c">
         <name>__MCBSP_hDev0</name>
         <value>0x2b78</value>
         <object_component_ref idref="oc-3b"/>
      </symbol>
      <symbol id="sm-13d">
         <name>__MCBSP_hDev1</name>
         <value>0x2b7c</value>
         <object_component_ref idref="oc-3b"/>
      </symbol>
      <symbol id="sm-13e">
         <name>__MCBSP_hDev2</name>
         <value>0x2b80</value>
         <object_component_ref idref="oc-3b"/>
      </symbol>
      <symbol id="sm-13f">
         <name>_MCBSP_start</name>
         <value>0x18c0</value>
         <object_component_ref idref="oc-6d"/>
      </symbol>
      <symbol id="sm-140">
         <name>_MCBSP_rrdy</name>
         <value>0x2260</value>
         <object_component_ref idref="oc-6e"/>
      </symbol>
      <symbol id="sm-141">
         <name>_MCBSP_config</name>
         <value>0x1b60</value>
         <object_component_ref idref="oc-6c"/>
      </symbol>
      <symbol id="sm-142">
         <name>_MCBSP_xrdy</name>
         <value>0x22a0</value>
         <object_component_ref idref="oc-70"/>
      </symbol>
      <symbol id="sm-143">
         <name>_MCBSP_write</name>
         <value>0x2280</value>
         <object_component_ref idref="oc-71"/>
      </symbol>
      <symbol id="sm-173">
         <name>_DSK6416_waitusec</name>
         <value>0xb00</value>
         <object_component_ref idref="oc-3f"/>
      </symbol>
      <symbol id="sm-174">
         <name>_DSK6416_rget</name>
         <value>0xa10</value>
         <object_component_ref idref="oc-3f"/>
      </symbol>
      <symbol id="sm-175">
         <name>_DSK6416_wait</name>
         <value>0xa90</value>
         <object_component_ref idref="oc-3f"/>
      </symbol>
      <symbol id="sm-176">
         <name>_DSK6416_rset</name>
         <value>0xa48</value>
         <object_component_ref idref="oc-3f"/>
      </symbol>
      <symbol id="sm-177">
         <name>_DSK6416_version</name>
         <value>0x2b2a</value>
         <object_component_ref idref="oc-40"/>
      </symbol>
      <symbol id="sm-178">
         <name>_DSK6416_getVersion</name>
         <value>0xb4c</value>
         <object_component_ref idref="oc-3f"/>
      </symbol>
      <symbol id="sm-179">
         <name>_DSK6416_init</name>
         <value>0x860</value>
         <object_component_ref idref="oc-3f"/>
      </symbol>
      <symbol id="sm-19b">
         <name>_DSK6416_AIC23_openCodec</name>
         <value>0xee0</value>
         <object_component_ref idref="oc-46"/>
      </symbol>
      <symbol id="sm-19c">
         <name>_DSK6416_AIC23_codecdatahandle</name>
         <value>0x2bcc</value>
         <object_component_ref idref="oc-47"/>
      </symbol>
      <symbol id="sm-19d">
         <name>_DSK6416_AIC23_codeccontrolhandle</name>
         <value>0x2bc8</value>
         <object_component_ref idref="oc-47"/>
      </symbol>
      <symbol id="sm-1ca">
         <name>_DSK6416_AIC23_rset</name>
         <value>0x1100</value>
         <object_component_ref idref="oc-4d"/>
      </symbol>
      <symbol id="sm-1cb">
         <name>_DSK6416_AIC23_config</name>
         <value>0x125c</value>
         <object_component_ref idref="oc-4d"/>
      </symbol>
      <symbol id="sm-1cc">
         <name>_DSK6416_AIC23_rget</name>
         <value>0x121c</value>
         <object_component_ref idref="oc-4d"/>
      </symbol>
      <symbol id="sm-1e9">
         <name>_DSK6416_AIC23_setFreq</name>
         <value>0x16e0</value>
         <object_component_ref idref="oc-54"/>
      </symbol>
      <symbol id="sm-1f1">
         <name>__strasg</name>
         <value>0x1c20</value>
         <object_component_ref idref="oc-68"/>
      </symbol>
      <symbol id="sm-1fb">
         <name>_EMIFA_config</name>
         <value>0x1e60</value>
         <object_component_ref idref="oc-6a"/>
      </symbol>
      <symbol id="sm-205">
         <name>_EMIFB_config</name>
         <value>0x1f00</value>
         <object_component_ref idref="oc-69"/>
      </symbol>
   </symbol_table>
</link_info>
