<?xml version="1.0"?>
<link_info>
   <banner>TMS320C6x Linker PC v7.4.20</banner>
   <copyright>Copyright (c) 1996-2015 Texas Instruments Incorporated</copyright>
   <link_time>0x67f4f1ac</link_time>
   <output_file>bt82.out</output_file>
   <entry_point>
      <name>_c_int00</name>
      <address>0x2280</address>
   </entry_point>
   <input_file_list>
      <input_file id="fl-2">
         <path>.\</path>
         <kind>object</kind>
         <file>bt82.obj</file>
         <name>bt82.obj</name>
      </input_file>
      <input_file id="fl-3">
         <path>.\</path>
         <kind>object</kind>
         <file>c6416dskinit.obj</file>
         <name>c6416dskinit.obj</name>
      </input_file>
      <input_file id="fl-80">
         <path>C:\ti\ccsv7\2_c6000_7.4.20\c6000_7.4.20\lib\</path>
         <kind>archive</kind>
         <file>rts6400.lib</file>
         <name>boot.obj</name>
      </input_file>
      <input_file id="fl-81">
         <path>C:\ti\ccsv7\2_c6000_7.4.20\c6000_7.4.20\lib\</path>
         <kind>archive</kind>
         <file>rts6400.lib</file>
         <name>exit.obj</name>
      </input_file>
      <input_file id="fl-82">
         <path>C:\ti\ccsv7\2_c6000_7.4.20\c6000_7.4.20\lib\</path>
         <kind>archive</kind>
         <file>rts6400.lib</file>
         <name>args_main.obj</name>
      </input_file>
      <input_file id="fl-83">
         <path>C:\ti\ccsv7\2_c6000_7.4.20\c6000_7.4.20\lib\</path>
         <kind>archive</kind>
         <file>rts6400.lib</file>
         <name>autoinit.obj</name>
      </input_file>
      <input_file id="fl-84">
         <path>C:\ti\ccsv7\2_c6000_7.4.20\c6000_7.4.20\lib\</path>
         <kind>archive</kind>
         <file>rts6400.lib</file>
         <name>cpp_init.obj</name>
      </input_file>
      <input_file id="fl-85">
         <path>C:\ti\ccsv7\2_c6000_7.4.20\c6000_7.4.20\lib\</path>
         <kind>archive</kind>
         <file>rts6400.lib</file>
         <name>cpy_tbl.obj</name>
      </input_file>
      <input_file id="fl-86">
         <path>C:\ti\ccsv7\2_c6000_7.4.20\c6000_7.4.20\lib\</path>
         <kind>archive</kind>
         <file>rts6400.lib</file>
         <name>memcpy64.obj</name>
      </input_file>
      <input_file id="fl-87">
         <path>C:\ti\2_ThuvienDSP\2_ThuvienDSP\lib\</path>
         <kind>archive</kind>
         <file>csl6416.lib</file>
         <name>csl_irq.obj</name>
      </input_file>
      <input_file id="fl-88">
         <path>C:\ti\2_ThuvienDSP\2_ThuvienDSP\lib\</path>
         <kind>archive</kind>
         <file>csl6416.lib</file>
         <name>csl_mcbsp.obj</name>
      </input_file>
      <input_file id="fl-89">
         <path>C:\ti\2_ThuvienDSP\lib\</path>
         <kind>archive</kind>
         <file>dsk6416bsl.lib</file>
         <name>dsk6416.obj</name>
      </input_file>
      <input_file id="fl-8a">
         <path>C:\ti\2_ThuvienDSP\lib\</path>
         <kind>archive</kind>
         <file>dsk6416bsl.lib</file>
         <name>dsk6416_aic23_opencodec.obj</name>
      </input_file>
      <input_file id="fl-8b">
         <path>C:\ti\2_ThuvienDSP\lib\</path>
         <kind>archive</kind>
         <file>dsk6416bsl.lib</file>
         <name>dsk6416_aic23_registers.obj</name>
      </input_file>
      <input_file id="fl-8c">
         <path>C:\ti\2_ThuvienDSP\lib\</path>
         <kind>archive</kind>
         <file>dsk6416bsl.lib</file>
         <name>dsk6416_aic23_setfreq.obj</name>
      </input_file>
      <input_file id="fl-8d">
         <path>C:\ti\2_ThuvienDSP\lib\</path>
         <kind>archive</kind>
         <file>dsk6416bsl.lib</file>
         <name>dsk6416_dip.obj</name>
      </input_file>
      <input_file id="fl-8e">
         <path>C:\ti\2_ThuvienDSP\lib\</path>
         <kind>archive</kind>
         <file>dsk6416bsl.lib</file>
         <name>dsk6416_led.obj</name>
      </input_file>
      <input_file id="fl-8f">
         <path>C:\ti\ccsv7\2_c6000_7.4.20\c6000_7.4.20\lib\</path>
         <kind>archive</kind>
         <file>rts6400.lib</file>
         <name>strasg.obj</name>
      </input_file>
      <input_file id="fl-90">
         <path>C:\ti\2_ThuvienDSP\2_ThuvienDSP\lib\</path>
         <kind>archive</kind>
         <file>csl6416.lib</file>
         <name>csl_emifa.obj</name>
      </input_file>
      <input_file id="fl-91">
         <path>C:\ti\2_ThuvienDSP\2_ThuvienDSP\lib\</path>
         <kind>archive</kind>
         <file>csl6416.lib</file>
         <name>csl_emifb.obj</name>
      </input_file>
   </input_file_list>
   <object_component_list>
      <object_component id="oc-81">
         <name>.text</name>
         <load_address>0x220</load_address>
         <run_address>0x220</run_address>
         <size>0x640</size>
         <input_file_ref idref="fl-3"/>
      </object_component>
      <object_component id="oc-3e">
         <name>.text</name>
         <load_address>0x860</load_address>
         <run_address>0x860</run_address>
         <size>0x3c0</size>
         <input_file_ref idref="fl-89"/>
      </object_component>
      <object_component id="oc-7e">
         <name>.text</name>
         <load_address>0xc20</load_address>
         <run_address>0xc20</run_address>
         <size>0x260</size>
         <input_file_ref idref="fl-2"/>
      </object_component>
      <object_component id="oc-45">
         <name>.text</name>
         <load_address>0xe80</load_address>
         <run_address>0xe80</run_address>
         <size>0x220</size>
         <input_file_ref idref="fl-8a"/>
      </object_component>
      <object_component id="oc-4c">
         <name>.text</name>
         <load_address>0x10a0</load_address>
         <run_address>0x10a0</run_address>
         <size>0x220</size>
         <input_file_ref idref="fl-8b"/>
      </object_component>
      <object_component id="oc-84">
         <name>.text:_IRQ_map</name>
         <load_address>0x12c0</load_address>
         <run_address>0x12c0</run_address>
         <size>0x1e0</size>
         <input_file_ref idref="fl-87"/>
      </object_component>
      <object_component id="oc-80">
         <name>.text:_MCBSP_reset</name>
         <load_address>0x14a0</load_address>
         <run_address>0x14a0</run_address>
         <size>0x1e0</size>
         <input_file_ref idref="fl-88"/>
      </object_component>
      <object_component id="oc-5f">
         <name>.text</name>
         <load_address>0x1680</load_address>
         <run_address>0x1680</run_address>
         <size>0x1a0</size>
         <input_file_ref idref="fl-8e"/>
      </object_component>
      <object_component id="oc-53">
         <name>.text</name>
         <load_address>0x1820</load_address>
         <run_address>0x1820</run_address>
         <size>0x100</size>
         <input_file_ref idref="fl-8c"/>
      </object_component>
      <object_component id="oc-74">
         <name>.text:_MCBSP_open</name>
         <load_address>0x1920</load_address>
         <run_address>0x1920</run_address>
         <size>0xe0</size>
         <input_file_ref idref="fl-88"/>
      </object_component>
      <object_component id="oc-76">
         <name>.text:_MCBSP_start</name>
         <load_address>0x1a00</load_address>
         <run_address>0x1a00</run_address>
         <size>0xe0</size>
         <input_file_ref idref="fl-88"/>
      </object_component>
      <object_component id="oc-6e">
         <name>.text:__auto_init</name>
         <load_address>0x1ae0</load_address>
         <run_address>0x1ae0</run_address>
         <size>0xe0</size>
         <input_file_ref idref="fl-83"/>
      </object_component>
      <object_component id="oc-7c">
         <name>.text:_memcpy</name>
         <load_address>0x1bc0</load_address>
         <run_address>0x1bc0</run_address>
         <size>0xe0</size>
         <input_file_ref idref="fl-86"/>
      </object_component>
      <object_component id="oc-75">
         <name>.text:_MCBSP_config</name>
         <load_address>0x1ca0</load_address>
         <run_address>0x1ca0</run_address>
         <size>0xc0</size>
         <input_file_ref idref="fl-88"/>
      </object_component>
      <object_component id="oc-71">
         <name>.text:__strasg</name>
         <load_address>0x1d60</load_address>
         <run_address>0x1d60</run_address>
         <size>0xc0</size>
         <input_file_ref idref="fl-8f"/>
      </object_component>
      <object_component id="oc-70">
         <name>.text:_exit</name>
         <load_address>0x1e20</load_address>
         <run_address>0x1e20</run_address>
         <size>0xc0</size>
         <input_file_ref idref="fl-81"/>
      </object_component>
      <object_component id="oc-89">
         <name>.text:_setMux</name>
         <load_address>0x1ee0</load_address>
         <run_address>0x1ee0</run_address>
         <size>0xc0</size>
         <input_file_ref idref="fl-87"/>
      </object_component>
      <object_component id="oc-73">
         <name>.text:_EMIFA_config</name>
         <load_address>0x1fa0</load_address>
         <run_address>0x1fa0</run_address>
         <size>0xa0</size>
         <input_file_ref idref="fl-90"/>
      </object_component>
      <object_component id="oc-72">
         <name>.text:_EMIFB_config</name>
         <load_address>0x2040</load_address>
         <run_address>0x2040</run_address>
         <size>0xa0</size>
         <input_file_ref idref="fl-91"/>
      </object_component>
      <object_component id="oc-7b">
         <name>.text:_copy_in</name>
         <load_address>0x20e0</load_address>
         <run_address>0x20e0</run_address>
         <size>0xa0</size>
         <input_file_ref idref="fl-85"/>
      </object_component>
      <object_component id="oc-7d">
         <name>.text:___TI_cpp_init</name>
         <load_address>0x2180</load_address>
         <run_address>0x2180</run_address>
         <size>0x80</size>
         <input_file_ref idref="fl-84"/>
      </object_component>
      <object_component id="oc-5a">
         <name>.text</name>
         <load_address>0x2200</load_address>
         <run_address>0x2200</run_address>
         <size>0x80</size>
         <input_file_ref idref="fl-8d"/>
      </object_component>
      <object_component id="oc-e">
         <name>.text:_c_int00</name>
         <load_address>0x2280</load_address>
         <run_address>0x2280</run_address>
         <size>0x60</size>
         <input_file_ref idref="fl-80"/>
      </object_component>
      <object_component id="oc-85">
         <name>.text:_IRQ_reset</name>
         <load_address>0x22e0</load_address>
         <run_address>0x22e0</run_address>
         <size>0x40</size>
         <input_file_ref idref="fl-87"/>
      </object_component>
      <object_component id="oc-6f">
         <name>.text:__args_main</name>
         <load_address>0x2320</load_address>
         <run_address>0x2320</run_address>
         <size>0x40</size>
         <input_file_ref idref="fl-82"/>
      </object_component>
      <object_component id="oc-88">
         <name>.text:_IRQ_enable</name>
         <load_address>0x2360</load_address>
         <run_address>0x2360</run_address>
         <size>0x20</size>
         <input_file_ref idref="fl-87"/>
      </object_component>
      <object_component id="oc-82">
         <name>.text:_IRQ_globalDisable</name>
         <load_address>0x2380</load_address>
         <run_address>0x2380</run_address>
         <size>0x20</size>
         <input_file_ref idref="fl-87"/>
      </object_component>
      <object_component id="oc-86">
         <name>.text:_IRQ_globalEnable</name>
         <load_address>0x23a0</load_address>
         <run_address>0x23a0</run_address>
         <size>0x20</size>
         <input_file_ref idref="fl-87"/>
      </object_component>
      <object_component id="oc-87">
         <name>.text:_IRQ_nmiEnable</name>
         <load_address>0x23c0</load_address>
         <run_address>0x23c0</run_address>
         <size>0x20</size>
         <input_file_ref idref="fl-87"/>
      </object_component>
      <object_component id="oc-83">
         <name>.text:_MCBSP_getXmtEventId</name>
         <load_address>0x23e0</load_address>
         <run_address>0x23e0</run_address>
         <size>0x20</size>
         <input_file_ref idref="fl-88"/>
      </object_component>
      <object_component id="oc-78">
         <name>.text:_MCBSP_read</name>
         <load_address>0x2400</load_address>
         <run_address>0x2400</run_address>
         <size>0x20</size>
         <input_file_ref idref="fl-88"/>
      </object_component>
      <object_component id="oc-77">
         <name>.text:_MCBSP_rrdy</name>
         <load_address>0x2420</load_address>
         <run_address>0x2420</run_address>
         <size>0x20</size>
         <input_file_ref idref="fl-88"/>
      </object_component>
      <object_component id="oc-7a">
         <name>.text:_MCBSP_write</name>
         <load_address>0x2440</load_address>
         <run_address>0x2440</run_address>
         <size>0x20</size>
         <input_file_ref idref="fl-88"/>
      </object_component>
      <object_component id="oc-79">
         <name>.text:_MCBSP_xrdy</name>
         <load_address>0x2460</load_address>
         <run_address>0x2460</run_address>
         <size>0x20</size>
         <input_file_ref idref="fl-88"/>
      </object_component>
      <object_component id="oc-7f">
         <name>.text:_abort</name>
         <load_address>0x2480</load_address>
         <run_address>0x2480</run_address>
         <size>0x20</size>
         <input_file_ref idref="fl-81"/>
      </object_component>
      <object_component id="oc-33">
         <name>.text</name>
         <load_address>0x24a0</load_address>
         <run_address>0x24a0</run_address>
         <size>0x20</size>
         <input_file_ref idref="fl-87"/>
      </object_component>
      <object_component id="oc-34">
         <name>.cinit</name>
         <load_address>0x2c08</load_address>
         <run_address>0x2c08</run_address>
         <size>0x12c</size>
         <input_file_ref idref="fl-87"/>
      </object_component>
      <object_component id="oc-39">
         <name>.cinit</name>
         <load_address>0x2d38</load_address>
         <run_address>0x2d38</run_address>
         <size>0x7c</size>
         <input_file_ref idref="fl-88"/>
      </object_component>
      <object_component id="oc-10">
         <name>.cinit</name>
         <load_address>0x2db8</load_address>
         <run_address>0x2db8</run_address>
         <size>0x70</size>
         <input_file_ref idref="fl-2"/>
      </object_component>
      <object_component id="oc-16">
         <name>.cinit</name>
         <load_address>0x2e28</load_address>
         <run_address>0x2e28</run_address>
         <size>0x5c</size>
         <input_file_ref idref="fl-3"/>
      </object_component>
      <object_component id="oc-20">
         <name>.cinit</name>
         <load_address>0x2e88</load_address>
         <run_address>0x2e88</run_address>
         <size>0x2c</size>
         <input_file_ref idref="fl-81"/>
      </object_component>
      <object_component id="oc-54">
         <name>.cinit</name>
         <load_address>0x2eb8</load_address>
         <run_address>0x2eb8</run_address>
         <size>0x28</size>
         <input_file_ref idref="fl-8c"/>
      </object_component>
      <object_component id="oc-4d">
         <name>.cinit</name>
         <load_address>0x2ee0</load_address>
         <run_address>0x2ee0</run_address>
         <size>0x1c</size>
         <input_file_ref idref="fl-8b"/>
      </object_component>
      <object_component id="oc-1c">
         <name>.stack</name>
         <uninitialized>true</uninitialized>
         <run_address>0x24c0</run_address>
         <size>0x8</size>
         <input_file_ref idref="fl-80"/>
      </object_component>
      <object_component id="oc-9f">
         <name>.stack</name>
         <uninitialized>true</uninitialized>
         <run_address>0x24c0</run_address>
         <size>0x0</size>
      </object_component>
      <object_component id="oc-40">
         <name>.const</name>
         <load_address>0x2f04</load_address>
         <run_address>0x2f04</run_address>
         <size>0xc0</size>
         <input_file_ref idref="fl-89"/>
      </object_component>
      <object_component id="oc-47">
         <name>.const</name>
         <load_address>0x2fc4</load_address>
         <run_address>0x2fc4</run_address>
         <size>0x70</size>
         <input_file_ref idref="fl-8a"/>
      </object_component>
      <object_component id="oc-11">
         <name>.far</name>
         <uninitialized>true</uninitialized>
         <run_address>0x28c0</run_address>
         <size>0x148</size>
         <input_file_ref idref="fl-2"/>
      </object_component>
      <object_component id="oc-17">
         <name>.far</name>
         <uninitialized>true</uninitialized>
         <run_address>0x2b08</run_address>
         <size>0x5a</size>
         <input_file_ref idref="fl-3"/>
      </object_component>
      <object_component id="oc-21">
         <name>.far</name>
         <uninitialized>true</uninitialized>
         <run_address>0x2bf4</run_address>
         <size>0xc</size>
         <input_file_ref idref="fl-81"/>
      </object_component>
      <object_component id="oc-35">
         <name>.far</name>
         <uninitialized>true</uninitialized>
         <run_address>0x2a08</run_address>
         <size>0x100</size>
         <input_file_ref idref="fl-87"/>
      </object_component>
      <object_component id="oc-3a">
         <name>.far</name>
         <uninitialized>true</uninitialized>
         <run_address>0x2b68</run_address>
         <size>0x54</size>
         <input_file_ref idref="fl-88"/>
      </object_component>
      <object_component id="oc-3f">
         <name>.far</name>
         <uninitialized>true</uninitialized>
         <run_address>0x2b62</run_address>
         <size>0x4</size>
         <input_file_ref idref="fl-89"/>
      </object_component>
      <object_component id="oc-46">
         <name>.far</name>
         <uninitialized>true</uninitialized>
         <run_address>0x2c00</run_address>
         <size>0x8</size>
         <input_file_ref idref="fl-8a"/>
      </object_component>
      <object_component id="oc-4e">
         <name>.far</name>
         <uninitialized>true</uninitialized>
         <run_address>0x2be0</run_address>
         <size>0x14</size>
         <input_file_ref idref="fl-8b"/>
      </object_component>
      <object_component id="oc-55">
         <name>.far</name>
         <uninitialized>true</uninitialized>
         <run_address>0x2bc0</run_address>
         <size>0x20</size>
         <input_file_ref idref="fl-8c"/>
      </object_component>
      <object_component id="oc-60">
         <name>.far</name>
         <uninitialized>true</uninitialized>
         <run_address>0x2b66</run_address>
         <size>0x2</size>
         <input_file_ref idref="fl-8e"/>
      </object_component>
      <object_component id="oc-f">
         <name>.debug_info</name>
         <load_address>0x0</load_address>
         <run_address>0x0</run_address>
         <size>0xca3</size>
         <input_file_ref idref="fl-2"/>
      </object_component>
      <object_component id="oc-15">
         <name>.debug_info</name>
         <load_address>0xca3</load_address>
         <run_address>0xca3</run_address>
         <size>0x1561</size>
         <input_file_ref idref="fl-3"/>
      </object_component>
      <object_component id="oc-1b">
         <name>.debug_info</name>
         <load_address>0x2204</load_address>
         <run_address>0x2204</run_address>
         <size>0x73c</size>
         <input_file_ref idref="fl-80"/>
      </object_component>
      <object_component id="oc-1f">
         <name>.debug_info</name>
         <load_address>0x2940</load_address>
         <run_address>0x2940</run_address>
         <size>0x86a</size>
         <input_file_ref idref="fl-81"/>
      </object_component>
      <object_component id="oc-24">
         <name>.debug_info</name>
         <load_address>0x31aa</load_address>
         <run_address>0x31aa</run_address>
         <size>0x712</size>
         <input_file_ref idref="fl-82"/>
      </object_component>
      <object_component id="oc-27">
         <name>.debug_info</name>
         <load_address>0x38bc</load_address>
         <run_address>0x38bc</run_address>
         <size>0x8e9</size>
         <input_file_ref idref="fl-83"/>
      </object_component>
      <object_component id="oc-2a">
         <name>.debug_info</name>
         <load_address>0x41a5</load_address>
         <run_address>0x41a5</run_address>
         <size>0x761</size>
         <input_file_ref idref="fl-84"/>
      </object_component>
      <object_component id="oc-2d">
         <name>.debug_info</name>
         <load_address>0x4906</load_address>
         <run_address>0x4906</run_address>
         <size>0x857</size>
         <input_file_ref idref="fl-85"/>
      </object_component>
      <object_component id="oc-30">
         <name>.debug_info</name>
         <load_address>0x515d</load_address>
         <run_address>0x515d</run_address>
         <size>0x110</size>
         <input_file_ref idref="fl-86"/>
      </object_component>
      <object_component id="oc-37">
         <name>.debug_info</name>
         <load_address>0x526d</load_address>
         <run_address>0x526d</run_address>
         <size>0xcc6</size>
         <input_file_ref idref="fl-87"/>
      </object_component>
      <object_component id="oc-3c">
         <name>.debug_info</name>
         <load_address>0x5f33</load_address>
         <run_address>0x5f33</run_address>
         <size>0xfac</size>
         <input_file_ref idref="fl-88"/>
      </object_component>
      <object_component id="oc-42">
         <name>.debug_info</name>
         <load_address>0x6edf</load_address>
         <run_address>0x6edf</run_address>
         <size>0xd57</size>
         <input_file_ref idref="fl-89"/>
      </object_component>
      <object_component id="oc-49">
         <name>.debug_info</name>
         <load_address>0x7c36</load_address>
         <run_address>0x7c36</run_address>
         <size>0xbbd</size>
         <input_file_ref idref="fl-8a"/>
      </object_component>
      <object_component id="oc-50">
         <name>.debug_info</name>
         <load_address>0x87f3</load_address>
         <run_address>0x87f3</run_address>
         <size>0xba3</size>
         <input_file_ref idref="fl-8b"/>
      </object_component>
      <object_component id="oc-57">
         <name>.debug_info</name>
         <load_address>0x9396</load_address>
         <run_address>0x9396</run_address>
         <size>0x78a</size>
         <input_file_ref idref="fl-8c"/>
      </object_component>
      <object_component id="oc-5c">
         <name>.debug_info</name>
         <load_address>0x9b20</load_address>
         <run_address>0x9b20</run_address>
         <size>0x641</size>
         <input_file_ref idref="fl-8d"/>
      </object_component>
      <object_component id="oc-62">
         <name>.debug_info</name>
         <load_address>0xa161</load_address>
         <run_address>0xa161</run_address>
         <size>0x7c2</size>
         <input_file_ref idref="fl-8e"/>
      </object_component>
      <object_component id="oc-65">
         <name>.debug_info</name>
         <load_address>0xa923</load_address>
         <run_address>0xa923</run_address>
         <size>0x107</size>
         <input_file_ref idref="fl-8f"/>
      </object_component>
      <object_component id="oc-69">
         <name>.debug_info</name>
         <load_address>0xaa2a</load_address>
         <run_address>0xaa2a</run_address>
         <size>0x730</size>
         <input_file_ref idref="fl-90"/>
      </object_component>
      <object_component id="oc-6c">
         <name>.debug_info</name>
         <load_address>0xb15a</load_address>
         <run_address>0xb15a</run_address>
         <size>0x730</size>
         <input_file_ref idref="fl-91"/>
      </object_component>
      <object_component id="oc-a0">
         <name>.debug_info</name>
         <load_address>0xb88a</load_address>
         <run_address>0xb88a</run_address>
         <size>0x6e</size>
      </object_component>
      <object_component id="oc-12">
         <name>.debug_frame</name>
         <load_address>0x0</load_address>
         <run_address>0x0</run_address>
         <size>0x293</size>
         <input_file_ref idref="fl-2"/>
      </object_component>
      <object_component id="oc-18">
         <name>.debug_frame</name>
         <load_address>0x293</load_address>
         <run_address>0x293</run_address>
         <size>0x34d</size>
         <input_file_ref idref="fl-3"/>
      </object_component>
      <object_component id="oc-44">
         <name>.debug_frame</name>
         <load_address>0x5e0</load_address>
         <run_address>0x5e0</run_address>
         <size>0x1d4</size>
         <input_file_ref idref="fl-89"/>
      </object_component>
      <object_component id="oc-4b">
         <name>.debug_frame</name>
         <load_address>0x7b4</load_address>
         <run_address>0x7b4</run_address>
         <size>0x134</size>
         <input_file_ref idref="fl-8a"/>
      </object_component>
      <object_component id="oc-52">
         <name>.debug_frame</name>
         <load_address>0x8e8</load_address>
         <run_address>0x8e8</run_address>
         <size>0x174</size>
         <input_file_ref idref="fl-8b"/>
      </object_component>
      <object_component id="oc-59">
         <name>.debug_frame</name>
         <load_address>0xa5c</load_address>
         <run_address>0xa5c</run_address>
         <size>0x130</size>
         <input_file_ref idref="fl-8c"/>
      </object_component>
      <object_component id="oc-5e">
         <name>.debug_frame</name>
         <load_address>0xb8c</load_address>
         <run_address>0xb8c</run_address>
         <size>0x14c</size>
         <input_file_ref idref="fl-8d"/>
      </object_component>
      <object_component id="oc-64">
         <name>.debug_frame</name>
         <load_address>0xcd8</load_address>
         <run_address>0xcd8</run_address>
         <size>0x190</size>
         <input_file_ref idref="fl-8e"/>
      </object_component>
      <object_component id="oc-13">
         <name>.debug_line</name>
         <load_address>0x0</load_address>
         <run_address>0x0</run_address>
         <size>0xd0</size>
         <input_file_ref idref="fl-2"/>
      </object_component>
      <object_component id="oc-19">
         <name>.debug_line</name>
         <load_address>0xd0</load_address>
         <run_address>0xd0</run_address>
         <size>0x158</size>
         <input_file_ref idref="fl-3"/>
      </object_component>
      <object_component id="oc-1d">
         <name>.debug_line</name>
         <load_address>0x228</load_address>
         <run_address>0x228</run_address>
         <size>0x3d</size>
         <input_file_ref idref="fl-80"/>
      </object_component>
      <object_component id="oc-22">
         <name>.debug_line</name>
         <load_address>0x265</load_address>
         <run_address>0x265</run_address>
         <size>0x4f</size>
         <input_file_ref idref="fl-81"/>
      </object_component>
      <object_component id="oc-25">
         <name>.debug_line</name>
         <load_address>0x2b4</load_address>
         <run_address>0x2b4</run_address>
         <size>0x41</size>
         <input_file_ref idref="fl-82"/>
      </object_component>
      <object_component id="oc-28">
         <name>.debug_line</name>
         <load_address>0x2f5</load_address>
         <run_address>0x2f5</run_address>
         <size>0x47</size>
         <input_file_ref idref="fl-83"/>
      </object_component>
      <object_component id="oc-2b">
         <name>.debug_line</name>
         <load_address>0x33c</load_address>
         <run_address>0x33c</run_address>
         <size>0x45</size>
         <input_file_ref idref="fl-84"/>
      </object_component>
      <object_component id="oc-2e">
         <name>.debug_line</name>
         <load_address>0x381</load_address>
         <run_address>0x381</run_address>
         <size>0x44</size>
         <input_file_ref idref="fl-85"/>
      </object_component>
      <object_component id="oc-31">
         <name>.debug_line</name>
         <load_address>0x3c5</load_address>
         <run_address>0x3c5</run_address>
         <size>0x4f</size>
         <input_file_ref idref="fl-86"/>
      </object_component>
      <object_component id="oc-38">
         <name>.debug_line</name>
         <load_address>0x414</load_address>
         <run_address>0x414</run_address>
         <size>0x109</size>
         <input_file_ref idref="fl-87"/>
      </object_component>
      <object_component id="oc-3d">
         <name>.debug_line</name>
         <load_address>0x51d</load_address>
         <run_address>0x51d</run_address>
         <size>0x13f</size>
         <input_file_ref idref="fl-88"/>
      </object_component>
      <object_component id="oc-43">
         <name>.debug_line</name>
         <load_address>0x65c</load_address>
         <run_address>0x65c</run_address>
         <size>0x102</size>
         <input_file_ref idref="fl-89"/>
      </object_component>
      <object_component id="oc-4a">
         <name>.debug_line</name>
         <load_address>0x75e</load_address>
         <run_address>0x75e</run_address>
         <size>0x72</size>
         <input_file_ref idref="fl-8a"/>
      </object_component>
      <object_component id="oc-51">
         <name>.debug_line</name>
         <load_address>0x7d0</load_address>
         <run_address>0x7d0</run_address>
         <size>0xa7</size>
         <input_file_ref idref="fl-8b"/>
      </object_component>
      <object_component id="oc-58">
         <name>.debug_line</name>
         <load_address>0x877</load_address>
         <run_address>0x877</run_address>
         <size>0x69</size>
         <input_file_ref idref="fl-8c"/>
      </object_component>
      <object_component id="oc-5d">
         <name>.debug_line</name>
         <load_address>0x8e0</load_address>
         <run_address>0x8e0</run_address>
         <size>0x5e</size>
         <input_file_ref idref="fl-8d"/>
      </object_component>
      <object_component id="oc-63">
         <name>.debug_line</name>
         <load_address>0x93e</load_address>
         <run_address>0x93e</run_address>
         <size>0xa0</size>
         <input_file_ref idref="fl-8e"/>
      </object_component>
      <object_component id="oc-66">
         <name>.debug_line</name>
         <load_address>0x9de</load_address>
         <run_address>0x9de</run_address>
         <size>0x48</size>
         <input_file_ref idref="fl-8f"/>
      </object_component>
      <object_component id="oc-6a">
         <name>.debug_line</name>
         <load_address>0xa26</load_address>
         <run_address>0xa26</run_address>
         <size>0x5a</size>
         <input_file_ref idref="fl-90"/>
      </object_component>
      <object_component id="oc-6d">
         <name>.debug_line</name>
         <load_address>0xa80</load_address>
         <run_address>0xa80</run_address>
         <size>0x5a</size>
         <input_file_ref idref="fl-91"/>
      </object_component>
      <object_component id="oc-14">
         <name>.debug_abbrev</name>
         <load_address>0x0</load_address>
         <run_address>0x0</run_address>
         <size>0x101</size>
         <input_file_ref idref="fl-2"/>
      </object_component>
      <object_component id="oc-1a">
         <name>.debug_abbrev</name>
         <load_address>0x101</load_address>
         <run_address>0x101</run_address>
         <size>0x18e</size>
         <input_file_ref idref="fl-3"/>
      </object_component>
      <object_component id="oc-1e">
         <name>.debug_abbrev</name>
         <load_address>0x28f</load_address>
         <run_address>0x28f</run_address>
         <size>0xfe</size>
         <input_file_ref idref="fl-80"/>
      </object_component>
      <object_component id="oc-23">
         <name>.debug_abbrev</name>
         <load_address>0x38d</load_address>
         <run_address>0x38d</run_address>
         <size>0x119</size>
         <input_file_ref idref="fl-81"/>
      </object_component>
      <object_component id="oc-26">
         <name>.debug_abbrev</name>
         <load_address>0x4a6</load_address>
         <run_address>0x4a6</run_address>
         <size>0xe1</size>
         <input_file_ref idref="fl-82"/>
      </object_component>
      <object_component id="oc-29">
         <name>.debug_abbrev</name>
         <load_address>0x587</load_address>
         <run_address>0x587</run_address>
         <size>0x13f</size>
         <input_file_ref idref="fl-83"/>
      </object_component>
      <object_component id="oc-2c">
         <name>.debug_abbrev</name>
         <load_address>0x6c6</load_address>
         <run_address>0x6c6</run_address>
         <size>0xdd</size>
         <input_file_ref idref="fl-84"/>
      </object_component>
      <object_component id="oc-2f">
         <name>.debug_abbrev</name>
         <load_address>0x7a3</load_address>
         <run_address>0x7a3</run_address>
         <size>0x10c</size>
         <input_file_ref idref="fl-85"/>
      </object_component>
      <object_component id="oc-32">
         <name>.debug_abbrev</name>
         <load_address>0x8af</load_address>
         <run_address>0x8af</run_address>
         <size>0x3b</size>
         <input_file_ref idref="fl-86"/>
      </object_component>
      <object_component id="oc-36">
         <name>.debug_abbrev</name>
         <load_address>0x8ea</load_address>
         <run_address>0x8ea</run_address>
         <size>0x1b7</size>
         <input_file_ref idref="fl-87"/>
      </object_component>
      <object_component id="oc-3b">
         <name>.debug_abbrev</name>
         <load_address>0xaa1</load_address>
         <run_address>0xaa1</run_address>
         <size>0x1a3</size>
         <input_file_ref idref="fl-88"/>
      </object_component>
      <object_component id="oc-41">
         <name>.debug_abbrev</name>
         <load_address>0xc44</load_address>
         <run_address>0xc44</run_address>
         <size>0x162</size>
         <input_file_ref idref="fl-89"/>
      </object_component>
      <object_component id="oc-48">
         <name>.debug_abbrev</name>
         <load_address>0xda6</load_address>
         <run_address>0xda6</run_address>
         <size>0x11c</size>
         <input_file_ref idref="fl-8a"/>
      </object_component>
      <object_component id="oc-4f">
         <name>.debug_abbrev</name>
         <load_address>0xec2</load_address>
         <run_address>0xec2</run_address>
         <size>0x154</size>
         <input_file_ref idref="fl-8b"/>
      </object_component>
      <object_component id="oc-56">
         <name>.debug_abbrev</name>
         <load_address>0x1016</load_address>
         <run_address>0x1016</run_address>
         <size>0xf0</size>
         <input_file_ref idref="fl-8c"/>
      </object_component>
      <object_component id="oc-5b">
         <name>.debug_abbrev</name>
         <load_address>0x1106</load_address>
         <run_address>0x1106</run_address>
         <size>0xd7</size>
         <input_file_ref idref="fl-8d"/>
      </object_component>
      <object_component id="oc-61">
         <name>.debug_abbrev</name>
         <load_address>0x11dd</load_address>
         <run_address>0x11dd</run_address>
         <size>0xc8</size>
         <input_file_ref idref="fl-8e"/>
      </object_component>
      <object_component id="oc-67">
         <name>.debug_abbrev</name>
         <load_address>0x12a5</load_address>
         <run_address>0x12a5</run_address>
         <size>0x3b</size>
         <input_file_ref idref="fl-8f"/>
      </object_component>
      <object_component id="oc-68">
         <name>.debug_abbrev</name>
         <load_address>0x12e0</load_address>
         <run_address>0x12e0</run_address>
         <size>0xe0</size>
         <input_file_ref idref="fl-90"/>
      </object_component>
      <object_component id="oc-6b">
         <name>.debug_abbrev</name>
         <load_address>0x13c0</load_address>
         <run_address>0x13c0</run_address>
         <size>0xe0</size>
         <input_file_ref idref="fl-91"/>
      </object_component>
      <object_component id="oc-a1">
         <name>.debug_abbrev</name>
         <load_address>0x14a0</load_address>
         <run_address>0x14a0</run_address>
         <size>0xd</size>
      </object_component>
   </object_component_list>
   <logical_group_list>
      <logical_group id="lg-2">
         <name>.EXT_RAM</name>
         <run_address>0x0</run_address>
         <size>0x0</size>
         <contents>
         </contents>
      </logical_group>
      <logical_group id="lg-3">
         <name>.vectors</name>
         <run_address>0x0</run_address>
         <size>0x0</size>
         <contents>
         </contents>
      </logical_group>
      <logical_group id="lg-4">
         <name>.text</name>
         <load_address>0x220</load_address>
         <run_address>0x220</run_address>
         <size>0x22a0</size>
         <contents>
            <object_component_ref idref="oc-81"/>
            <object_component_ref idref="oc-3e"/>
            <object_component_ref idref="oc-7e"/>
            <object_component_ref idref="oc-45"/>
            <object_component_ref idref="oc-4c"/>
            <object_component_ref idref="oc-84"/>
            <object_component_ref idref="oc-80"/>
            <object_component_ref idref="oc-5f"/>
            <object_component_ref idref="oc-53"/>
            <object_component_ref idref="oc-74"/>
            <object_component_ref idref="oc-76"/>
            <object_component_ref idref="oc-6e"/>
            <object_component_ref idref="oc-7c"/>
            <object_component_ref idref="oc-75"/>
            <object_component_ref idref="oc-71"/>
            <object_component_ref idref="oc-70"/>
            <object_component_ref idref="oc-89"/>
            <object_component_ref idref="oc-73"/>
            <object_component_ref idref="oc-72"/>
            <object_component_ref idref="oc-7b"/>
            <object_component_ref idref="oc-7d"/>
            <object_component_ref idref="oc-5a"/>
            <object_component_ref idref="oc-e"/>
            <object_component_ref idref="oc-85"/>
            <object_component_ref idref="oc-6f"/>
            <object_component_ref idref="oc-88"/>
            <object_component_ref idref="oc-82"/>
            <object_component_ref idref="oc-86"/>
            <object_component_ref idref="oc-87"/>
            <object_component_ref idref="oc-83"/>
            <object_component_ref idref="oc-78"/>
            <object_component_ref idref="oc-77"/>
            <object_component_ref idref="oc-7a"/>
            <object_component_ref idref="oc-79"/>
            <object_component_ref idref="oc-7f"/>
            <object_component_ref idref="oc-33"/>
         </contents>
      </logical_group>
      <logical_group id="lg-5">
         <name>.bss</name>
         <run_address>0x220</run_address>
         <size>0x0</size>
         <contents>
         </contents>
      </logical_group>
      <logical_group id="lg-6">
         <name>.cinit</name>
         <load_address>0x2c08</load_address>
         <run_address>0x2c08</run_address>
         <size>0x2fc</size>
         <contents>
            <object_component_ref idref="oc-34"/>
            <object_component_ref idref="oc-39"/>
            <object_component_ref idref="oc-10"/>
            <object_component_ref idref="oc-16"/>
            <object_component_ref idref="oc-20"/>
            <object_component_ref idref="oc-54"/>
            <object_component_ref idref="oc-4d"/>
         </contents>
      </logical_group>
      <logical_group id="lg-7">
         <name>.stack</name>
         <run_address>0x24c0</run_address>
         <size>0x400</size>
         <contents>
            <object_component_ref idref="oc-1c"/>
            <object_component_ref idref="oc-9f"/>
         </contents>
      </logical_group>
      <logical_group id="lg-8">
         <name>.sysmem</name>
         <run_address>0x0</run_address>
         <size>0x0</size>
         <contents>
         </contents>
      </logical_group>
      <logical_group id="lg-9">
         <name>.const</name>
         <load_address>0x2f04</load_address>
         <run_address>0x2f04</run_address>
         <size>0x130</size>
         <contents>
            <object_component_ref idref="oc-40"/>
            <object_component_ref idref="oc-47"/>
         </contents>
      </logical_group>
      <logical_group id="lg-a">
         <name>.switch</name>
         <run_address>0x0</run_address>
         <size>0x0</size>
         <contents>
         </contents>
      </logical_group>
      <logical_group id="lg-b">
         <name>.far</name>
         <run_address>0x28c0</run_address>
         <size>0x348</size>
         <contents>
            <object_component_ref idref="oc-11"/>
            <object_component_ref idref="oc-17"/>
            <object_component_ref idref="oc-21"/>
            <object_component_ref idref="oc-35"/>
            <object_component_ref idref="oc-3a"/>
            <object_component_ref idref="oc-3f"/>
            <object_component_ref idref="oc-46"/>
            <object_component_ref idref="oc-4e"/>
            <object_component_ref idref="oc-55"/>
            <object_component_ref idref="oc-60"/>
         </contents>
      </logical_group>
      <logical_group id="lg-c">
         <name>.cio</name>
         <run_address>0x0</run_address>
         <size>0x0</size>
         <contents>
         </contents>
      </logical_group>
      <logical_group id="lg-d">
         <name>.csldata</name>
         <run_address>0x0</run_address>
         <size>0x0</size>
         <contents>
         </contents>
      </logical_group>
      <logical_group id="lg-96">
         <name>.debug_info</name>
         <load_address>0x0</load_address>
         <run_address>0x0</run_address>
         <size>0xb8f8</size>
         <contents>
            <object_component_ref idref="oc-f"/>
            <object_component_ref idref="oc-15"/>
            <object_component_ref idref="oc-1b"/>
            <object_component_ref idref="oc-1f"/>
            <object_component_ref idref="oc-24"/>
            <object_component_ref idref="oc-27"/>
            <object_component_ref idref="oc-2a"/>
            <object_component_ref idref="oc-2d"/>
            <object_component_ref idref="oc-30"/>
            <object_component_ref idref="oc-37"/>
            <object_component_ref idref="oc-3c"/>
            <object_component_ref idref="oc-42"/>
            <object_component_ref idref="oc-49"/>
            <object_component_ref idref="oc-50"/>
            <object_component_ref idref="oc-57"/>
            <object_component_ref idref="oc-5c"/>
            <object_component_ref idref="oc-62"/>
            <object_component_ref idref="oc-65"/>
            <object_component_ref idref="oc-69"/>
            <object_component_ref idref="oc-6c"/>
            <object_component_ref idref="oc-a0"/>
         </contents>
      </logical_group>
      <logical_group id="lg-98">
         <name>.debug_frame</name>
         <load_address>0x0</load_address>
         <run_address>0x0</run_address>
         <size>0xe68</size>
         <contents>
            <object_component_ref idref="oc-12"/>
            <object_component_ref idref="oc-18"/>
            <object_component_ref idref="oc-44"/>
            <object_component_ref idref="oc-4b"/>
            <object_component_ref idref="oc-52"/>
            <object_component_ref idref="oc-59"/>
            <object_component_ref idref="oc-5e"/>
            <object_component_ref idref="oc-64"/>
         </contents>
      </logical_group>
      <logical_group id="lg-9a">
         <name>.debug_line</name>
         <load_address>0x0</load_address>
         <run_address>0x0</run_address>
         <size>0xada</size>
         <contents>
            <object_component_ref idref="oc-13"/>
            <object_component_ref idref="oc-19"/>
            <object_component_ref idref="oc-1d"/>
            <object_component_ref idref="oc-22"/>
            <object_component_ref idref="oc-25"/>
            <object_component_ref idref="oc-28"/>
            <object_component_ref idref="oc-2b"/>
            <object_component_ref idref="oc-2e"/>
            <object_component_ref idref="oc-31"/>
            <object_component_ref idref="oc-38"/>
            <object_component_ref idref="oc-3d"/>
            <object_component_ref idref="oc-43"/>
            <object_component_ref idref="oc-4a"/>
            <object_component_ref idref="oc-51"/>
            <object_component_ref idref="oc-58"/>
            <object_component_ref idref="oc-5d"/>
            <object_component_ref idref="oc-63"/>
            <object_component_ref idref="oc-66"/>
            <object_component_ref idref="oc-6a"/>
            <object_component_ref idref="oc-6d"/>
         </contents>
      </logical_group>
      <logical_group id="lg-9c">
         <name>.debug_abbrev</name>
         <load_address>0x0</load_address>
         <run_address>0x0</run_address>
         <size>0x14ad</size>
         <contents>
            <object_component_ref idref="oc-14"/>
            <object_component_ref idref="oc-1a"/>
            <object_component_ref idref="oc-1e"/>
            <object_component_ref idref="oc-23"/>
            <object_component_ref idref="oc-26"/>
            <object_component_ref idref="oc-29"/>
            <object_component_ref idref="oc-2c"/>
            <object_component_ref idref="oc-2f"/>
            <object_component_ref idref="oc-32"/>
            <object_component_ref idref="oc-36"/>
            <object_component_ref idref="oc-3b"/>
            <object_component_ref idref="oc-41"/>
            <object_component_ref idref="oc-48"/>
            <object_component_ref idref="oc-4f"/>
            <object_component_ref idref="oc-56"/>
            <object_component_ref idref="oc-5b"/>
            <object_component_ref idref="oc-61"/>
            <object_component_ref idref="oc-67"/>
            <object_component_ref idref="oc-68"/>
            <object_component_ref idref="oc-6b"/>
            <object_component_ref idref="oc-a1"/>
         </contents>
      </logical_group>
   </logical_group_list>
   <placement_map>
      <memory_area>
         <name>IVECS</name>
         <page_id>0x0</page_id>
         <origin>0x0</origin>
         <length>0x220</length>
         <used_space>0x0</used_space>
         <unused_space>0x220</unused_space>
         <attributes>RWIX</attributes>
         <usage_details>
         </usage_details>
      </memory_area>
      <memory_area>
         <name>IRAM</name>
         <page_id>0x0</page_id>
         <origin>0x220</origin>
         <length>0x2fde0</length>
         <used_space>0x2e14</used_space>
         <unused_space>0x2cfcc</unused_space>
         <attributes>RWIX</attributes>
         <usage_details>
            <allocated_space>
               <start_address>0x220</start_address>
               <size>0x0</size>
               <logical_group_ref idref="lg-5"/>
            </allocated_space>
            <allocated_space>
               <start_address>0x220</start_address>
               <size>0x22a0</size>
               <logical_group_ref idref="lg-4"/>
            </allocated_space>
            <allocated_space>
               <start_address>0x24c0</start_address>
               <size>0x400</size>
               <logical_group_ref idref="lg-7"/>
            </allocated_space>
            <allocated_space>
               <start_address>0x28c0</start_address>
               <size>0x348</size>
               <logical_group_ref idref="lg-b"/>
            </allocated_space>
            <allocated_space>
               <start_address>0x2c08</start_address>
               <size>0x2fc</size>
               <logical_group_ref idref="lg-6"/>
            </allocated_space>
            <allocated_space>
               <start_address>0x2f04</start_address>
               <size>0x130</size>
               <logical_group_ref idref="lg-9"/>
            </allocated_space>
            <available_space>
               <start_address>0x3034</start_address>
               <size>0x2cfcc</size>
            </available_space>
         </usage_details>
      </memory_area>
      <memory_area>
         <name>SDRAM</name>
         <page_id>0x0</page_id>
         <origin>0x80000000</origin>
         <length>0x100000</length>
         <used_space>0x0</used_space>
         <unused_space>0x100000</unused_space>
         <attributes>RWIX</attributes>
         <usage_details>
         </usage_details>
      </memory_area>
      <memory_area>
         <name>FLASH</name>
         <page_id>0x0</page_id>
         <origin>0x90000000</origin>
         <length>0x20000</length>
         <used_space>0x0</used_space>
         <unused_space>0x20000</unused_space>
         <attributes>RWIX</attributes>
         <usage_details>
         </usage_details>
      </memory_area>
   </placement_map>
   <symbol_table>
      <symbol id="sm-0">
         <name>cinit</name>
         <value>0x2c08</value>
      </symbol>
      <symbol id="sm-1">
         <name>___cinit__</name>
         <value>0x2c08</value>
      </symbol>
      <symbol id="sm-2">
         <name>pinit</name>
         <value>0xffffffff</value>
      </symbol>
      <symbol id="sm-3">
         <name>___pinit__</name>
         <value>0xffffffff</value>
      </symbol>
      <symbol id="sm-4">
         <name>binit</name>
         <value>0xffffffff</value>
      </symbol>
      <symbol id="sm-5">
         <name>___binit__</name>
         <value>0xffffffff</value>
      </symbol>
      <symbol id="sm-6">
         <name>__STACK_SIZE</name>
         <value>0x400</value>
      </symbol>
      <symbol id="sm-7">
         <name>__STACK_END</name>
         <value>0x28c0</value>
      </symbol>
      <symbol id="sm-8">
         <name>___c_args__</name>
         <value>0xffffffff</value>
      </symbol>
      <symbol id="sm-9">
         <name>.text</name>
         <value>0x220</value>
      </symbol>
      <symbol id="sm-a">
         <name>___text__</name>
         <value>0x220</value>
      </symbol>
      <symbol id="sm-b">
         <name>etext</name>
         <value>0x24c0</value>
      </symbol>
      <symbol id="sm-c">
         <name>___etext__</name>
         <value>0x24c0</value>
      </symbol>
      <symbol id="sm-d">
         <name>.bss</name>
         <value>0x220</value>
      </symbol>
      <symbol id="sm-e">
         <name>___bss__</name>
         <value>0x220</value>
      </symbol>
      <symbol id="sm-f">
         <name>end</name>
         <value>0x220</value>
      </symbol>
      <symbol id="sm-10">
         <name>___end__</name>
         <value>0x220</value>
      </symbol>
      <symbol id="sm-11">
         <name>___TI_pprof_out_hndl</name>
         <value>0xffffffff</value>
      </symbol>
      <symbol id="sm-12">
         <name>___TI_prof_data_start</name>
         <value>0xffffffff</value>
      </symbol>
      <symbol id="sm-13">
         <name>___TI_prof_data_size</name>
         <value>0xffffffff</value>
      </symbol>
      <symbol id="sm-14">
         <name>$bss</name>
         <value>0x220</value>
      </symbol>
      <symbol id="sm-85">
         <name>_main</name>
         <value>0xc20</value>
         <object_component_ref idref="oc-7e"/>
      </symbol>
      <symbol id="sm-86">
         <name>_gBuffer</name>
         <value>0x2908</value>
         <object_component_ref idref="oc-11"/>
      </symbol>
      <symbol id="sm-87">
         <name>_three_angle_wave_table</name>
         <value>0x28d8</value>
         <object_component_ref idref="oc-11"/>
      </symbol>
      <symbol id="sm-88">
         <name>_bipolar_wave_table</name>
         <value>0x28f8</value>
         <object_component_ref idref="oc-11"/>
      </symbol>
      <symbol id="sm-89">
         <name>_square_wave_table</name>
         <value>0x28c8</value>
         <object_component_ref idref="oc-11"/>
      </symbol>
      <symbol id="sm-8a">
         <name>_fs</name>
         <value>0x28c0</value>
         <object_component_ref idref="oc-11"/>
      </symbol>
      <symbol id="sm-8b">
         <name>_sawtooth_wave_table</name>
         <value>0x28e8</value>
         <object_component_ref idref="oc-11"/>
      </symbol>
      <symbol id="sm-8c">
         <name>_output_wave</name>
         <value>0xcbc</value>
         <object_component_ref idref="oc-7e"/>
      </symbol>
      <symbol id="sm-8d">
         <name>_generate_wave</name>
         <value>0xc48</value>
         <object_component_ref idref="oc-7e"/>
      </symbol>
      <symbol id="sm-d6">
         <name>_comm_poll</name>
         <value>0x2c4</value>
         <object_component_ref idref="oc-81"/>
      </symbol>
      <symbol id="sm-d7">
         <name>_output_left_sample</name>
         <value>0x4c4</value>
         <object_component_ref idref="oc-81"/>
      </symbol>
      <symbol id="sm-d8">
         <name>_comm_intr</name>
         <value>0x2ec</value>
         <object_component_ref idref="oc-81"/>
      </symbol>
      <symbol id="sm-d9">
         <name>_input_left_sample</name>
         <value>0x708</value>
         <object_component_ref idref="oc-81"/>
      </symbol>
      <symbol id="sm-da">
         <name>_output_sample</name>
         <value>0x3d8</value>
         <object_component_ref idref="oc-81"/>
      </symbol>
      <symbol id="sm-db">
         <name>_c6416_dsk_init</name>
         <value>0x220</value>
         <object_component_ref idref="oc-81"/>
      </symbol>
      <symbol id="sm-dc">
         <name>_config</name>
         <value>0x2b4c</value>
         <object_component_ref idref="oc-17"/>
      </symbol>
      <symbol id="sm-dd">
         <name>_input_right_sample</name>
         <value>0x7a8</value>
         <object_component_ref idref="oc-81"/>
      </symbol>
      <symbol id="sm-de">
         <name>_AIC_data</name>
         <value>0x2b08</value>
         <object_component_ref idref="oc-17"/>
      </symbol>
      <symbol id="sm-df">
         <name>_hAIC23_handle</name>
         <value>0x2b60</value>
         <object_component_ref idref="oc-17"/>
      </symbol>
      <symbol id="sm-e0">
         <name>_AIC23CfgData</name>
         <value>0x2b14</value>
         <object_component_ref idref="oc-17"/>
      </symbol>
      <symbol id="sm-e1">
         <name>_input_sample</name>
         <value>0x630</value>
         <object_component_ref idref="oc-81"/>
      </symbol>
      <symbol id="sm-e2">
         <name>_output_right_sample</name>
         <value>0x57c</value>
         <object_component_ref idref="oc-81"/>
      </symbol>
      <symbol id="sm-ee">
         <name>_c_int00</name>
         <value>0x2280</value>
         <object_component_ref idref="oc-e"/>
      </symbol>
      <symbol id="sm-ef">
         <name>__stack</name>
         <value>0x24c0</value>
         <object_component_ref idref="oc-1c"/>
      </symbol>
      <symbol id="sm-ff">
         <name>C$$EXIT</name>
         <value>0x2480</value>
         <object_component_ref idref="oc-7f"/>
      </symbol>
      <symbol id="sm-100">
         <name>_exit</name>
         <value>0x1e20</value>
         <object_component_ref idref="oc-70"/>
      </symbol>
      <symbol id="sm-101">
         <name>___TI_enable_exit_profile_output</name>
         <value>0x2bfc</value>
         <object_component_ref idref="oc-21"/>
      </symbol>
      <symbol id="sm-102">
         <name>_abort</name>
         <value>0x2480</value>
         <object_component_ref idref="oc-7f"/>
      </symbol>
      <symbol id="sm-103">
         <name>__cleanup_ptr</name>
         <value>0x2bf4</value>
         <object_component_ref idref="oc-21"/>
      </symbol>
      <symbol id="sm-104">
         <name>__dtors_ptr</name>
         <value>0x2bf8</value>
         <object_component_ref idref="oc-21"/>
      </symbol>
      <symbol id="sm-10e">
         <name>__args_main</name>
         <value>0x2320</value>
         <object_component_ref idref="oc-6f"/>
      </symbol>
      <symbol id="sm-10f">
         <name>__TI_args_main</name>
         <value>0x1</value>
      </symbol>
      <symbol id="sm-119">
         <name>__auto_init</name>
         <value>0x1ae0</value>
         <object_component_ref idref="oc-6e"/>
      </symbol>
      <symbol id="sm-123">
         <name>___TI_cpp_init</name>
         <value>0x2180</value>
         <object_component_ref idref="oc-7d"/>
      </symbol>
      <symbol id="sm-12d">
         <name>_copy_in</name>
         <value>0x20e0</value>
         <object_component_ref idref="oc-7b"/>
      </symbol>
      <symbol id="sm-135">
         <name>_memcpy</name>
         <value>0x1bc0</value>
         <object_component_ref idref="oc-7c"/>
      </symbol>
      <symbol id="sm-151">
         <name>__IRQ_eventTable</name>
         <value>0x2a38</value>
         <object_component_ref idref="oc-35"/>
      </symbol>
      <symbol id="sm-152">
         <name>_IRQ_nmiEnable</name>
         <value>0x23c0</value>
         <object_component_ref idref="oc-87"/>
      </symbol>
      <symbol id="sm-153">
         <name>_IRQ_reset</name>
         <value>0x22e0</value>
         <object_component_ref idref="oc-85"/>
      </symbol>
      <symbol id="sm-154">
         <name>__IRQ_intTable</name>
         <value>0x2ac0</value>
         <object_component_ref idref="oc-35"/>
      </symbol>
      <symbol id="sm-155">
         <name>_IRQ_globalEnable</name>
         <value>0x23a0</value>
         <object_component_ref idref="oc-86"/>
      </symbol>
      <symbol id="sm-156">
         <name>_IRQ_globalDisable</name>
         <value>0x2380</value>
         <object_component_ref idref="oc-82"/>
      </symbol>
      <symbol id="sm-157">
         <name>_IRQ_map</name>
         <value>0x12c0</value>
         <object_component_ref idref="oc-84"/>
      </symbol>
      <symbol id="sm-158">
         <name>_IRQ_enable</name>
         <value>0x2360</value>
         <object_component_ref idref="oc-88"/>
      </symbol>
      <symbol id="sm-159">
         <name>__IRQ_dispatchTable</name>
         <value>0x2b00</value>
         <object_component_ref idref="oc-35"/>
      </symbol>
      <symbol id="sm-15a">
         <name>__IRQ_hookFetchPacket</name>
         <value>0x24a0</value>
         <object_component_ref idref="oc-33"/>
      </symbol>
      <symbol id="sm-178">
         <name>_MCBSP_reset</name>
         <value>0x14a0</value>
         <object_component_ref idref="oc-80"/>
      </symbol>
      <symbol id="sm-179">
         <name>_MCBSP_read</name>
         <value>0x2400</value>
         <object_component_ref idref="oc-78"/>
      </symbol>
      <symbol id="sm-17a">
         <name>_MCBSP_getXmtEventId</name>
         <value>0x23e0</value>
         <object_component_ref idref="oc-83"/>
      </symbol>
      <symbol id="sm-17b">
         <name>_MCBSP_open</name>
         <value>0x1920</value>
         <object_component_ref idref="oc-74"/>
      </symbol>
      <symbol id="sm-17c">
         <name>__MCBSP_hDev0</name>
         <value>0x2bb0</value>
         <object_component_ref idref="oc-3a"/>
      </symbol>
      <symbol id="sm-17d">
         <name>__MCBSP_hDev1</name>
         <value>0x2bb4</value>
         <object_component_ref idref="oc-3a"/>
      </symbol>
      <symbol id="sm-17e">
         <name>__MCBSP_hDev2</name>
         <value>0x2bb8</value>
         <object_component_ref idref="oc-3a"/>
      </symbol>
      <symbol id="sm-17f">
         <name>_MCBSP_start</name>
         <value>0x1a00</value>
         <object_component_ref idref="oc-76"/>
      </symbol>
      <symbol id="sm-180">
         <name>_MCBSP_rrdy</name>
         <value>0x2420</value>
         <object_component_ref idref="oc-77"/>
      </symbol>
      <symbol id="sm-181">
         <name>_MCBSP_config</name>
         <value>0x1ca0</value>
         <object_component_ref idref="oc-75"/>
      </symbol>
      <symbol id="sm-182">
         <name>_MCBSP_xrdy</name>
         <value>0x2460</value>
         <object_component_ref idref="oc-79"/>
      </symbol>
      <symbol id="sm-183">
         <name>_MCBSP_write</name>
         <value>0x2440</value>
         <object_component_ref idref="oc-7a"/>
      </symbol>
      <symbol id="sm-1b3">
         <name>_DSK6416_waitusec</name>
         <value>0xb00</value>
         <object_component_ref idref="oc-3e"/>
      </symbol>
      <symbol id="sm-1b4">
         <name>_DSK6416_rget</name>
         <value>0xa10</value>
         <object_component_ref idref="oc-3e"/>
      </symbol>
      <symbol id="sm-1b5">
         <name>_DSK6416_wait</name>
         <value>0xa90</value>
         <object_component_ref idref="oc-3e"/>
      </symbol>
      <symbol id="sm-1b6">
         <name>_DSK6416_rset</name>
         <value>0xa48</value>
         <object_component_ref idref="oc-3e"/>
      </symbol>
      <symbol id="sm-1b7">
         <name>_DSK6416_version</name>
         <value>0x2b62</value>
         <object_component_ref idref="oc-3f"/>
      </symbol>
      <symbol id="sm-1b8">
         <name>_DSK6416_getVersion</name>
         <value>0xb4c</value>
         <object_component_ref idref="oc-3e"/>
      </symbol>
      <symbol id="sm-1b9">
         <name>_DSK6416_init</name>
         <value>0x860</value>
         <object_component_ref idref="oc-3e"/>
      </symbol>
      <symbol id="sm-1db">
         <name>_DSK6416_AIC23_openCodec</name>
         <value>0xe80</value>
         <object_component_ref idref="oc-45"/>
      </symbol>
      <symbol id="sm-1dc">
         <name>_DSK6416_AIC23_codecdatahandle</name>
         <value>0x2c04</value>
         <object_component_ref idref="oc-46"/>
      </symbol>
      <symbol id="sm-1dd">
         <name>_DSK6416_AIC23_codeccontrolhandle</name>
         <value>0x2c00</value>
         <object_component_ref idref="oc-46"/>
      </symbol>
      <symbol id="sm-20a">
         <name>_DSK6416_AIC23_rset</name>
         <value>0x10a0</value>
         <object_component_ref idref="oc-4c"/>
      </symbol>
      <symbol id="sm-20b">
         <name>_DSK6416_AIC23_config</name>
         <value>0x11fc</value>
         <object_component_ref idref="oc-4c"/>
      </symbol>
      <symbol id="sm-20c">
         <name>_DSK6416_AIC23_rget</name>
         <value>0x11bc</value>
         <object_component_ref idref="oc-4c"/>
      </symbol>
      <symbol id="sm-229">
         <name>_DSK6416_AIC23_setFreq</name>
         <value>0x1820</value>
         <object_component_ref idref="oc-53"/>
      </symbol>
      <symbol id="sm-239">
         <name>_DSK6416_DIP_init</name>
         <value>0x2200</value>
         <object_component_ref idref="oc-5a"/>
      </symbol>
      <symbol id="sm-23a">
         <name>_DSK6416_DIP_get</name>
         <value>0x2204</value>
         <object_component_ref idref="oc-5a"/>
      </symbol>
      <symbol id="sm-253">
         <name>_DSK6416_LED_init</name>
         <value>0x1680</value>
         <object_component_ref idref="oc-5f"/>
      </symbol>
      <symbol id="sm-254">
         <name>_DSK6416_LED_toggle</name>
         <value>0x17a0</value>
         <object_component_ref idref="oc-5f"/>
      </symbol>
      <symbol id="sm-255">
         <name>_DSK6416_LED_on</name>
         <value>0x1734</value>
         <object_component_ref idref="oc-5f"/>
      </symbol>
      <symbol id="sm-256">
         <name>_DSK6416_LED_off</name>
         <value>0x16c8</value>
         <object_component_ref idref="oc-5f"/>
      </symbol>
      <symbol id="sm-25e">
         <name>__strasg</name>
         <value>0x1d60</value>
         <object_component_ref idref="oc-71"/>
      </symbol>
      <symbol id="sm-268">
         <name>_EMIFA_config</name>
         <value>0x1fa0</value>
         <object_component_ref idref="oc-73"/>
      </symbol>
      <symbol id="sm-272">
         <name>_EMIFB_config</name>
         <value>0x2040</value>
         <object_component_ref idref="oc-72"/>
      </symbol>
   </symbol_table>
</link_info>
