<?xml version="1.0"?>
<link_info>
   <banner>TMS320C6x Linker PC v7.4.20</banner>
   <copyright>Copyright (c) 1996-2015 Texas Instruments Incorporated</copyright>
   <link_time>0x660bfe57</link_time>
   <output_file>lab_6.out</output_file>
   <entry_point>
      <name>_c_int00</name>
      <address>0x94ee0</address>
   </entry_point>
   <input_file_list>
      <input_file id="fl-2">
         <path>.\</path>
         <kind>object</kind>
         <file>Fir_block.obj</file>
         <name>Fir_block.obj</name>
      </input_file>
      <input_file id="fl-3">
         <path>.\</path>
         <kind>object</kind>
         <file>c6416dskinit.obj</file>
         <name>c6416dskinit.obj</name>
      </input_file>
      <input_file id="fl-7f">
         <path>C:\ti\ccsv7\tools\compiler\c6000_7.4.20\lib\</path>
         <kind>archive</kind>
         <file>rts6400.lib</file>
         <name>boot.obj</name>
      </input_file>
      <input_file id="fl-80">
         <path>C:\ti\ccsv7\tools\compiler\c6000_7.4.20\lib\</path>
         <kind>archive</kind>
         <file>rts6400.lib</file>
         <name>exit.obj</name>
      </input_file>
      <input_file id="fl-81">
         <path>C:\ti\ccsv7\tools\compiler\c6000_7.4.20\lib\</path>
         <kind>archive</kind>
         <file>rts6400.lib</file>
         <name>args_main.obj</name>
      </input_file>
      <input_file id="fl-82">
         <path>C:\ti\ccsv7\tools\compiler\c6000_7.4.20\lib\</path>
         <kind>archive</kind>
         <file>rts6400.lib</file>
         <name>autoinit.obj</name>
      </input_file>
      <input_file id="fl-83">
         <path>C:\ti\ccsv7\tools\compiler\c6000_7.4.20\lib\</path>
         <kind>archive</kind>
         <file>rts6400.lib</file>
         <name>cpp_init.obj</name>
      </input_file>
      <input_file id="fl-84">
         <path>C:\ti\ccsv7\tools\compiler\c6000_7.4.20\lib\</path>
         <kind>archive</kind>
         <file>rts6400.lib</file>
         <name>cpy_tbl.obj</name>
      </input_file>
      <input_file id="fl-85">
         <path>C:\ti\ccsv7\tools\compiler\c6000_7.4.20\lib\</path>
         <kind>archive</kind>
         <file>rts6400.lib</file>
         <name>memcpy64.obj</name>
      </input_file>
      <input_file id="fl-86">
         <path>C:\Users\PC\Desktop\2_ThuvienDSP\lib\</path>
         <kind>archive</kind>
         <file>csl6416.lib</file>
         <name>csl_irq.obj</name>
      </input_file>
      <input_file id="fl-87">
         <path>C:\Users\PC\Desktop\2_ThuvienDSP\lib\</path>
         <kind>archive</kind>
         <file>csl6416.lib</file>
         <name>csl_mcbsp.obj</name>
      </input_file>
      <input_file id="fl-88">
         <path>C:\Users\PC\Desktop\2_ThuvienDSP\lib\</path>
         <kind>archive</kind>
         <file>dsk6416bsl.lib</file>
         <name>dsk6416.obj</name>
      </input_file>
      <input_file id="fl-89">
         <path>C:\Users\PC\Desktop\2_ThuvienDSP\lib\</path>
         <kind>archive</kind>
         <file>dsk6416bsl.lib</file>
         <name>dsk6416_aic23_opencodec.obj</name>
      </input_file>
      <input_file id="fl-8a">
         <path>C:\Users\PC\Desktop\2_ThuvienDSP\lib\</path>
         <kind>archive</kind>
         <file>dsk6416bsl.lib</file>
         <name>dsk6416_aic23_registers.obj</name>
      </input_file>
      <input_file id="fl-8b">
         <path>C:\Users\PC\Desktop\2_ThuvienDSP\lib\</path>
         <kind>archive</kind>
         <file>dsk6416bsl.lib</file>
         <name>dsk6416_aic23_setfreq.obj</name>
      </input_file>
      <input_file id="fl-8c">
         <path>C:\Users\PC\Desktop\2_ThuvienDSP\lib\</path>
         <kind>archive</kind>
         <file>dsk6416bsl.lib</file>
         <name>dsk6416_led.obj</name>
      </input_file>
      <input_file id="fl-8d">
         <path>C:\ti\ccsv7\tools\compiler\c6000_7.4.20\lib\</path>
         <kind>archive</kind>
         <file>rts6400.lib</file>
         <name>strasg.obj</name>
      </input_file>
      <input_file id="fl-8e">
         <path>C:\Users\PC\Desktop\2_ThuvienDSP\lib\</path>
         <kind>archive</kind>
         <file>csl6416.lib</file>
         <name>csl_emifa.obj</name>
      </input_file>
      <input_file id="fl-8f">
         <path>C:\Users\PC\Desktop\2_ThuvienDSP\lib\</path>
         <kind>archive</kind>
         <file>csl6416.lib</file>
         <name>csl_emifb.obj</name>
      </input_file>
   </input_file_list>
   <object_component_list>
      <object_component id="oc-70">
         <name>.text</name>
         <load_address>0x92f20</load_address>
         <run_address>0x92f20</run_address>
         <size>0x640</size>
         <input_file_ref idref="fl-3"/>
      </object_component>
      <object_component id="oc-32">
         <name>.text</name>
         <load_address>0x93560</load_address>
         <run_address>0x93560</run_address>
         <size>0x3c0</size>
         <input_file_ref idref="fl-88"/>
      </object_component>
      <object_component id="oc-6d">
         <name>.text</name>
         <load_address>0x93920</load_address>
         <run_address>0x93920</run_address>
         <size>0x240</size>
         <input_file_ref idref="fl-2"/>
      </object_component>
      <object_component id="oc-39">
         <name>.text</name>
         <load_address>0x93b60</load_address>
         <run_address>0x93b60</run_address>
         <size>0x220</size>
         <input_file_ref idref="fl-89"/>
      </object_component>
      <object_component id="oc-40">
         <name>.text</name>
         <load_address>0x93d80</load_address>
         <run_address>0x93d80</run_address>
         <size>0x220</size>
         <input_file_ref idref="fl-8a"/>
      </object_component>
      <object_component id="oc-74">
         <name>.text:_IRQ_map</name>
         <load_address>0x93fa0</load_address>
         <run_address>0x93fa0</run_address>
         <size>0x1e0</size>
         <input_file_ref idref="fl-86"/>
      </object_component>
      <object_component id="oc-6f">
         <name>.text:_MCBSP_reset</name>
         <load_address>0x94180</load_address>
         <run_address>0x94180</run_address>
         <size>0x1e0</size>
         <input_file_ref idref="fl-87"/>
      </object_component>
      <object_component id="oc-4e">
         <name>.text</name>
         <load_address>0x94360</load_address>
         <run_address>0x94360</run_address>
         <size>0x1a0</size>
         <input_file_ref idref="fl-8c"/>
      </object_component>
      <object_component id="oc-47">
         <name>.text</name>
         <load_address>0x94500</load_address>
         <run_address>0x94500</run_address>
         <size>0x100</size>
         <input_file_ref idref="fl-8b"/>
      </object_component>
      <object_component id="oc-63">
         <name>.text:_MCBSP_open</name>
         <load_address>0x94600</load_address>
         <run_address>0x94600</run_address>
         <size>0xe0</size>
         <input_file_ref idref="fl-87"/>
      </object_component>
      <object_component id="oc-65">
         <name>.text:_MCBSP_start</name>
         <load_address>0x946e0</load_address>
         <run_address>0x946e0</run_address>
         <size>0xe0</size>
         <input_file_ref idref="fl-87"/>
      </object_component>
      <object_component id="oc-5d">
         <name>.text:__auto_init</name>
         <load_address>0x947c0</load_address>
         <run_address>0x947c0</run_address>
         <size>0xe0</size>
         <input_file_ref idref="fl-82"/>
      </object_component>
      <object_component id="oc-6b">
         <name>.text:_memcpy</name>
         <load_address>0x948a0</load_address>
         <run_address>0x948a0</run_address>
         <size>0xe0</size>
         <input_file_ref idref="fl-85"/>
      </object_component>
      <object_component id="oc-64">
         <name>.text:_MCBSP_config</name>
         <load_address>0x94980</load_address>
         <run_address>0x94980</run_address>
         <size>0xc0</size>
         <input_file_ref idref="fl-87"/>
      </object_component>
      <object_component id="oc-60">
         <name>.text:__strasg</name>
         <load_address>0x94a40</load_address>
         <run_address>0x94a40</run_address>
         <size>0xc0</size>
         <input_file_ref idref="fl-8d"/>
      </object_component>
      <object_component id="oc-5f">
         <name>.text:_exit</name>
         <load_address>0x94b00</load_address>
         <run_address>0x94b00</run_address>
         <size>0xc0</size>
         <input_file_ref idref="fl-80"/>
      </object_component>
      <object_component id="oc-79">
         <name>.text:_setMux</name>
         <load_address>0x94bc0</load_address>
         <run_address>0x94bc0</run_address>
         <size>0xc0</size>
         <input_file_ref idref="fl-86"/>
      </object_component>
      <object_component id="oc-62">
         <name>.text:_EMIFA_config</name>
         <load_address>0x94c80</load_address>
         <run_address>0x94c80</run_address>
         <size>0xa0</size>
         <input_file_ref idref="fl-8e"/>
      </object_component>
      <object_component id="oc-61">
         <name>.text:_EMIFB_config</name>
         <load_address>0x94d20</load_address>
         <run_address>0x94d20</run_address>
         <size>0xa0</size>
         <input_file_ref idref="fl-8f"/>
      </object_component>
      <object_component id="oc-6a">
         <name>.text:_copy_in</name>
         <load_address>0x94dc0</load_address>
         <run_address>0x94dc0</run_address>
         <size>0xa0</size>
         <input_file_ref idref="fl-84"/>
      </object_component>
      <object_component id="oc-6c">
         <name>.text:___TI_cpp_init</name>
         <load_address>0x94e60</load_address>
         <run_address>0x94e60</run_address>
         <size>0x80</size>
         <input_file_ref idref="fl-83"/>
      </object_component>
      <object_component id="oc-2">
         <name>.text:_c_int00</name>
         <load_address>0x94ee0</load_address>
         <run_address>0x94ee0</run_address>
         <size>0x60</size>
         <input_file_ref idref="fl-7f"/>
      </object_component>
      <object_component id="oc-75">
         <name>.text:_IRQ_reset</name>
         <load_address>0x94f40</load_address>
         <run_address>0x94f40</run_address>
         <size>0x40</size>
         <input_file_ref idref="fl-86"/>
      </object_component>
      <object_component id="oc-5e">
         <name>.text:__args_main</name>
         <load_address>0x94f80</load_address>
         <run_address>0x94f80</run_address>
         <size>0x40</size>
         <input_file_ref idref="fl-81"/>
      </object_component>
      <object_component id="oc-78">
         <name>.text:_IRQ_enable</name>
         <load_address>0x94fc0</load_address>
         <run_address>0x94fc0</run_address>
         <size>0x20</size>
         <input_file_ref idref="fl-86"/>
      </object_component>
      <object_component id="oc-72">
         <name>.text:_IRQ_globalDisable</name>
         <load_address>0x94fe0</load_address>
         <run_address>0x94fe0</run_address>
         <size>0x20</size>
         <input_file_ref idref="fl-86"/>
      </object_component>
      <object_component id="oc-76">
         <name>.text:_IRQ_globalEnable</name>
         <load_address>0x95000</load_address>
         <run_address>0x95000</run_address>
         <size>0x20</size>
         <input_file_ref idref="fl-86"/>
      </object_component>
      <object_component id="oc-77">
         <name>.text:_IRQ_nmiEnable</name>
         <load_address>0x95020</load_address>
         <run_address>0x95020</run_address>
         <size>0x20</size>
         <input_file_ref idref="fl-86"/>
      </object_component>
      <object_component id="oc-73">
         <name>.text:_MCBSP_getXmtEventId</name>
         <load_address>0x95040</load_address>
         <run_address>0x95040</run_address>
         <size>0x20</size>
         <input_file_ref idref="fl-87"/>
      </object_component>
      <object_component id="oc-67">
         <name>.text:_MCBSP_read</name>
         <load_address>0x95060</load_address>
         <run_address>0x95060</run_address>
         <size>0x20</size>
         <input_file_ref idref="fl-87"/>
      </object_component>
      <object_component id="oc-66">
         <name>.text:_MCBSP_rrdy</name>
         <load_address>0x95080</load_address>
         <run_address>0x95080</run_address>
         <size>0x20</size>
         <input_file_ref idref="fl-87"/>
      </object_component>
      <object_component id="oc-69">
         <name>.text:_MCBSP_write</name>
         <load_address>0x950a0</load_address>
         <run_address>0x950a0</run_address>
         <size>0x20</size>
         <input_file_ref idref="fl-87"/>
      </object_component>
      <object_component id="oc-68">
         <name>.text:_MCBSP_xrdy</name>
         <load_address>0x950c0</load_address>
         <run_address>0x950c0</run_address>
         <size>0x20</size>
         <input_file_ref idref="fl-87"/>
      </object_component>
      <object_component id="oc-6e">
         <name>.text:_abort</name>
         <load_address>0x950e0</load_address>
         <run_address>0x950e0</run_address>
         <size>0x20</size>
         <input_file_ref idref="fl-80"/>
      </object_component>
      <object_component id="oc-27">
         <name>.text</name>
         <load_address>0x95100</load_address>
         <run_address>0x95100</run_address>
         <size>0x20</size>
         <input_file_ref idref="fl-86"/>
      </object_component>
      <object_component id="oc-71">
         <name>.const:_Speech</name>
         <load_address>0x49a00</load_address>
         <run_address>0x49a00</run_address>
         <size>0x493e0</size>
         <input_file_ref idref="fl-2"/>
      </object_component>
      <object_component id="oc-34">
         <name>.const</name>
         <load_address>0x92de0</load_address>
         <run_address>0x92de0</run_address>
         <size>0xc0</size>
         <input_file_ref idref="fl-88"/>
      </object_component>
      <object_component id="oc-3b">
         <name>.const</name>
         <load_address>0x92ea0</load_address>
         <run_address>0x92ea0</run_address>
         <size>0x70</size>
         <input_file_ref idref="fl-89"/>
      </object_component>
      <object_component id="oc-4">
         <name>.cinit</name>
         <load_address>0x95120</load_address>
         <run_address>0x95120</run_address>
         <size>0x244</size>
         <input_file_ref idref="fl-2"/>
      </object_component>
      <object_component id="oc-28">
         <name>.cinit</name>
         <load_address>0x95368</load_address>
         <run_address>0x95368</run_address>
         <size>0x12c</size>
         <input_file_ref idref="fl-86"/>
      </object_component>
      <object_component id="oc-2d">
         <name>.cinit</name>
         <load_address>0x95498</load_address>
         <run_address>0x95498</run_address>
         <size>0x7c</size>
         <input_file_ref idref="fl-87"/>
      </object_component>
      <object_component id="oc-a">
         <name>.cinit</name>
         <load_address>0x95518</load_address>
         <run_address>0x95518</run_address>
         <size>0x5c</size>
         <input_file_ref idref="fl-3"/>
      </object_component>
      <object_component id="oc-14">
         <name>.cinit</name>
         <load_address>0x95578</load_address>
         <run_address>0x95578</run_address>
         <size>0x2c</size>
         <input_file_ref idref="fl-80"/>
      </object_component>
      <object_component id="oc-48">
         <name>.cinit</name>
         <load_address>0x955a8</load_address>
         <run_address>0x955a8</run_address>
         <size>0x28</size>
         <input_file_ref idref="fl-8b"/>
      </object_component>
      <object_component id="oc-41">
         <name>.cinit</name>
         <load_address>0x955d0</load_address>
         <run_address>0x955d0</run_address>
         <size>0x1c</size>
         <input_file_ref idref="fl-8a"/>
      </object_component>
      <object_component id="oc-10">
         <name>.stack</name>
         <uninitialized>true</uninitialized>
         <run_address>0x955f8</run_address>
         <size>0x8</size>
         <input_file_ref idref="fl-7f"/>
      </object_component>
      <object_component id="oc-9d">
         <name>.stack</name>
         <uninitialized>true</uninitialized>
         <run_address>0x955f8</run_address>
         <size>0x0</size>
      </object_component>
      <object_component id="oc-5">
         <name>.far</name>
         <uninitialized>true</uninitialized>
         <run_address>0x8</run_address>
         <size>0x497f8</size>
         <input_file_ref idref="fl-2"/>
      </object_component>
      <object_component id="oc-b">
         <name>.far</name>
         <uninitialized>true</uninitialized>
         <run_address>0x49900</run_address>
         <size>0x5a</size>
         <input_file_ref idref="fl-3"/>
      </object_component>
      <object_component id="oc-15">
         <name>.far</name>
         <uninitialized>true</uninitialized>
         <run_address>0x499ec</run_address>
         <size>0xc</size>
         <input_file_ref idref="fl-80"/>
      </object_component>
      <object_component id="oc-29">
         <name>.far</name>
         <uninitialized>true</uninitialized>
         <run_address>0x49800</run_address>
         <size>0x100</size>
         <input_file_ref idref="fl-86"/>
      </object_component>
      <object_component id="oc-2e">
         <name>.far</name>
         <uninitialized>true</uninitialized>
         <run_address>0x49960</run_address>
         <size>0x54</size>
         <input_file_ref idref="fl-87"/>
      </object_component>
      <object_component id="oc-33">
         <name>.far</name>
         <uninitialized>true</uninitialized>
         <run_address>0x4995a</run_address>
         <size>0x4</size>
         <input_file_ref idref="fl-88"/>
      </object_component>
      <object_component id="oc-3a">
         <name>.far</name>
         <uninitialized>true</uninitialized>
         <run_address>0x499f8</run_address>
         <size>0x8</size>
         <input_file_ref idref="fl-89"/>
      </object_component>
      <object_component id="oc-42">
         <name>.far</name>
         <uninitialized>true</uninitialized>
         <run_address>0x499d8</run_address>
         <size>0x14</size>
         <input_file_ref idref="fl-8a"/>
      </object_component>
      <object_component id="oc-49">
         <name>.far</name>
         <uninitialized>true</uninitialized>
         <run_address>0x499b8</run_address>
         <size>0x20</size>
         <input_file_ref idref="fl-8b"/>
      </object_component>
      <object_component id="oc-4f">
         <name>.far</name>
         <uninitialized>true</uninitialized>
         <run_address>0x4995e</run_address>
         <size>0x2</size>
         <input_file_ref idref="fl-8c"/>
      </object_component>
      <object_component id="oc-3">
         <name>.debug_info</name>
         <load_address>0x0</load_address>
         <run_address>0x0</run_address>
         <size>0x9bd</size>
         <input_file_ref idref="fl-2"/>
      </object_component>
      <object_component id="oc-9">
         <name>.debug_info</name>
         <load_address>0x9bd</load_address>
         <run_address>0x9bd</run_address>
         <size>0x154d</size>
         <input_file_ref idref="fl-3"/>
      </object_component>
      <object_component id="oc-f">
         <name>.debug_info</name>
         <load_address>0x1f0a</load_address>
         <run_address>0x1f0a</run_address>
         <size>0x73c</size>
         <input_file_ref idref="fl-7f"/>
      </object_component>
      <object_component id="oc-13">
         <name>.debug_info</name>
         <load_address>0x2646</load_address>
         <run_address>0x2646</run_address>
         <size>0x86a</size>
         <input_file_ref idref="fl-80"/>
      </object_component>
      <object_component id="oc-18">
         <name>.debug_info</name>
         <load_address>0x2eb0</load_address>
         <run_address>0x2eb0</run_address>
         <size>0x712</size>
         <input_file_ref idref="fl-81"/>
      </object_component>
      <object_component id="oc-1b">
         <name>.debug_info</name>
         <load_address>0x35c2</load_address>
         <run_address>0x35c2</run_address>
         <size>0x8e9</size>
         <input_file_ref idref="fl-82"/>
      </object_component>
      <object_component id="oc-1e">
         <name>.debug_info</name>
         <load_address>0x3eab</load_address>
         <run_address>0x3eab</run_address>
         <size>0x761</size>
         <input_file_ref idref="fl-83"/>
      </object_component>
      <object_component id="oc-21">
         <name>.debug_info</name>
         <load_address>0x460c</load_address>
         <run_address>0x460c</run_address>
         <size>0x857</size>
         <input_file_ref idref="fl-84"/>
      </object_component>
      <object_component id="oc-24">
         <name>.debug_info</name>
         <load_address>0x4e63</load_address>
         <run_address>0x4e63</run_address>
         <size>0x110</size>
         <input_file_ref idref="fl-85"/>
      </object_component>
      <object_component id="oc-2b">
         <name>.debug_info</name>
         <load_address>0x4f73</load_address>
         <run_address>0x4f73</run_address>
         <size>0xcc6</size>
         <input_file_ref idref="fl-86"/>
      </object_component>
      <object_component id="oc-30">
         <name>.debug_info</name>
         <load_address>0x5c39</load_address>
         <run_address>0x5c39</run_address>
         <size>0xfac</size>
         <input_file_ref idref="fl-87"/>
      </object_component>
      <object_component id="oc-36">
         <name>.debug_info</name>
         <load_address>0x6be5</load_address>
         <run_address>0x6be5</run_address>
         <size>0xd57</size>
         <input_file_ref idref="fl-88"/>
      </object_component>
      <object_component id="oc-3d">
         <name>.debug_info</name>
         <load_address>0x793c</load_address>
         <run_address>0x793c</run_address>
         <size>0xbbd</size>
         <input_file_ref idref="fl-89"/>
      </object_component>
      <object_component id="oc-44">
         <name>.debug_info</name>
         <load_address>0x84f9</load_address>
         <run_address>0x84f9</run_address>
         <size>0xba3</size>
         <input_file_ref idref="fl-8a"/>
      </object_component>
      <object_component id="oc-4b">
         <name>.debug_info</name>
         <load_address>0x909c</load_address>
         <run_address>0x909c</run_address>
         <size>0x78a</size>
         <input_file_ref idref="fl-8b"/>
      </object_component>
      <object_component id="oc-51">
         <name>.debug_info</name>
         <load_address>0x9826</load_address>
         <run_address>0x9826</run_address>
         <size>0x7c2</size>
         <input_file_ref idref="fl-8c"/>
      </object_component>
      <object_component id="oc-54">
         <name>.debug_info</name>
         <load_address>0x9fe8</load_address>
         <run_address>0x9fe8</run_address>
         <size>0x107</size>
         <input_file_ref idref="fl-8d"/>
      </object_component>
      <object_component id="oc-58">
         <name>.debug_info</name>
         <load_address>0xa0ef</load_address>
         <run_address>0xa0ef</run_address>
         <size>0x730</size>
         <input_file_ref idref="fl-8e"/>
      </object_component>
      <object_component id="oc-5b">
         <name>.debug_info</name>
         <load_address>0xa81f</load_address>
         <run_address>0xa81f</run_address>
         <size>0x730</size>
         <input_file_ref idref="fl-8f"/>
      </object_component>
      <object_component id="oc-a6">
         <name>.debug_info</name>
         <load_address>0xaf4f</load_address>
         <run_address>0xaf4f</run_address>
         <size>0x6e</size>
      </object_component>
      <object_component id="oc-6">
         <name>.debug_frame</name>
         <load_address>0x0</load_address>
         <run_address>0x0</run_address>
         <size>0x25e</size>
         <input_file_ref idref="fl-2"/>
      </object_component>
      <object_component id="oc-c">
         <name>.debug_frame</name>
         <load_address>0x25e</load_address>
         <run_address>0x25e</run_address>
         <size>0x34d</size>
         <input_file_ref idref="fl-3"/>
      </object_component>
      <object_component id="oc-38">
         <name>.debug_frame</name>
         <load_address>0x5ab</load_address>
         <run_address>0x5ab</run_address>
         <size>0x1d4</size>
         <input_file_ref idref="fl-88"/>
      </object_component>
      <object_component id="oc-3f">
         <name>.debug_frame</name>
         <load_address>0x77f</load_address>
         <run_address>0x77f</run_address>
         <size>0x134</size>
         <input_file_ref idref="fl-89"/>
      </object_component>
      <object_component id="oc-46">
         <name>.debug_frame</name>
         <load_address>0x8b3</load_address>
         <run_address>0x8b3</run_address>
         <size>0x174</size>
         <input_file_ref idref="fl-8a"/>
      </object_component>
      <object_component id="oc-4d">
         <name>.debug_frame</name>
         <load_address>0xa27</load_address>
         <run_address>0xa27</run_address>
         <size>0x130</size>
         <input_file_ref idref="fl-8b"/>
      </object_component>
      <object_component id="oc-53">
         <name>.debug_frame</name>
         <load_address>0xb57</load_address>
         <run_address>0xb57</run_address>
         <size>0x190</size>
         <input_file_ref idref="fl-8c"/>
      </object_component>
      <object_component id="oc-7">
         <name>.debug_line</name>
         <load_address>0x0</load_address>
         <run_address>0x0</run_address>
         <size>0x9f</size>
         <input_file_ref idref="fl-2"/>
      </object_component>
      <object_component id="oc-d">
         <name>.debug_line</name>
         <load_address>0x9f</load_address>
         <run_address>0x9f</run_address>
         <size>0x158</size>
         <input_file_ref idref="fl-3"/>
      </object_component>
      <object_component id="oc-11">
         <name>.debug_line</name>
         <load_address>0x1f7</load_address>
         <run_address>0x1f7</run_address>
         <size>0x3d</size>
         <input_file_ref idref="fl-7f"/>
      </object_component>
      <object_component id="oc-16">
         <name>.debug_line</name>
         <load_address>0x234</load_address>
         <run_address>0x234</run_address>
         <size>0x4f</size>
         <input_file_ref idref="fl-80"/>
      </object_component>
      <object_component id="oc-19">
         <name>.debug_line</name>
         <load_address>0x283</load_address>
         <run_address>0x283</run_address>
         <size>0x41</size>
         <input_file_ref idref="fl-81"/>
      </object_component>
      <object_component id="oc-1c">
         <name>.debug_line</name>
         <load_address>0x2c4</load_address>
         <run_address>0x2c4</run_address>
         <size>0x47</size>
         <input_file_ref idref="fl-82"/>
      </object_component>
      <object_component id="oc-1f">
         <name>.debug_line</name>
         <load_address>0x30b</load_address>
         <run_address>0x30b</run_address>
         <size>0x45</size>
         <input_file_ref idref="fl-83"/>
      </object_component>
      <object_component id="oc-22">
         <name>.debug_line</name>
         <load_address>0x350</load_address>
         <run_address>0x350</run_address>
         <size>0x44</size>
         <input_file_ref idref="fl-84"/>
      </object_component>
      <object_component id="oc-25">
         <name>.debug_line</name>
         <load_address>0x394</load_address>
         <run_address>0x394</run_address>
         <size>0x4f</size>
         <input_file_ref idref="fl-85"/>
      </object_component>
      <object_component id="oc-2c">
         <name>.debug_line</name>
         <load_address>0x3e3</load_address>
         <run_address>0x3e3</run_address>
         <size>0x109</size>
         <input_file_ref idref="fl-86"/>
      </object_component>
      <object_component id="oc-31">
         <name>.debug_line</name>
         <load_address>0x4ec</load_address>
         <run_address>0x4ec</run_address>
         <size>0x13f</size>
         <input_file_ref idref="fl-87"/>
      </object_component>
      <object_component id="oc-37">
         <name>.debug_line</name>
         <load_address>0x62b</load_address>
         <run_address>0x62b</run_address>
         <size>0x102</size>
         <input_file_ref idref="fl-88"/>
      </object_component>
      <object_component id="oc-3e">
         <name>.debug_line</name>
         <load_address>0x72d</load_address>
         <run_address>0x72d</run_address>
         <size>0x72</size>
         <input_file_ref idref="fl-89"/>
      </object_component>
      <object_component id="oc-45">
         <name>.debug_line</name>
         <load_address>0x79f</load_address>
         <run_address>0x79f</run_address>
         <size>0xa7</size>
         <input_file_ref idref="fl-8a"/>
      </object_component>
      <object_component id="oc-4c">
         <name>.debug_line</name>
         <load_address>0x846</load_address>
         <run_address>0x846</run_address>
         <size>0x69</size>
         <input_file_ref idref="fl-8b"/>
      </object_component>
      <object_component id="oc-52">
         <name>.debug_line</name>
         <load_address>0x8af</load_address>
         <run_address>0x8af</run_address>
         <size>0xa0</size>
         <input_file_ref idref="fl-8c"/>
      </object_component>
      <object_component id="oc-55">
         <name>.debug_line</name>
         <load_address>0x94f</load_address>
         <run_address>0x94f</run_address>
         <size>0x48</size>
         <input_file_ref idref="fl-8d"/>
      </object_component>
      <object_component id="oc-59">
         <name>.debug_line</name>
         <load_address>0x997</load_address>
         <run_address>0x997</run_address>
         <size>0x5a</size>
         <input_file_ref idref="fl-8e"/>
      </object_component>
      <object_component id="oc-5c">
         <name>.debug_line</name>
         <load_address>0x9f1</load_address>
         <run_address>0x9f1</run_address>
         <size>0x5a</size>
         <input_file_ref idref="fl-8f"/>
      </object_component>
      <object_component id="oc-8">
         <name>.debug_abbrev</name>
         <load_address>0x0</load_address>
         <run_address>0x0</run_address>
         <size>0x101</size>
         <input_file_ref idref="fl-2"/>
      </object_component>
      <object_component id="oc-e">
         <name>.debug_abbrev</name>
         <load_address>0x101</load_address>
         <run_address>0x101</run_address>
         <size>0x18e</size>
         <input_file_ref idref="fl-3"/>
      </object_component>
      <object_component id="oc-12">
         <name>.debug_abbrev</name>
         <load_address>0x28f</load_address>
         <run_address>0x28f</run_address>
         <size>0xfe</size>
         <input_file_ref idref="fl-7f"/>
      </object_component>
      <object_component id="oc-17">
         <name>.debug_abbrev</name>
         <load_address>0x38d</load_address>
         <run_address>0x38d</run_address>
         <size>0x119</size>
         <input_file_ref idref="fl-80"/>
      </object_component>
      <object_component id="oc-1a">
         <name>.debug_abbrev</name>
         <load_address>0x4a6</load_address>
         <run_address>0x4a6</run_address>
         <size>0xe1</size>
         <input_file_ref idref="fl-81"/>
      </object_component>
      <object_component id="oc-1d">
         <name>.debug_abbrev</name>
         <load_address>0x587</load_address>
         <run_address>0x587</run_address>
         <size>0x13f</size>
         <input_file_ref idref="fl-82"/>
      </object_component>
      <object_component id="oc-20">
         <name>.debug_abbrev</name>
         <load_address>0x6c6</load_address>
         <run_address>0x6c6</run_address>
         <size>0xdd</size>
         <input_file_ref idref="fl-83"/>
      </object_component>
      <object_component id="oc-23">
         <name>.debug_abbrev</name>
         <load_address>0x7a3</load_address>
         <run_address>0x7a3</run_address>
         <size>0x10c</size>
         <input_file_ref idref="fl-84"/>
      </object_component>
      <object_component id="oc-26">
         <name>.debug_abbrev</name>
         <load_address>0x8af</load_address>
         <run_address>0x8af</run_address>
         <size>0x3b</size>
         <input_file_ref idref="fl-85"/>
      </object_component>
      <object_component id="oc-2a">
         <name>.debug_abbrev</name>
         <load_address>0x8ea</load_address>
         <run_address>0x8ea</run_address>
         <size>0x1b7</size>
         <input_file_ref idref="fl-86"/>
      </object_component>
      <object_component id="oc-2f">
         <name>.debug_abbrev</name>
         <load_address>0xaa1</load_address>
         <run_address>0xaa1</run_address>
         <size>0x1a3</size>
         <input_file_ref idref="fl-87"/>
      </object_component>
      <object_component id="oc-35">
         <name>.debug_abbrev</name>
         <load_address>0xc44</load_address>
         <run_address>0xc44</run_address>
         <size>0x162</size>
         <input_file_ref idref="fl-88"/>
      </object_component>
      <object_component id="oc-3c">
         <name>.debug_abbrev</name>
         <load_address>0xda6</load_address>
         <run_address>0xda6</run_address>
         <size>0x11c</size>
         <input_file_ref idref="fl-89"/>
      </object_component>
      <object_component id="oc-43">
         <name>.debug_abbrev</name>
         <load_address>0xec2</load_address>
         <run_address>0xec2</run_address>
         <size>0x154</size>
         <input_file_ref idref="fl-8a"/>
      </object_component>
      <object_component id="oc-4a">
         <name>.debug_abbrev</name>
         <load_address>0x1016</load_address>
         <run_address>0x1016</run_address>
         <size>0xf0</size>
         <input_file_ref idref="fl-8b"/>
      </object_component>
      <object_component id="oc-50">
         <name>.debug_abbrev</name>
         <load_address>0x1106</load_address>
         <run_address>0x1106</run_address>
         <size>0xc8</size>
         <input_file_ref idref="fl-8c"/>
      </object_component>
      <object_component id="oc-56">
         <name>.debug_abbrev</name>
         <load_address>0x11ce</load_address>
         <run_address>0x11ce</run_address>
         <size>0x3b</size>
         <input_file_ref idref="fl-8d"/>
      </object_component>
      <object_component id="oc-57">
         <name>.debug_abbrev</name>
         <load_address>0x1209</load_address>
         <run_address>0x1209</run_address>
         <size>0xe0</size>
         <input_file_ref idref="fl-8e"/>
      </object_component>
      <object_component id="oc-5a">
         <name>.debug_abbrev</name>
         <load_address>0x12e9</load_address>
         <run_address>0x12e9</run_address>
         <size>0xe0</size>
         <input_file_ref idref="fl-8f"/>
      </object_component>
      <object_component id="oc-a7">
         <name>.debug_abbrev</name>
         <load_address>0x13c9</load_address>
         <run_address>0x13c9</run_address>
         <size>0xd</size>
      </object_component>
   </object_component_list>
   <logical_group_list>
      <logical_group id="lg-7a">
         <name>.text</name>
         <load_address>0x92f20</load_address>
         <run_address>0x92f20</run_address>
         <size>0x2200</size>
         <contents>
            <object_component_ref idref="oc-70"/>
            <object_component_ref idref="oc-32"/>
            <object_component_ref idref="oc-6d"/>
            <object_component_ref idref="oc-39"/>
            <object_component_ref idref="oc-40"/>
            <object_component_ref idref="oc-74"/>
            <object_component_ref idref="oc-6f"/>
            <object_component_ref idref="oc-4e"/>
            <object_component_ref idref="oc-47"/>
            <object_component_ref idref="oc-63"/>
            <object_component_ref idref="oc-65"/>
            <object_component_ref idref="oc-5d"/>
            <object_component_ref idref="oc-6b"/>
            <object_component_ref idref="oc-64"/>
            <object_component_ref idref="oc-60"/>
            <object_component_ref idref="oc-5f"/>
            <object_component_ref idref="oc-79"/>
            <object_component_ref idref="oc-62"/>
            <object_component_ref idref="oc-61"/>
            <object_component_ref idref="oc-6a"/>
            <object_component_ref idref="oc-6c"/>
            <object_component_ref idref="oc-2"/>
            <object_component_ref idref="oc-75"/>
            <object_component_ref idref="oc-5e"/>
            <object_component_ref idref="oc-78"/>
            <object_component_ref idref="oc-72"/>
            <object_component_ref idref="oc-76"/>
            <object_component_ref idref="oc-77"/>
            <object_component_ref idref="oc-73"/>
            <object_component_ref idref="oc-67"/>
            <object_component_ref idref="oc-66"/>
            <object_component_ref idref="oc-69"/>
            <object_component_ref idref="oc-68"/>
            <object_component_ref idref="oc-6e"/>
            <object_component_ref idref="oc-27"/>
         </contents>
      </logical_group>
      <logical_group id="lg-7b">
         <name>.const</name>
         <load_address>0x49a00</load_address>
         <run_address>0x49a00</run_address>
         <size>0x49510</size>
         <contents>
            <object_component_ref idref="oc-71"/>
            <object_component_ref idref="oc-34"/>
            <object_component_ref idref="oc-3b"/>
         </contents>
      </logical_group>
      <logical_group id="lg-7c">
         <name>.data</name>
         <run_address>0x8</run_address>
         <size>0x0</size>
         <contents>
         </contents>
      </logical_group>
      <logical_group id="lg-7d">
         <name>.bss</name>
         <run_address>0x8</run_address>
         <size>0x0</size>
         <contents>
         </contents>
      </logical_group>
      <logical_group id="lg-7e">
         <name>.cinit</name>
         <load_address>0x95120</load_address>
         <run_address>0x95120</run_address>
         <size>0x4d4</size>
         <contents>
            <object_component_ref idref="oc-4"/>
            <object_component_ref idref="oc-28"/>
            <object_component_ref idref="oc-2d"/>
            <object_component_ref idref="oc-a"/>
            <object_component_ref idref="oc-14"/>
            <object_component_ref idref="oc-48"/>
            <object_component_ref idref="oc-41"/>
         </contents>
      </logical_group>
      <logical_group id="lg-7f">
         <name>.pinit</name>
         <run_address>0x0</run_address>
         <size>0x0</size>
         <contents>
         </contents>
      </logical_group>
      <logical_group id="lg-80">
         <name>.stack</name>
         <run_address>0x955f8</run_address>
         <size>0x400</size>
         <contents>
            <object_component_ref idref="oc-10"/>
            <object_component_ref idref="oc-9d"/>
         </contents>
      </logical_group>
      <logical_group id="lg-81">
         <name>.sysmem</name>
         <run_address>0x0</run_address>
         <size>0x0</size>
         <contents>
         </contents>
      </logical_group>
      <logical_group id="lg-82">
         <name>.far</name>
         <run_address>0x8</run_address>
         <size>0x499f8</size>
         <contents>
            <object_component_ref idref="oc-5"/>
            <object_component_ref idref="oc-b"/>
            <object_component_ref idref="oc-15"/>
            <object_component_ref idref="oc-29"/>
            <object_component_ref idref="oc-2e"/>
            <object_component_ref idref="oc-33"/>
            <object_component_ref idref="oc-3a"/>
            <object_component_ref idref="oc-42"/>
            <object_component_ref idref="oc-49"/>
            <object_component_ref idref="oc-4f"/>
         </contents>
      </logical_group>
      <logical_group id="lg-83">
         <name>.switch</name>
         <run_address>0x0</run_address>
         <size>0x0</size>
         <contents>
         </contents>
      </logical_group>
      <logical_group id="lg-84">
         <name>.cio</name>
         <run_address>0x0</run_address>
         <size>0x0</size>
         <contents>
         </contents>
      </logical_group>
      <logical_group id="lg-85">
         <name>.ppinfo</name>
         <run_address>0x0</run_address>
         <size>0x0</size>
         <contents>
         </contents>
      </logical_group>
      <logical_group id="lg-86">
         <name>.ppdata</name>
         <run_address>0x0</run_address>
         <size>0x0</size>
         <contents>
         </contents>
      </logical_group>
      <logical_group id="lg-94">
         <name>.debug_info</name>
         <load_address>0x0</load_address>
         <run_address>0x0</run_address>
         <size>0xafbd</size>
         <contents>
            <object_component_ref idref="oc-3"/>
            <object_component_ref idref="oc-9"/>
            <object_component_ref idref="oc-f"/>
            <object_component_ref idref="oc-13"/>
            <object_component_ref idref="oc-18"/>
            <object_component_ref idref="oc-1b"/>
            <object_component_ref idref="oc-1e"/>
            <object_component_ref idref="oc-21"/>
            <object_component_ref idref="oc-24"/>
            <object_component_ref idref="oc-2b"/>
            <object_component_ref idref="oc-30"/>
            <object_component_ref idref="oc-36"/>
            <object_component_ref idref="oc-3d"/>
            <object_component_ref idref="oc-44"/>
            <object_component_ref idref="oc-4b"/>
            <object_component_ref idref="oc-51"/>
            <object_component_ref idref="oc-54"/>
            <object_component_ref idref="oc-58"/>
            <object_component_ref idref="oc-5b"/>
            <object_component_ref idref="oc-a6"/>
         </contents>
      </logical_group>
      <logical_group id="lg-96">
         <name>.debug_frame</name>
         <load_address>0x0</load_address>
         <run_address>0x0</run_address>
         <size>0xce7</size>
         <contents>
            <object_component_ref idref="oc-6"/>
            <object_component_ref idref="oc-c"/>
            <object_component_ref idref="oc-38"/>
            <object_component_ref idref="oc-3f"/>
            <object_component_ref idref="oc-46"/>
            <object_component_ref idref="oc-4d"/>
            <object_component_ref idref="oc-53"/>
         </contents>
      </logical_group>
      <logical_group id="lg-98">
         <name>.debug_line</name>
         <load_address>0x0</load_address>
         <run_address>0x0</run_address>
         <size>0xa4b</size>
         <contents>
            <object_component_ref idref="oc-7"/>
            <object_component_ref idref="oc-d"/>
            <object_component_ref idref="oc-11"/>
            <object_component_ref idref="oc-16"/>
            <object_component_ref idref="oc-19"/>
            <object_component_ref idref="oc-1c"/>
            <object_component_ref idref="oc-1f"/>
            <object_component_ref idref="oc-22"/>
            <object_component_ref idref="oc-25"/>
            <object_component_ref idref="oc-2c"/>
            <object_component_ref idref="oc-31"/>
            <object_component_ref idref="oc-37"/>
            <object_component_ref idref="oc-3e"/>
            <object_component_ref idref="oc-45"/>
            <object_component_ref idref="oc-4c"/>
            <object_component_ref idref="oc-52"/>
            <object_component_ref idref="oc-55"/>
            <object_component_ref idref="oc-59"/>
            <object_component_ref idref="oc-5c"/>
         </contents>
      </logical_group>
      <logical_group id="lg-9a">
         <name>.debug_abbrev</name>
         <load_address>0x0</load_address>
         <run_address>0x0</run_address>
         <size>0x13d6</size>
         <contents>
            <object_component_ref idref="oc-8"/>
            <object_component_ref idref="oc-e"/>
            <object_component_ref idref="oc-12"/>
            <object_component_ref idref="oc-17"/>
            <object_component_ref idref="oc-1a"/>
            <object_component_ref idref="oc-1d"/>
            <object_component_ref idref="oc-20"/>
            <object_component_ref idref="oc-23"/>
            <object_component_ref idref="oc-26"/>
            <object_component_ref idref="oc-2a"/>
            <object_component_ref idref="oc-2f"/>
            <object_component_ref idref="oc-35"/>
            <object_component_ref idref="oc-3c"/>
            <object_component_ref idref="oc-43"/>
            <object_component_ref idref="oc-4a"/>
            <object_component_ref idref="oc-50"/>
            <object_component_ref idref="oc-56"/>
            <object_component_ref idref="oc-57"/>
            <object_component_ref idref="oc-5a"/>
            <object_component_ref idref="oc-a7"/>
         </contents>
      </logical_group>
   </logical_group_list>
   <placement_map>
      <memory_area>
         <name>RAM</name>
         <page_id>0x0</page_id>
         <origin>0x1</origin>
         <length>0xfffffffe</length>
         <used_space>0x959dc</used_space>
         <unused_space>0xfff6a622</unused_space>
         <attributes>RWIX</attributes>
         <usage_details>
            <available_space>
               <start_address>0x1</start_address>
               <size>0x7</size>
            </available_space>
            <allocated_space>
               <start_address>0x8</start_address>
               <size>0x0</size>
               <logical_group_ref idref="lg-7d"/>
            </allocated_space>
            <allocated_space>
               <start_address>0x8</start_address>
               <size>0x0</size>
               <logical_group_ref idref="lg-7c"/>
            </allocated_space>
            <allocated_space>
               <start_address>0x8</start_address>
               <size>0x499f8</size>
               <logical_group_ref idref="lg-82"/>
            </allocated_space>
            <allocated_space>
               <start_address>0x49a00</start_address>
               <size>0x49510</size>
               <logical_group_ref idref="lg-7b"/>
            </allocated_space>
            <available_space>
               <start_address>0x92f10</start_address>
               <size>0x10</size>
            </available_space>
            <allocated_space>
               <start_address>0x92f20</start_address>
               <size>0x2200</size>
               <logical_group_ref idref="lg-7a"/>
            </allocated_space>
            <allocated_space>
               <start_address>0x95120</start_address>
               <size>0x4d4</size>
               <logical_group_ref idref="lg-7e"/>
            </allocated_space>
            <available_space>
               <start_address>0x955f4</start_address>
               <size>0x4</size>
            </available_space>
            <allocated_space>
               <start_address>0x955f8</start_address>
               <size>0x400</size>
               <logical_group_ref idref="lg-80"/>
            </allocated_space>
            <available_space>
               <start_address>0x959f8</start_address>
               <size>0xfff6a607</size>
            </available_space>
         </usage_details>
      </memory_area>
   </placement_map>
   <symbol_table>
      <symbol id="sm-0">
         <name>cinit</name>
         <value>0x95120</value>
      </symbol>
      <symbol id="sm-1">
         <name>___cinit__</name>
         <value>0x95120</value>
      </symbol>
      <symbol id="sm-2">
         <name>pinit</name>
         <value>0xffffffff</value>
      </symbol>
      <symbol id="sm-3">
         <name>___pinit__</name>
         <value>0xffffffff</value>
      </symbol>
      <symbol id="sm-4">
         <name>binit</name>
         <value>0xffffffff</value>
      </symbol>
      <symbol id="sm-5">
         <name>___binit__</name>
         <value>0xffffffff</value>
      </symbol>
      <symbol id="sm-6">
         <name>__STACK_SIZE</name>
         <value>0x400</value>
      </symbol>
      <symbol id="sm-7">
         <name>__STACK_END</name>
         <value>0x959f8</value>
      </symbol>
      <symbol id="sm-8">
         <name>___c_args__</name>
         <value>0xffffffff</value>
      </symbol>
      <symbol id="sm-9">
         <name>.text</name>
         <value>0x92f20</value>
      </symbol>
      <symbol id="sm-a">
         <name>___text__</name>
         <value>0x92f20</value>
      </symbol>
      <symbol id="sm-b">
         <name>etext</name>
         <value>0x95120</value>
      </symbol>
      <symbol id="sm-c">
         <name>___etext__</name>
         <value>0x95120</value>
      </symbol>
      <symbol id="sm-d">
         <name>.data</name>
         <value>0x8</value>
      </symbol>
      <symbol id="sm-e">
         <name>___data__</name>
         <value>0x8</value>
      </symbol>
      <symbol id="sm-f">
         <name>edata</name>
         <value>0x8</value>
      </symbol>
      <symbol id="sm-10">
         <name>___edata__</name>
         <value>0x8</value>
      </symbol>
      <symbol id="sm-11">
         <name>.bss</name>
         <value>0x8</value>
      </symbol>
      <symbol id="sm-12">
         <name>___bss__</name>
         <value>0x8</value>
      </symbol>
      <symbol id="sm-13">
         <name>end</name>
         <value>0x8</value>
      </symbol>
      <symbol id="sm-14">
         <name>___end__</name>
         <value>0x8</value>
      </symbol>
      <symbol id="sm-15">
         <name>___TI_pprof_out_hndl</name>
         <value>0xffffffff</value>
      </symbol>
      <symbol id="sm-16">
         <name>___TI_prof_data_start</name>
         <value>0xffffffff</value>
      </symbol>
      <symbol id="sm-17">
         <name>___TI_prof_data_size</name>
         <value>0xffffffff</value>
      </symbol>
      <symbol id="sm-18">
         <name>$bss</name>
         <value>0x8</value>
      </symbol>
      <symbol id="sm-67">
         <name>_main</name>
         <value>0x93920</value>
         <object_component_ref idref="oc-6d"/>
      </symbol>
      <symbol id="sm-68">
         <name>_dly</name>
         <value>0x218</value>
         <object_component_ref idref="oc-5"/>
      </symbol>
      <symbol id="sm-69">
         <name>_Speech</name>
         <value>0x49a00</value>
         <object_component_ref idref="oc-71"/>
      </symbol>
      <symbol id="sm-6a">
         <name>_yn</name>
         <value>0x20c</value>
         <object_component_ref idref="oc-5"/>
      </symbol>
      <symbol id="sm-6b">
         <name>_GAIN</name>
         <value>0x210</value>
         <object_component_ref idref="oc-5"/>
      </symbol>
      <symbol id="sm-6c">
         <name>_temp</name>
         <value>0x418</value>
         <object_component_ref idref="oc-5"/>
      </symbol>
      <symbol id="sm-6d">
         <name>_fs</name>
         <value>0x208</value>
         <object_component_ref idref="oc-5"/>
      </symbol>
      <symbol id="sm-6e">
         <name>_y</name>
         <value>0x420</value>
         <object_component_ref idref="oc-5"/>
      </symbol>
      <symbol id="sm-6f">
         <name>_h</name>
         <value>0x8</value>
         <object_component_ref idref="oc-5"/>
      </symbol>
      <symbol id="sm-b8">
         <name>_comm_poll</name>
         <value>0x92fc4</value>
         <object_component_ref idref="oc-70"/>
      </symbol>
      <symbol id="sm-b9">
         <name>_output_left_sample</name>
         <value>0x931c4</value>
         <object_component_ref idref="oc-70"/>
      </symbol>
      <symbol id="sm-ba">
         <name>_comm_intr</name>
         <value>0x92fec</value>
         <object_component_ref idref="oc-70"/>
      </symbol>
      <symbol id="sm-bb">
         <name>_input_left_sample</name>
         <value>0x93408</value>
         <object_component_ref idref="oc-70"/>
      </symbol>
      <symbol id="sm-bc">
         <name>_output_sample</name>
         <value>0x930d8</value>
         <object_component_ref idref="oc-70"/>
      </symbol>
      <symbol id="sm-bd">
         <name>_c6416_dsk_init</name>
         <value>0x92f20</value>
         <object_component_ref idref="oc-70"/>
      </symbol>
      <symbol id="sm-be">
         <name>_config</name>
         <value>0x49944</value>
         <object_component_ref idref="oc-b"/>
      </symbol>
      <symbol id="sm-bf">
         <name>_input_right_sample</name>
         <value>0x934a8</value>
         <object_component_ref idref="oc-70"/>
      </symbol>
      <symbol id="sm-c0">
         <name>_AIC_data</name>
         <value>0x49900</value>
         <object_component_ref idref="oc-b"/>
      </symbol>
      <symbol id="sm-c1">
         <name>_hAIC23_handle</name>
         <value>0x49958</value>
         <object_component_ref idref="oc-b"/>
      </symbol>
      <symbol id="sm-c2">
         <name>_AIC23CfgData</name>
         <value>0x4990c</value>
         <object_component_ref idref="oc-b"/>
      </symbol>
      <symbol id="sm-c3">
         <name>_input_sample</name>
         <value>0x93330</value>
         <object_component_ref idref="oc-70"/>
      </symbol>
      <symbol id="sm-c4">
         <name>_output_right_sample</name>
         <value>0x9327c</value>
         <object_component_ref idref="oc-70"/>
      </symbol>
      <symbol id="sm-d0">
         <name>_c_int00</name>
         <value>0x94ee0</value>
         <object_component_ref idref="oc-2"/>
      </symbol>
      <symbol id="sm-d1">
         <name>__stack</name>
         <value>0x955f8</value>
         <object_component_ref idref="oc-10"/>
      </symbol>
      <symbol id="sm-e1">
         <name>C$$EXIT</name>
         <value>0x950e0</value>
         <object_component_ref idref="oc-6e"/>
      </symbol>
      <symbol id="sm-e2">
         <name>_exit</name>
         <value>0x94b00</value>
         <object_component_ref idref="oc-5f"/>
      </symbol>
      <symbol id="sm-e3">
         <name>___TI_enable_exit_profile_output</name>
         <value>0x499f4</value>
         <object_component_ref idref="oc-15"/>
      </symbol>
      <symbol id="sm-e4">
         <name>_abort</name>
         <value>0x950e0</value>
         <object_component_ref idref="oc-6e"/>
      </symbol>
      <symbol id="sm-e5">
         <name>__cleanup_ptr</name>
         <value>0x499ec</value>
         <object_component_ref idref="oc-15"/>
      </symbol>
      <symbol id="sm-e6">
         <name>__dtors_ptr</name>
         <value>0x499f0</value>
         <object_component_ref idref="oc-15"/>
      </symbol>
      <symbol id="sm-f0">
         <name>__args_main</name>
         <value>0x94f80</value>
         <object_component_ref idref="oc-5e"/>
      </symbol>
      <symbol id="sm-f1">
         <name>__TI_args_main</name>
         <value>0x1</value>
      </symbol>
      <symbol id="sm-fb">
         <name>__auto_init</name>
         <value>0x947c0</value>
         <object_component_ref idref="oc-5d"/>
      </symbol>
      <symbol id="sm-105">
         <name>___TI_cpp_init</name>
         <value>0x94e60</value>
         <object_component_ref idref="oc-6c"/>
      </symbol>
      <symbol id="sm-10f">
         <name>_copy_in</name>
         <value>0x94dc0</value>
         <object_component_ref idref="oc-6a"/>
      </symbol>
      <symbol id="sm-117">
         <name>_memcpy</name>
         <value>0x948a0</value>
         <object_component_ref idref="oc-6b"/>
      </symbol>
      <symbol id="sm-133">
         <name>__IRQ_eventTable</name>
         <value>0x49830</value>
         <object_component_ref idref="oc-29"/>
      </symbol>
      <symbol id="sm-134">
         <name>_IRQ_nmiEnable</name>
         <value>0x95020</value>
         <object_component_ref idref="oc-77"/>
      </symbol>
      <symbol id="sm-135">
         <name>_IRQ_reset</name>
         <value>0x94f40</value>
         <object_component_ref idref="oc-75"/>
      </symbol>
      <symbol id="sm-136">
         <name>__IRQ_intTable</name>
         <value>0x498b8</value>
         <object_component_ref idref="oc-29"/>
      </symbol>
      <symbol id="sm-137">
         <name>_IRQ_globalEnable</name>
         <value>0x95000</value>
         <object_component_ref idref="oc-76"/>
      </symbol>
      <symbol id="sm-138">
         <name>_IRQ_globalDisable</name>
         <value>0x94fe0</value>
         <object_component_ref idref="oc-72"/>
      </symbol>
      <symbol id="sm-139">
         <name>_IRQ_map</name>
         <value>0x93fa0</value>
         <object_component_ref idref="oc-74"/>
      </symbol>
      <symbol id="sm-13a">
         <name>_IRQ_enable</name>
         <value>0x94fc0</value>
         <object_component_ref idref="oc-78"/>
      </symbol>
      <symbol id="sm-13b">
         <name>__IRQ_dispatchTable</name>
         <value>0x498f8</value>
         <object_component_ref idref="oc-29"/>
      </symbol>
      <symbol id="sm-13c">
         <name>__IRQ_hookFetchPacket</name>
         <value>0x95100</value>
         <object_component_ref idref="oc-27"/>
      </symbol>
      <symbol id="sm-15a">
         <name>_MCBSP_reset</name>
         <value>0x94180</value>
         <object_component_ref idref="oc-6f"/>
      </symbol>
      <symbol id="sm-15b">
         <name>_MCBSP_read</name>
         <value>0x95060</value>
         <object_component_ref idref="oc-67"/>
      </symbol>
      <symbol id="sm-15c">
         <name>_MCBSP_getXmtEventId</name>
         <value>0x95040</value>
         <object_component_ref idref="oc-73"/>
      </symbol>
      <symbol id="sm-15d">
         <name>_MCBSP_open</name>
         <value>0x94600</value>
         <object_component_ref idref="oc-63"/>
      </symbol>
      <symbol id="sm-15e">
         <name>__MCBSP_hDev0</name>
         <value>0x499a8</value>
         <object_component_ref idref="oc-2e"/>
      </symbol>
      <symbol id="sm-15f">
         <name>__MCBSP_hDev1</name>
         <value>0x499ac</value>
         <object_component_ref idref="oc-2e"/>
      </symbol>
      <symbol id="sm-160">
         <name>__MCBSP_hDev2</name>
         <value>0x499b0</value>
         <object_component_ref idref="oc-2e"/>
      </symbol>
      <symbol id="sm-161">
         <name>_MCBSP_start</name>
         <value>0x946e0</value>
         <object_component_ref idref="oc-65"/>
      </symbol>
      <symbol id="sm-162">
         <name>_MCBSP_rrdy</name>
         <value>0x95080</value>
         <object_component_ref idref="oc-66"/>
      </symbol>
      <symbol id="sm-163">
         <name>_MCBSP_config</name>
         <value>0x94980</value>
         <object_component_ref idref="oc-64"/>
      </symbol>
      <symbol id="sm-164">
         <name>_MCBSP_xrdy</name>
         <value>0x950c0</value>
         <object_component_ref idref="oc-68"/>
      </symbol>
      <symbol id="sm-165">
         <name>_MCBSP_write</name>
         <value>0x950a0</value>
         <object_component_ref idref="oc-69"/>
      </symbol>
      <symbol id="sm-195">
         <name>_DSK6416_waitusec</name>
         <value>0x93800</value>
         <object_component_ref idref="oc-32"/>
      </symbol>
      <symbol id="sm-196">
         <name>_DSK6416_rget</name>
         <value>0x93710</value>
         <object_component_ref idref="oc-32"/>
      </symbol>
      <symbol id="sm-197">
         <name>_DSK6416_wait</name>
         <value>0x93790</value>
         <object_component_ref idref="oc-32"/>
      </symbol>
      <symbol id="sm-198">
         <name>_DSK6416_rset</name>
         <value>0x93748</value>
         <object_component_ref idref="oc-32"/>
      </symbol>
      <symbol id="sm-199">
         <name>_DSK6416_version</name>
         <value>0x4995a</value>
         <object_component_ref idref="oc-33"/>
      </symbol>
      <symbol id="sm-19a">
         <name>_DSK6416_getVersion</name>
         <value>0x9384c</value>
         <object_component_ref idref="oc-32"/>
      </symbol>
      <symbol id="sm-19b">
         <name>_DSK6416_init</name>
         <value>0x93560</value>
         <object_component_ref idref="oc-32"/>
      </symbol>
      <symbol id="sm-1bd">
         <name>_DSK6416_AIC23_openCodec</name>
         <value>0x93b60</value>
         <object_component_ref idref="oc-39"/>
      </symbol>
      <symbol id="sm-1be">
         <name>_DSK6416_AIC23_codecdatahandle</name>
         <value>0x499fc</value>
         <object_component_ref idref="oc-3a"/>
      </symbol>
      <symbol id="sm-1bf">
         <name>_DSK6416_AIC23_codeccontrolhandle</name>
         <value>0x499f8</value>
         <object_component_ref idref="oc-3a"/>
      </symbol>
      <symbol id="sm-1ec">
         <name>_DSK6416_AIC23_rset</name>
         <value>0x93d80</value>
         <object_component_ref idref="oc-40"/>
      </symbol>
      <symbol id="sm-1ed">
         <name>_DSK6416_AIC23_config</name>
         <value>0x93edc</value>
         <object_component_ref idref="oc-40"/>
      </symbol>
      <symbol id="sm-1ee">
         <name>_DSK6416_AIC23_rget</name>
         <value>0x93e9c</value>
         <object_component_ref idref="oc-40"/>
      </symbol>
      <symbol id="sm-20b">
         <name>_DSK6416_AIC23_setFreq</name>
         <value>0x94500</value>
         <object_component_ref idref="oc-47"/>
      </symbol>
      <symbol id="sm-224">
         <name>_DSK6416_LED_init</name>
         <value>0x94360</value>
         <object_component_ref idref="oc-4e"/>
      </symbol>
      <symbol id="sm-225">
         <name>_DSK6416_LED_toggle</name>
         <value>0x94480</value>
         <object_component_ref idref="oc-4e"/>
      </symbol>
      <symbol id="sm-226">
         <name>_DSK6416_LED_on</name>
         <value>0x94414</value>
         <object_component_ref idref="oc-4e"/>
      </symbol>
      <symbol id="sm-227">
         <name>_DSK6416_LED_off</name>
         <value>0x943a8</value>
         <object_component_ref idref="oc-4e"/>
      </symbol>
      <symbol id="sm-22f">
         <name>__strasg</name>
         <value>0x94a40</value>
         <object_component_ref idref="oc-60"/>
      </symbol>
      <symbol id="sm-239">
         <name>_EMIFA_config</name>
         <value>0x94c80</value>
         <object_component_ref idref="oc-62"/>
      </symbol>
      <symbol id="sm-243">
         <name>_EMIFB_config</name>
         <value>0x94d20</value>
         <object_component_ref idref="oc-61"/>
      </symbol>
   </symbol_table>
</link_info>
