<?xml version="1.0"?>
<link_info>
   <banner>TMS320C6x Linker PC v7.4.24</banner>
   <copyright>Copyright (c) 1996-2017 Texas Instruments Incorporated</copyright>
   <link_time>0x67caccd7</link_time>
   <output_file>vidu72.out</output_file>
   <entry_point>
      <name>_c_int00</name>
      <address>0x17c0</address>
   </entry_point>
   <input_file_list>
      <input_file id="fl-2">
         <path>.\</path>
         <kind>object</kind>
         <file>block_sine.obj</file>
         <name>block_sine.obj</name>
      </input_file>
      <input_file id="fl-3">
         <path>.\</path>
         <kind>object</kind>
         <file>c6416dskinit.obj</file>
         <name>c6416dskinit.obj</name>
      </input_file>
      <input_file id="fl-4">
         <path>.\</path>
         <kind>object</kind>
         <file>lab1.obj</file>
         <name>lab1.obj</name>
      </input_file>
      <input_file id="fl-81">
         <path>C:\ti\ccsv7\tools\compiler\c6000_7.4.24\lib\</path>
         <kind>archive</kind>
         <file>rts6400.lib</file>
         <name>boot.obj</name>
      </input_file>
      <input_file id="fl-82">
         <path>C:\ti\ccsv7\tools\compiler\c6000_7.4.24\lib\</path>
         <kind>archive</kind>
         <file>rts6400.lib</file>
         <name>exit.obj</name>
      </input_file>
      <input_file id="fl-83">
         <path>C:\ti\ccsv7\tools\compiler\c6000_7.4.24\lib\</path>
         <kind>archive</kind>
         <file>rts6400.lib</file>
         <name>fixfi.obj</name>
      </input_file>
      <input_file id="fl-84">
         <path>C:\ti\ccsv7\tools\compiler\c6000_7.4.24\lib\</path>
         <kind>archive</kind>
         <file>rts6400.lib</file>
         <name>mpyf.obj</name>
      </input_file>
      <input_file id="fl-85">
         <path>C:\ti\ccsv7\tools\compiler\c6000_7.4.24\lib\</path>
         <kind>archive</kind>
         <file>rts6400.lib</file>
         <name>subf.obj</name>
      </input_file>
      <input_file id="fl-86">
         <path>C:\ti\ccsv7\tools\compiler\c6000_7.4.24\lib\</path>
         <kind>archive</kind>
         <file>rts6400.lib</file>
         <name>addf.obj</name>
      </input_file>
      <input_file id="fl-87">
         <path>C:\ti\ccsv7\tools\compiler\c6000_7.4.24\lib\</path>
         <kind>archive</kind>
         <file>rts6400.lib</file>
         <name>args_main.obj</name>
      </input_file>
      <input_file id="fl-88">
         <path>C:\ti\ccsv7\tools\compiler\c6000_7.4.24\lib\</path>
         <kind>archive</kind>
         <file>rts6400.lib</file>
         <name>autoinit.obj</name>
      </input_file>
      <input_file id="fl-89">
         <path>C:\ti\ccsv7\tools\compiler\c6000_7.4.24\lib\</path>
         <kind>archive</kind>
         <file>rts6400.lib</file>
         <name>cpp_init.obj</name>
      </input_file>
      <input_file id="fl-8a">
         <path>C:\ti\ccsv7\tools\compiler\c6000_7.4.24\lib\</path>
         <kind>archive</kind>
         <file>rts6400.lib</file>
         <name>cpy_tbl.obj</name>
      </input_file>
      <input_file id="fl-8b">
         <path>C:\ti\ccsv7\tools\compiler\c6000_7.4.24\lib\</path>
         <kind>archive</kind>
         <file>rts6400.lib</file>
         <name>frcmpyf.obj</name>
      </input_file>
      <input_file id="fl-8c">
         <path>C:\ti\ccsv7\tools\compiler\c6000_7.4.24\lib\</path>
         <kind>archive</kind>
         <file>rts6400.lib</file>
         <name>memcpy64.obj</name>
      </input_file>
      <input_file id="fl-8d">
         <path>C:\ti\2_ThuvienDSP\lib\</path>
         <kind>archive</kind>
         <file>csl6416.lib</file>
         <name>csl_irq.obj</name>
      </input_file>
      <input_file id="fl-8e">
         <path>C:\ti\2_ThuvienDSP\lib\</path>
         <kind>archive</kind>
         <file>csl6416.lib</file>
         <name>csl_mcbsp.obj</name>
      </input_file>
      <input_file id="fl-8f">
         <path>C:\ti\2_ThuvienDSP\lib\</path>
         <kind>archive</kind>
         <file>dsk6416bsl.lib</file>
         <name>dsk6416.obj</name>
      </input_file>
      <input_file id="fl-90">
         <path>C:\ti\2_ThuvienDSP\lib\</path>
         <kind>archive</kind>
         <file>dsk6416bsl.lib</file>
         <name>dsk6416_aic23_opencodec.obj</name>
      </input_file>
      <input_file id="fl-91">
         <path>C:\ti\2_ThuvienDSP\lib\</path>
         <kind>archive</kind>
         <file>dsk6416bsl.lib</file>
         <name>dsk6416_aic23_registers.obj</name>
      </input_file>
      <input_file id="fl-92">
         <path>C:\ti\2_ThuvienDSP\lib\</path>
         <kind>archive</kind>
         <file>dsk6416bsl.lib</file>
         <name>dsk6416_aic23_setfreq.obj</name>
      </input_file>
      <input_file id="fl-93">
         <path>C:\ti\2_ThuvienDSP\lib\</path>
         <kind>archive</kind>
         <file>dsk6416bsl.lib</file>
         <name>dsk6416_dip.obj</name>
      </input_file>
      <input_file id="fl-94">
         <path>C:\ti\2_ThuvienDSP\lib\</path>
         <kind>archive</kind>
         <file>dsk6416bsl.lib</file>
         <name>dsk6416_led.obj</name>
      </input_file>
      <input_file id="fl-95">
         <path>C:\ti\ccsv7\tools\compiler\c6000_7.4.24\lib\</path>
         <kind>archive</kind>
         <file>rts6400.lib</file>
         <name>strasg.obj</name>
      </input_file>
      <input_file id="fl-96">
         <path>C:\ti\2_ThuvienDSP\lib\</path>
         <kind>archive</kind>
         <file>csl6416.lib</file>
         <name>csl_emifa.obj</name>
      </input_file>
      <input_file id="fl-97">
         <path>C:\ti\2_ThuvienDSP\lib\</path>
         <kind>archive</kind>
         <file>csl6416.lib</file>
         <name>csl_emifb.obj</name>
      </input_file>
   </input_file_list>
   <object_component_list>
      <object_component id="oc-51">
         <name>.text</name>
         <load_address>0x220</load_address>
         <run_address>0x220</run_address>
         <size>0x3c0</size>
         <input_file_ref idref="fl-8f"/>
      </object_component>
      <object_component id="oc-58">
         <name>.text</name>
         <load_address>0x5e0</load_address>
         <run_address>0x5e0</run_address>
         <size>0x220</size>
         <input_file_ref idref="fl-90"/>
      </object_component>
      <object_component id="oc-5f">
         <name>.text</name>
         <load_address>0x800</load_address>
         <run_address>0x800</run_address>
         <size>0x220</size>
         <input_file_ref idref="fl-91"/>
      </object_component>
      <object_component id="oc-93">
         <name>.text:_MCBSP_reset</name>
         <load_address>0xa20</load_address>
         <run_address>0xa20</run_address>
         <size>0x1e0</size>
         <input_file_ref idref="fl-8e"/>
      </object_component>
      <object_component id="oc-72">
         <name>.text</name>
         <load_address>0xc00</load_address>
         <run_address>0xc00</run_address>
         <size>0x1a0</size>
         <input_file_ref idref="fl-94"/>
      </object_component>
      <object_component id="oc-66">
         <name>.text</name>
         <load_address>0xda0</load_address>
         <run_address>0xda0</run_address>
         <size>0x100</size>
         <input_file_ref idref="fl-92"/>
      </object_component>
      <object_component id="oc-87">
         <name>.text:_MCBSP_open</name>
         <load_address>0xea0</load_address>
         <run_address>0xea0</run_address>
         <size>0xe0</size>
         <input_file_ref idref="fl-8e"/>
      </object_component>
      <object_component id="oc-89">
         <name>.text:_MCBSP_start</name>
         <load_address>0xf80</load_address>
         <run_address>0xf80</run_address>
         <size>0xe0</size>
         <input_file_ref idref="fl-8e"/>
      </object_component>
      <object_component id="oc-81">
         <name>.text:__auto_init</name>
         <load_address>0x1060</load_address>
         <run_address>0x1060</run_address>
         <size>0xe0</size>
         <input_file_ref idref="fl-88"/>
      </object_component>
      <object_component id="oc-8f">
         <name>.text:_memcpy</name>
         <load_address>0x1140</load_address>
         <run_address>0x1140</run_address>
         <size>0xe0</size>
         <input_file_ref idref="fl-8c"/>
      </object_component>
      <object_component id="oc-88">
         <name>.text:_MCBSP_config</name>
         <load_address>0x1220</load_address>
         <run_address>0x1220</run_address>
         <size>0xc0</size>
         <input_file_ref idref="fl-8e"/>
      </object_component>
      <object_component id="oc-84">
         <name>.text:__strasg</name>
         <load_address>0x12e0</load_address>
         <run_address>0x12e0</run_address>
         <size>0xc0</size>
         <input_file_ref idref="fl-95"/>
      </object_component>
      <object_component id="oc-83">
         <name>.text:_exit</name>
         <load_address>0x13a0</load_address>
         <run_address>0x13a0</run_address>
         <size>0xc0</size>
         <input_file_ref idref="fl-82"/>
      </object_component>
      <object_component id="oc-86">
         <name>.text:_EMIFA_config</name>
         <load_address>0x1460</load_address>
         <run_address>0x1460</run_address>
         <size>0xa0</size>
         <input_file_ref idref="fl-96"/>
      </object_component>
      <object_component id="oc-85">
         <name>.text:_EMIFB_config</name>
         <load_address>0x1500</load_address>
         <run_address>0x1500</run_address>
         <size>0xa0</size>
         <input_file_ref idref="fl-97"/>
      </object_component>
      <object_component id="oc-8e">
         <name>.text:_copy_in</name>
         <load_address>0x15a0</load_address>
         <run_address>0x15a0</run_address>
         <size>0xa0</size>
         <input_file_ref idref="fl-8a"/>
      </object_component>
      <object_component id="oc-90">
         <name>.text:___TI_cpp_init</name>
         <load_address>0x1640</load_address>
         <run_address>0x1640</run_address>
         <size>0x80</size>
         <input_file_ref idref="fl-89"/>
      </object_component>
      <object_component id="oc-6d">
         <name>.text</name>
         <load_address>0x16c0</load_address>
         <run_address>0x16c0</run_address>
         <size>0x80</size>
         <input_file_ref idref="fl-93"/>
      </object_component>
      <object_component id="oc-91">
         <name>.text</name>
         <load_address>0x1740</load_address>
         <run_address>0x1740</run_address>
         <size>0x80</size>
         <input_file_ref idref="fl-4"/>
      </object_component>
      <object_component id="oc-e">
         <name>.text:_c_int00</name>
         <load_address>0x17c0</load_address>
         <run_address>0x17c0</run_address>
         <size>0x60</size>
         <input_file_ref idref="fl-81"/>
      </object_component>
      <object_component id="oc-82">
         <name>.text:__args_main</name>
         <load_address>0x1820</load_address>
         <run_address>0x1820</run_address>
         <size>0x40</size>
         <input_file_ref idref="fl-87"/>
      </object_component>
      <object_component id="oc-8b">
         <name>.text:_MCBSP_read</name>
         <load_address>0x1860</load_address>
         <run_address>0x1860</run_address>
         <size>0x20</size>
         <input_file_ref idref="fl-8e"/>
      </object_component>
      <object_component id="oc-8a">
         <name>.text:_MCBSP_rrdy</name>
         <load_address>0x1880</load_address>
         <run_address>0x1880</run_address>
         <size>0x20</size>
         <input_file_ref idref="fl-8e"/>
      </object_component>
      <object_component id="oc-8d">
         <name>.text:_MCBSP_write</name>
         <load_address>0x18a0</load_address>
         <run_address>0x18a0</run_address>
         <size>0x20</size>
         <input_file_ref idref="fl-8e"/>
      </object_component>
      <object_component id="oc-8c">
         <name>.text:_MCBSP_xrdy</name>
         <load_address>0x18c0</load_address>
         <run_address>0x18c0</run_address>
         <size>0x20</size>
         <input_file_ref idref="fl-8e"/>
      </object_component>
      <object_component id="oc-92">
         <name>.text:_abort</name>
         <load_address>0x18e0</load_address>
         <run_address>0x18e0</run_address>
         <size>0x20</size>
         <input_file_ref idref="fl-82"/>
      </object_component>
      <object_component id="oc-46">
         <name>.text</name>
         <load_address>0x1900</load_address>
         <run_address>0x1900</run_address>
         <size>0x20</size>
         <input_file_ref idref="fl-8d"/>
      </object_component>
      <object_component id="oc-47">
         <name>.cinit</name>
         <load_address>0x1d20</load_address>
         <run_address>0x1d20</run_address>
         <size>0x12c</size>
         <input_file_ref idref="fl-8d"/>
      </object_component>
      <object_component id="oc-4c">
         <name>.cinit</name>
         <load_address>0x1e50</load_address>
         <run_address>0x1e50</run_address>
         <size>0x7c</size>
         <input_file_ref idref="fl-8e"/>
      </object_component>
      <object_component id="oc-16">
         <name>.cinit</name>
         <load_address>0x1ed0</load_address>
         <run_address>0x1ed0</run_address>
         <size>0x70</size>
         <input_file_ref idref="fl-3"/>
      </object_component>
      <object_component id="oc-24">
         <name>.cinit</name>
         <load_address>0x1f40</load_address>
         <run_address>0x1f40</run_address>
         <size>0x2c</size>
         <input_file_ref idref="fl-82"/>
      </object_component>
      <object_component id="oc-67">
         <name>.cinit</name>
         <load_address>0x1f70</load_address>
         <run_address>0x1f70</run_address>
         <size>0x28</size>
         <input_file_ref idref="fl-92"/>
      </object_component>
      <object_component id="oc-10">
         <name>.cinit</name>
         <load_address>0x1f98</load_address>
         <run_address>0x1f98</run_address>
         <size>0x24</size>
         <input_file_ref idref="fl-2"/>
      </object_component>
      <object_component id="oc-60">
         <name>.cinit</name>
         <load_address>0x1fc0</load_address>
         <run_address>0x1fc0</run_address>
         <size>0x1c</size>
         <input_file_ref idref="fl-91"/>
      </object_component>
      <object_component id="oc-20">
         <name>.stack</name>
         <uninitialized>true</uninitialized>
         <run_address>0x1920</run_address>
         <size>0x8</size>
         <input_file_ref idref="fl-81"/>
      </object_component>
      <object_component id="oc-a9">
         <name>.stack</name>
         <uninitialized>true</uninitialized>
         <run_address>0x1920</run_address>
         <size>0x0</size>
      </object_component>
      <object_component id="oc-53">
         <name>.const</name>
         <load_address>0x220c</load_address>
         <run_address>0x220c</run_address>
         <size>0xc0</size>
         <input_file_ref idref="fl-8f"/>
      </object_component>
      <object_component id="oc-5a">
         <name>.const</name>
         <load_address>0x22cc</load_address>
         <run_address>0x22cc</run_address>
         <size>0x70</size>
         <input_file_ref idref="fl-90"/>
      </object_component>
      <object_component id="oc-11">
         <name>.far</name>
         <uninitialized>true</uninitialized>
         <run_address>0x21e8</run_address>
         <size>0x10</size>
         <input_file_ref idref="fl-2"/>
      </object_component>
      <object_component id="oc-17">
         <name>.far</name>
         <uninitialized>true</uninitialized>
         <run_address>0x20e8</run_address>
         <size>0x70</size>
         <input_file_ref idref="fl-3"/>
      </object_component>
      <object_component id="oc-25">
         <name>.far</name>
         <uninitialized>true</uninitialized>
         <run_address>0x21f8</run_address>
         <size>0xc</size>
         <input_file_ref idref="fl-82"/>
      </object_component>
      <object_component id="oc-48">
         <name>.far</name>
         <uninitialized>true</uninitialized>
         <run_address>0x1fe8</run_address>
         <size>0x100</size>
         <input_file_ref idref="fl-8d"/>
      </object_component>
      <object_component id="oc-4d">
         <name>.far</name>
         <uninitialized>true</uninitialized>
         <run_address>0x2158</run_address>
         <size>0x54</size>
         <input_file_ref idref="fl-8e"/>
      </object_component>
      <object_component id="oc-52">
         <name>.far</name>
         <uninitialized>true</uninitialized>
         <run_address>0x21ac</run_address>
         <size>0x4</size>
         <input_file_ref idref="fl-8f"/>
      </object_component>
      <object_component id="oc-59">
         <name>.far</name>
         <uninitialized>true</uninitialized>
         <run_address>0x2204</run_address>
         <size>0x8</size>
         <input_file_ref idref="fl-90"/>
      </object_component>
      <object_component id="oc-61">
         <name>.far</name>
         <uninitialized>true</uninitialized>
         <run_address>0x21d0</run_address>
         <size>0x14</size>
         <input_file_ref idref="fl-91"/>
      </object_component>
      <object_component id="oc-68">
         <name>.far</name>
         <uninitialized>true</uninitialized>
         <run_address>0x21b0</run_address>
         <size>0x20</size>
         <input_file_ref idref="fl-92"/>
      </object_component>
      <object_component id="oc-73">
         <name>.far</name>
         <uninitialized>true</uninitialized>
         <run_address>0x21e4</run_address>
         <size>0x2</size>
         <input_file_ref idref="fl-94"/>
      </object_component>
      <object_component id="oc-f">
         <name>.debug_info</name>
         <load_address>0x0</load_address>
         <run_address>0x0</run_address>
         <size>0x600</size>
         <input_file_ref idref="fl-2"/>
      </object_component>
      <object_component id="oc-15">
         <name>.debug_info</name>
         <load_address>0x600</load_address>
         <run_address>0x600</run_address>
         <size>0xc53</size>
         <input_file_ref idref="fl-3"/>
      </object_component>
      <object_component id="oc-1b">
         <name>.debug_info</name>
         <load_address>0x1253</load_address>
         <run_address>0x1253</run_address>
         <size>0x853</size>
         <input_file_ref idref="fl-4"/>
      </object_component>
      <object_component id="oc-1f">
         <name>.debug_info</name>
         <load_address>0x1aa6</load_address>
         <run_address>0x1aa6</run_address>
         <size>0x73c</size>
         <input_file_ref idref="fl-81"/>
      </object_component>
      <object_component id="oc-23">
         <name>.debug_info</name>
         <load_address>0x21e2</load_address>
         <run_address>0x21e2</run_address>
         <size>0x86a</size>
         <input_file_ref idref="fl-82"/>
      </object_component>
      <object_component id="oc-28">
         <name>.debug_info</name>
         <load_address>0x2a4c</load_address>
         <run_address>0x2a4c</run_address>
         <size>0x619</size>
         <input_file_ref idref="fl-83"/>
      </object_component>
      <object_component id="oc-2b">
         <name>.debug_info</name>
         <load_address>0x3065</load_address>
         <run_address>0x3065</run_address>
         <size>0x657</size>
         <input_file_ref idref="fl-84"/>
      </object_component>
      <object_component id="oc-2e">
         <name>.debug_info</name>
         <load_address>0x36bc</load_address>
         <run_address>0x36bc</run_address>
         <size>0x5fe</size>
         <input_file_ref idref="fl-85"/>
      </object_component>
      <object_component id="oc-31">
         <name>.debug_info</name>
         <load_address>0x3cba</load_address>
         <run_address>0x3cba</run_address>
         <size>0x632</size>
         <input_file_ref idref="fl-86"/>
      </object_component>
      <object_component id="oc-34">
         <name>.debug_info</name>
         <load_address>0x42ec</load_address>
         <run_address>0x42ec</run_address>
         <size>0x712</size>
         <input_file_ref idref="fl-87"/>
      </object_component>
      <object_component id="oc-37">
         <name>.debug_info</name>
         <load_address>0x49fe</load_address>
         <run_address>0x49fe</run_address>
         <size>0x8e9</size>
         <input_file_ref idref="fl-88"/>
      </object_component>
      <object_component id="oc-3a">
         <name>.debug_info</name>
         <load_address>0x52e7</load_address>
         <run_address>0x52e7</run_address>
         <size>0x761</size>
         <input_file_ref idref="fl-89"/>
      </object_component>
      <object_component id="oc-3d">
         <name>.debug_info</name>
         <load_address>0x5a48</load_address>
         <run_address>0x5a48</run_address>
         <size>0x857</size>
         <input_file_ref idref="fl-8a"/>
      </object_component>
      <object_component id="oc-40">
         <name>.debug_info</name>
         <load_address>0x629f</load_address>
         <run_address>0x629f</run_address>
         <size>0x664</size>
         <input_file_ref idref="fl-8b"/>
      </object_component>
      <object_component id="oc-43">
         <name>.debug_info</name>
         <load_address>0x6903</load_address>
         <run_address>0x6903</run_address>
         <size>0x110</size>
         <input_file_ref idref="fl-8c"/>
      </object_component>
      <object_component id="oc-4a">
         <name>.debug_info</name>
         <load_address>0x6a13</load_address>
         <run_address>0x6a13</run_address>
         <size>0x802</size>
         <input_file_ref idref="fl-8d"/>
      </object_component>
      <object_component id="oc-4f">
         <name>.debug_info</name>
         <load_address>0x7215</load_address>
         <run_address>0x7215</run_address>
         <size>0xef8</size>
         <input_file_ref idref="fl-8e"/>
      </object_component>
      <object_component id="oc-55">
         <name>.debug_info</name>
         <load_address>0x810d</load_address>
         <run_address>0x810d</run_address>
         <size>0xd57</size>
         <input_file_ref idref="fl-8f"/>
      </object_component>
      <object_component id="oc-5c">
         <name>.debug_info</name>
         <load_address>0x8e64</load_address>
         <run_address>0x8e64</run_address>
         <size>0xbbd</size>
         <input_file_ref idref="fl-90"/>
      </object_component>
      <object_component id="oc-63">
         <name>.debug_info</name>
         <load_address>0x9a21</load_address>
         <run_address>0x9a21</run_address>
         <size>0xba3</size>
         <input_file_ref idref="fl-91"/>
      </object_component>
      <object_component id="oc-6a">
         <name>.debug_info</name>
         <load_address>0xa5c4</load_address>
         <run_address>0xa5c4</run_address>
         <size>0x78a</size>
         <input_file_ref idref="fl-92"/>
      </object_component>
      <object_component id="oc-6f">
         <name>.debug_info</name>
         <load_address>0xad4e</load_address>
         <run_address>0xad4e</run_address>
         <size>0x641</size>
         <input_file_ref idref="fl-93"/>
      </object_component>
      <object_component id="oc-75">
         <name>.debug_info</name>
         <load_address>0xb38f</load_address>
         <run_address>0xb38f</run_address>
         <size>0x7c2</size>
         <input_file_ref idref="fl-94"/>
      </object_component>
      <object_component id="oc-78">
         <name>.debug_info</name>
         <load_address>0xbb51</load_address>
         <run_address>0xbb51</run_address>
         <size>0x107</size>
         <input_file_ref idref="fl-95"/>
      </object_component>
      <object_component id="oc-7c">
         <name>.debug_info</name>
         <load_address>0xbc58</load_address>
         <run_address>0xbc58</run_address>
         <size>0x730</size>
         <input_file_ref idref="fl-96"/>
      </object_component>
      <object_component id="oc-7f">
         <name>.debug_info</name>
         <load_address>0xc388</load_address>
         <run_address>0xc388</run_address>
         <size>0x730</size>
         <input_file_ref idref="fl-97"/>
      </object_component>
      <object_component id="oc-aa">
         <name>.debug_info</name>
         <load_address>0xcab8</load_address>
         <run_address>0xcab8</run_address>
         <size>0x6e</size>
      </object_component>
      <object_component id="oc-12">
         <name>.debug_frame</name>
         <load_address>0x0</load_address>
         <run_address>0x0</run_address>
         <size>0x240</size>
         <input_file_ref idref="fl-2"/>
      </object_component>
      <object_component id="oc-18">
         <name>.debug_frame</name>
         <load_address>0x240</load_address>
         <run_address>0x240</run_address>
         <size>0x240</size>
         <input_file_ref idref="fl-3"/>
      </object_component>
      <object_component id="oc-1c">
         <name>.debug_frame</name>
         <load_address>0x480</load_address>
         <run_address>0x480</run_address>
         <size>0x25c</size>
         <input_file_ref idref="fl-4"/>
      </object_component>
      <object_component id="oc-57">
         <name>.debug_frame</name>
         <load_address>0x6dc</load_address>
         <run_address>0x6dc</run_address>
         <size>0x1d4</size>
         <input_file_ref idref="fl-8f"/>
      </object_component>
      <object_component id="oc-5e">
         <name>.debug_frame</name>
         <load_address>0x8b0</load_address>
         <run_address>0x8b0</run_address>
         <size>0x134</size>
         <input_file_ref idref="fl-90"/>
      </object_component>
      <object_component id="oc-65">
         <name>.debug_frame</name>
         <load_address>0x9e4</load_address>
         <run_address>0x9e4</run_address>
         <size>0x174</size>
         <input_file_ref idref="fl-91"/>
      </object_component>
      <object_component id="oc-6c">
         <name>.debug_frame</name>
         <load_address>0xb58</load_address>
         <run_address>0xb58</run_address>
         <size>0x130</size>
         <input_file_ref idref="fl-92"/>
      </object_component>
      <object_component id="oc-71">
         <name>.debug_frame</name>
         <load_address>0xc88</load_address>
         <run_address>0xc88</run_address>
         <size>0x14c</size>
         <input_file_ref idref="fl-93"/>
      </object_component>
      <object_component id="oc-77">
         <name>.debug_frame</name>
         <load_address>0xdd4</load_address>
         <run_address>0xdd4</run_address>
         <size>0x190</size>
         <input_file_ref idref="fl-94"/>
      </object_component>
      <object_component id="oc-13">
         <name>.debug_line</name>
         <load_address>0x0</load_address>
         <run_address>0x0</run_address>
         <size>0x2d</size>
         <input_file_ref idref="fl-2"/>
      </object_component>
      <object_component id="oc-19">
         <name>.debug_line</name>
         <load_address>0x2d</load_address>
         <run_address>0x2d</run_address>
         <size>0x2f</size>
         <input_file_ref idref="fl-3"/>
      </object_component>
      <object_component id="oc-1d">
         <name>.debug_line</name>
         <load_address>0x5c</load_address>
         <run_address>0x5c</run_address>
         <size>0x4f</size>
         <input_file_ref idref="fl-4"/>
      </object_component>
      <object_component id="oc-21">
         <name>.debug_line</name>
         <load_address>0xab</load_address>
         <run_address>0xab</run_address>
         <size>0x3d</size>
         <input_file_ref idref="fl-81"/>
      </object_component>
      <object_component id="oc-26">
         <name>.debug_line</name>
         <load_address>0xe8</load_address>
         <run_address>0xe8</run_address>
         <size>0x4f</size>
         <input_file_ref idref="fl-82"/>
      </object_component>
      <object_component id="oc-29">
         <name>.debug_line</name>
         <load_address>0x137</load_address>
         <run_address>0x137</run_address>
         <size>0x27</size>
         <input_file_ref idref="fl-83"/>
      </object_component>
      <object_component id="oc-2c">
         <name>.debug_line</name>
         <load_address>0x15e</load_address>
         <run_address>0x15e</run_address>
         <size>0x24</size>
         <input_file_ref idref="fl-84"/>
      </object_component>
      <object_component id="oc-2f">
         <name>.debug_line</name>
         <load_address>0x182</load_address>
         <run_address>0x182</run_address>
         <size>0x24</size>
         <input_file_ref idref="fl-85"/>
      </object_component>
      <object_component id="oc-32">
         <name>.debug_line</name>
         <load_address>0x1a6</load_address>
         <run_address>0x1a6</run_address>
         <size>0x30</size>
         <input_file_ref idref="fl-86"/>
      </object_component>
      <object_component id="oc-35">
         <name>.debug_line</name>
         <load_address>0x1d6</load_address>
         <run_address>0x1d6</run_address>
         <size>0x41</size>
         <input_file_ref idref="fl-87"/>
      </object_component>
      <object_component id="oc-38">
         <name>.debug_line</name>
         <load_address>0x217</load_address>
         <run_address>0x217</run_address>
         <size>0x47</size>
         <input_file_ref idref="fl-88"/>
      </object_component>
      <object_component id="oc-3b">
         <name>.debug_line</name>
         <load_address>0x25e</load_address>
         <run_address>0x25e</run_address>
         <size>0x45</size>
         <input_file_ref idref="fl-89"/>
      </object_component>
      <object_component id="oc-3e">
         <name>.debug_line</name>
         <load_address>0x2a3</load_address>
         <run_address>0x2a3</run_address>
         <size>0x44</size>
         <input_file_ref idref="fl-8a"/>
      </object_component>
      <object_component id="oc-41">
         <name>.debug_line</name>
         <load_address>0x2e7</load_address>
         <run_address>0x2e7</run_address>
         <size>0x27</size>
         <input_file_ref idref="fl-8b"/>
      </object_component>
      <object_component id="oc-44">
         <name>.debug_line</name>
         <load_address>0x30e</load_address>
         <run_address>0x30e</run_address>
         <size>0x4f</size>
         <input_file_ref idref="fl-8c"/>
      </object_component>
      <object_component id="oc-4b">
         <name>.debug_line</name>
         <load_address>0x35d</load_address>
         <run_address>0x35d</run_address>
         <size>0x64</size>
         <input_file_ref idref="fl-8d"/>
      </object_component>
      <object_component id="oc-50">
         <name>.debug_line</name>
         <load_address>0x3c1</load_address>
         <run_address>0x3c1</run_address>
         <size>0x12a</size>
         <input_file_ref idref="fl-8e"/>
      </object_component>
      <object_component id="oc-56">
         <name>.debug_line</name>
         <load_address>0x4eb</load_address>
         <run_address>0x4eb</run_address>
         <size>0x102</size>
         <input_file_ref idref="fl-8f"/>
      </object_component>
      <object_component id="oc-5d">
         <name>.debug_line</name>
         <load_address>0x5ed</load_address>
         <run_address>0x5ed</run_address>
         <size>0x72</size>
         <input_file_ref idref="fl-90"/>
      </object_component>
      <object_component id="oc-64">
         <name>.debug_line</name>
         <load_address>0x65f</load_address>
         <run_address>0x65f</run_address>
         <size>0xa7</size>
         <input_file_ref idref="fl-91"/>
      </object_component>
      <object_component id="oc-6b">
         <name>.debug_line</name>
         <load_address>0x706</load_address>
         <run_address>0x706</run_address>
         <size>0x69</size>
         <input_file_ref idref="fl-92"/>
      </object_component>
      <object_component id="oc-70">
         <name>.debug_line</name>
         <load_address>0x76f</load_address>
         <run_address>0x76f</run_address>
         <size>0x5e</size>
         <input_file_ref idref="fl-93"/>
      </object_component>
      <object_component id="oc-76">
         <name>.debug_line</name>
         <load_address>0x7cd</load_address>
         <run_address>0x7cd</run_address>
         <size>0xa0</size>
         <input_file_ref idref="fl-94"/>
      </object_component>
      <object_component id="oc-79">
         <name>.debug_line</name>
         <load_address>0x86d</load_address>
         <run_address>0x86d</run_address>
         <size>0x48</size>
         <input_file_ref idref="fl-95"/>
      </object_component>
      <object_component id="oc-7d">
         <name>.debug_line</name>
         <load_address>0x8b5</load_address>
         <run_address>0x8b5</run_address>
         <size>0x5a</size>
         <input_file_ref idref="fl-96"/>
      </object_component>
      <object_component id="oc-80">
         <name>.debug_line</name>
         <load_address>0x90f</load_address>
         <run_address>0x90f</run_address>
         <size>0x5a</size>
         <input_file_ref idref="fl-97"/>
      </object_component>
      <object_component id="oc-14">
         <name>.debug_abbrev</name>
         <load_address>0x0</load_address>
         <run_address>0x0</run_address>
         <size>0xf2</size>
         <input_file_ref idref="fl-2"/>
      </object_component>
      <object_component id="oc-1a">
         <name>.debug_abbrev</name>
         <load_address>0xf2</load_address>
         <run_address>0xf2</run_address>
         <size>0x18e</size>
         <input_file_ref idref="fl-3"/>
      </object_component>
      <object_component id="oc-1e">
         <name>.debug_abbrev</name>
         <load_address>0x280</load_address>
         <run_address>0x280</run_address>
         <size>0xc6</size>
         <input_file_ref idref="fl-4"/>
      </object_component>
      <object_component id="oc-22">
         <name>.debug_abbrev</name>
         <load_address>0x346</load_address>
         <run_address>0x346</run_address>
         <size>0xfe</size>
         <input_file_ref idref="fl-81"/>
      </object_component>
      <object_component id="oc-27">
         <name>.debug_abbrev</name>
         <load_address>0x444</load_address>
         <run_address>0x444</run_address>
         <size>0x119</size>
         <input_file_ref idref="fl-82"/>
      </object_component>
      <object_component id="oc-2a">
         <name>.debug_abbrev</name>
         <load_address>0x55d</load_address>
         <run_address>0x55d</run_address>
         <size>0x98</size>
         <input_file_ref idref="fl-83"/>
      </object_component>
      <object_component id="oc-2d">
         <name>.debug_abbrev</name>
         <load_address>0x5f5</load_address>
         <run_address>0x5f5</run_address>
         <size>0xa6</size>
         <input_file_ref idref="fl-84"/>
      </object_component>
      <object_component id="oc-30">
         <name>.debug_abbrev</name>
         <load_address>0x69b</load_address>
         <run_address>0x69b</run_address>
         <size>0x8f</size>
         <input_file_ref idref="fl-85"/>
      </object_component>
      <object_component id="oc-33">
         <name>.debug_abbrev</name>
         <load_address>0x72a</load_address>
         <run_address>0x72a</run_address>
         <size>0xb5</size>
         <input_file_ref idref="fl-86"/>
      </object_component>
      <object_component id="oc-36">
         <name>.debug_abbrev</name>
         <load_address>0x7df</load_address>
         <run_address>0x7df</run_address>
         <size>0xe1</size>
         <input_file_ref idref="fl-87"/>
      </object_component>
      <object_component id="oc-39">
         <name>.debug_abbrev</name>
         <load_address>0x8c0</load_address>
         <run_address>0x8c0</run_address>
         <size>0x13f</size>
         <input_file_ref idref="fl-88"/>
      </object_component>
      <object_component id="oc-3c">
         <name>.debug_abbrev</name>
         <load_address>0x9ff</load_address>
         <run_address>0x9ff</run_address>
         <size>0xdd</size>
         <input_file_ref idref="fl-89"/>
      </object_component>
      <object_component id="oc-3f">
         <name>.debug_abbrev</name>
         <load_address>0xadc</load_address>
         <run_address>0xadc</run_address>
         <size>0x10c</size>
         <input_file_ref idref="fl-8a"/>
      </object_component>
      <object_component id="oc-42">
         <name>.debug_abbrev</name>
         <load_address>0xbe8</load_address>
         <run_address>0xbe8</run_address>
         <size>0x98</size>
         <input_file_ref idref="fl-8b"/>
      </object_component>
      <object_component id="oc-45">
         <name>.debug_abbrev</name>
         <load_address>0xc80</load_address>
         <run_address>0xc80</run_address>
         <size>0x3b</size>
         <input_file_ref idref="fl-8c"/>
      </object_component>
      <object_component id="oc-49">
         <name>.debug_abbrev</name>
         <load_address>0xcbb</load_address>
         <run_address>0xcbb</run_address>
         <size>0x1b7</size>
         <input_file_ref idref="fl-8d"/>
      </object_component>
      <object_component id="oc-4e">
         <name>.debug_abbrev</name>
         <load_address>0xe72</load_address>
         <run_address>0xe72</run_address>
         <size>0x1a3</size>
         <input_file_ref idref="fl-8e"/>
      </object_component>
      <object_component id="oc-54">
         <name>.debug_abbrev</name>
         <load_address>0x1015</load_address>
         <run_address>0x1015</run_address>
         <size>0x162</size>
         <input_file_ref idref="fl-8f"/>
      </object_component>
      <object_component id="oc-5b">
         <name>.debug_abbrev</name>
         <load_address>0x1177</load_address>
         <run_address>0x1177</run_address>
         <size>0x11c</size>
         <input_file_ref idref="fl-90"/>
      </object_component>
      <object_component id="oc-62">
         <name>.debug_abbrev</name>
         <load_address>0x1293</load_address>
         <run_address>0x1293</run_address>
         <size>0x154</size>
         <input_file_ref idref="fl-91"/>
      </object_component>
      <object_component id="oc-69">
         <name>.debug_abbrev</name>
         <load_address>0x13e7</load_address>
         <run_address>0x13e7</run_address>
         <size>0xf0</size>
         <input_file_ref idref="fl-92"/>
      </object_component>
      <object_component id="oc-6e">
         <name>.debug_abbrev</name>
         <load_address>0x14d7</load_address>
         <run_address>0x14d7</run_address>
         <size>0xd7</size>
         <input_file_ref idref="fl-93"/>
      </object_component>
      <object_component id="oc-74">
         <name>.debug_abbrev</name>
         <load_address>0x15ae</load_address>
         <run_address>0x15ae</run_address>
         <size>0xc8</size>
         <input_file_ref idref="fl-94"/>
      </object_component>
      <object_component id="oc-7a">
         <name>.debug_abbrev</name>
         <load_address>0x1676</load_address>
         <run_address>0x1676</run_address>
         <size>0x3b</size>
         <input_file_ref idref="fl-95"/>
      </object_component>
      <object_component id="oc-7b">
         <name>.debug_abbrev</name>
         <load_address>0x16b1</load_address>
         <run_address>0x16b1</run_address>
         <size>0xe0</size>
         <input_file_ref idref="fl-96"/>
      </object_component>
      <object_component id="oc-7e">
         <name>.debug_abbrev</name>
         <load_address>0x1791</load_address>
         <run_address>0x1791</run_address>
         <size>0xe0</size>
         <input_file_ref idref="fl-97"/>
      </object_component>
      <object_component id="oc-ab">
         <name>.debug_abbrev</name>
         <load_address>0x1871</load_address>
         <run_address>0x1871</run_address>
         <size>0xd</size>
      </object_component>
   </object_component_list>
   <logical_group_list>
      <logical_group id="lg-2">
         <name>.EXT_RAM</name>
         <run_address>0x0</run_address>
         <size>0x0</size>
         <contents>
         </contents>
      </logical_group>
      <logical_group id="lg-3">
         <name>.vectors</name>
         <run_address>0x0</run_address>
         <size>0x0</size>
         <contents>
         </contents>
      </logical_group>
      <logical_group id="lg-4">
         <name>.text</name>
         <load_address>0x220</load_address>
         <run_address>0x220</run_address>
         <size>0x1700</size>
         <contents>
            <object_component_ref idref="oc-51"/>
            <object_component_ref idref="oc-58"/>
            <object_component_ref idref="oc-5f"/>
            <object_component_ref idref="oc-93"/>
            <object_component_ref idref="oc-72"/>
            <object_component_ref idref="oc-66"/>
            <object_component_ref idref="oc-87"/>
            <object_component_ref idref="oc-89"/>
            <object_component_ref idref="oc-81"/>
            <object_component_ref idref="oc-8f"/>
            <object_component_ref idref="oc-88"/>
            <object_component_ref idref="oc-84"/>
            <object_component_ref idref="oc-83"/>
            <object_component_ref idref="oc-86"/>
            <object_component_ref idref="oc-85"/>
            <object_component_ref idref="oc-8e"/>
            <object_component_ref idref="oc-90"/>
            <object_component_ref idref="oc-6d"/>
            <object_component_ref idref="oc-91"/>
            <object_component_ref idref="oc-e"/>
            <object_component_ref idref="oc-82"/>
            <object_component_ref idref="oc-8b"/>
            <object_component_ref idref="oc-8a"/>
            <object_component_ref idref="oc-8d"/>
            <object_component_ref idref="oc-8c"/>
            <object_component_ref idref="oc-92"/>
            <object_component_ref idref="oc-46"/>
         </contents>
      </logical_group>
      <logical_group id="lg-5">
         <name>.bss</name>
         <run_address>0x220</run_address>
         <size>0x0</size>
         <contents>
         </contents>
      </logical_group>
      <logical_group id="lg-6">
         <name>.cinit</name>
         <load_address>0x1d20</load_address>
         <run_address>0x1d20</run_address>
         <size>0x2c4</size>
         <contents>
            <object_component_ref idref="oc-47"/>
            <object_component_ref idref="oc-4c"/>
            <object_component_ref idref="oc-16"/>
            <object_component_ref idref="oc-24"/>
            <object_component_ref idref="oc-67"/>
            <object_component_ref idref="oc-10"/>
            <object_component_ref idref="oc-60"/>
         </contents>
      </logical_group>
      <logical_group id="lg-7">
         <name>.stack</name>
         <run_address>0x1920</run_address>
         <size>0x400</size>
         <contents>
            <object_component_ref idref="oc-20"/>
            <object_component_ref idref="oc-a9"/>
         </contents>
      </logical_group>
      <logical_group id="lg-8">
         <name>.sysmem</name>
         <run_address>0x0</run_address>
         <size>0x0</size>
         <contents>
         </contents>
      </logical_group>
      <logical_group id="lg-9">
         <name>.const</name>
         <load_address>0x220c</load_address>
         <run_address>0x220c</run_address>
         <size>0x130</size>
         <contents>
            <object_component_ref idref="oc-53"/>
            <object_component_ref idref="oc-5a"/>
         </contents>
      </logical_group>
      <logical_group id="lg-a">
         <name>.switch</name>
         <run_address>0x0</run_address>
         <size>0x0</size>
         <contents>
         </contents>
      </logical_group>
      <logical_group id="lg-b">
         <name>.far</name>
         <run_address>0x1fe8</run_address>
         <size>0x224</size>
         <contents>
            <object_component_ref idref="oc-11"/>
            <object_component_ref idref="oc-17"/>
            <object_component_ref idref="oc-25"/>
            <object_component_ref idref="oc-48"/>
            <object_component_ref idref="oc-4d"/>
            <object_component_ref idref="oc-52"/>
            <object_component_ref idref="oc-59"/>
            <object_component_ref idref="oc-61"/>
            <object_component_ref idref="oc-68"/>
            <object_component_ref idref="oc-73"/>
         </contents>
      </logical_group>
      <logical_group id="lg-c">
         <name>.cio</name>
         <run_address>0x0</run_address>
         <size>0x0</size>
         <contents>
         </contents>
      </logical_group>
      <logical_group id="lg-d">
         <name>.csldata</name>
         <run_address>0x0</run_address>
         <size>0x0</size>
         <contents>
         </contents>
      </logical_group>
      <logical_group id="lg-a0">
         <name>.debug_info</name>
         <load_address>0x0</load_address>
         <run_address>0x0</run_address>
         <size>0xcb26</size>
         <contents>
            <object_component_ref idref="oc-f"/>
            <object_component_ref idref="oc-15"/>
            <object_component_ref idref="oc-1b"/>
            <object_component_ref idref="oc-1f"/>
            <object_component_ref idref="oc-23"/>
            <object_component_ref idref="oc-28"/>
            <object_component_ref idref="oc-2b"/>
            <object_component_ref idref="oc-2e"/>
            <object_component_ref idref="oc-31"/>
            <object_component_ref idref="oc-34"/>
            <object_component_ref idref="oc-37"/>
            <object_component_ref idref="oc-3a"/>
            <object_component_ref idref="oc-3d"/>
            <object_component_ref idref="oc-40"/>
            <object_component_ref idref="oc-43"/>
            <object_component_ref idref="oc-4a"/>
            <object_component_ref idref="oc-4f"/>
            <object_component_ref idref="oc-55"/>
            <object_component_ref idref="oc-5c"/>
            <object_component_ref idref="oc-63"/>
            <object_component_ref idref="oc-6a"/>
            <object_component_ref idref="oc-6f"/>
            <object_component_ref idref="oc-75"/>
            <object_component_ref idref="oc-78"/>
            <object_component_ref idref="oc-7c"/>
            <object_component_ref idref="oc-7f"/>
            <object_component_ref idref="oc-aa"/>
         </contents>
      </logical_group>
      <logical_group id="lg-a2">
         <name>.debug_frame</name>
         <load_address>0x0</load_address>
         <run_address>0x0</run_address>
         <size>0xf64</size>
         <contents>
            <object_component_ref idref="oc-12"/>
            <object_component_ref idref="oc-18"/>
            <object_component_ref idref="oc-1c"/>
            <object_component_ref idref="oc-57"/>
            <object_component_ref idref="oc-5e"/>
            <object_component_ref idref="oc-65"/>
            <object_component_ref idref="oc-6c"/>
            <object_component_ref idref="oc-71"/>
            <object_component_ref idref="oc-77"/>
         </contents>
      </logical_group>
      <logical_group id="lg-a4">
         <name>.debug_line</name>
         <load_address>0x0</load_address>
         <run_address>0x0</run_address>
         <size>0x969</size>
         <contents>
            <object_component_ref idref="oc-13"/>
            <object_component_ref idref="oc-19"/>
            <object_component_ref idref="oc-1d"/>
            <object_component_ref idref="oc-21"/>
            <object_component_ref idref="oc-26"/>
            <object_component_ref idref="oc-29"/>
            <object_component_ref idref="oc-2c"/>
            <object_component_ref idref="oc-2f"/>
            <object_component_ref idref="oc-32"/>
            <object_component_ref idref="oc-35"/>
            <object_component_ref idref="oc-38"/>
            <object_component_ref idref="oc-3b"/>
            <object_component_ref idref="oc-3e"/>
            <object_component_ref idref="oc-41"/>
            <object_component_ref idref="oc-44"/>
            <object_component_ref idref="oc-4b"/>
            <object_component_ref idref="oc-50"/>
            <object_component_ref idref="oc-56"/>
            <object_component_ref idref="oc-5d"/>
            <object_component_ref idref="oc-64"/>
            <object_component_ref idref="oc-6b"/>
            <object_component_ref idref="oc-70"/>
            <object_component_ref idref="oc-76"/>
            <object_component_ref idref="oc-79"/>
            <object_component_ref idref="oc-7d"/>
            <object_component_ref idref="oc-80"/>
         </contents>
      </logical_group>
      <logical_group id="lg-a6">
         <name>.debug_abbrev</name>
         <load_address>0x0</load_address>
         <run_address>0x0</run_address>
         <size>0x187e</size>
         <contents>
            <object_component_ref idref="oc-14"/>
            <object_component_ref idref="oc-1a"/>
            <object_component_ref idref="oc-1e"/>
            <object_component_ref idref="oc-22"/>
            <object_component_ref idref="oc-27"/>
            <object_component_ref idref="oc-2a"/>
            <object_component_ref idref="oc-2d"/>
            <object_component_ref idref="oc-30"/>
            <object_component_ref idref="oc-33"/>
            <object_component_ref idref="oc-36"/>
            <object_component_ref idref="oc-39"/>
            <object_component_ref idref="oc-3c"/>
            <object_component_ref idref="oc-3f"/>
            <object_component_ref idref="oc-42"/>
            <object_component_ref idref="oc-45"/>
            <object_component_ref idref="oc-49"/>
            <object_component_ref idref="oc-4e"/>
            <object_component_ref idref="oc-54"/>
            <object_component_ref idref="oc-5b"/>
            <object_component_ref idref="oc-62"/>
            <object_component_ref idref="oc-69"/>
            <object_component_ref idref="oc-6e"/>
            <object_component_ref idref="oc-74"/>
            <object_component_ref idref="oc-7a"/>
            <object_component_ref idref="oc-7b"/>
            <object_component_ref idref="oc-7e"/>
            <object_component_ref idref="oc-ab"/>
         </contents>
      </logical_group>
   </logical_group_list>
   <placement_map>
      <memory_area>
         <name>IVECS</name>
         <page_id>0x0</page_id>
         <origin>0x0</origin>
         <length>0x220</length>
         <used_space>0x0</used_space>
         <unused_space>0x220</unused_space>
         <attributes>RWIX</attributes>
         <usage_details>
         </usage_details>
      </memory_area>
      <memory_area>
         <name>IRAM</name>
         <page_id>0x0</page_id>
         <origin>0x220</origin>
         <length>0x2fde0</length>
         <used_space>0x2118</used_space>
         <unused_space>0x2dcc8</unused_space>
         <attributes>RWIX</attributes>
         <usage_details>
            <allocated_space>
               <start_address>0x220</start_address>
               <size>0x0</size>
               <logical_group_ref idref="lg-5"/>
            </allocated_space>
            <allocated_space>
               <start_address>0x220</start_address>
               <size>0x1700</size>
               <logical_group_ref idref="lg-4"/>
            </allocated_space>
            <allocated_space>
               <start_address>0x1920</start_address>
               <size>0x400</size>
               <logical_group_ref idref="lg-7"/>
            </allocated_space>
            <allocated_space>
               <start_address>0x1d20</start_address>
               <size>0x2c4</size>
               <logical_group_ref idref="lg-6"/>
            </allocated_space>
            <available_space>
               <start_address>0x1fe4</start_address>
               <size>0x4</size>
            </available_space>
            <allocated_space>
               <start_address>0x1fe8</start_address>
               <size>0x224</size>
               <logical_group_ref idref="lg-b"/>
            </allocated_space>
            <allocated_space>
               <start_address>0x220c</start_address>
               <size>0x130</size>
               <logical_group_ref idref="lg-9"/>
            </allocated_space>
            <available_space>
               <start_address>0x233c</start_address>
               <size>0x2dcc4</size>
            </available_space>
         </usage_details>
      </memory_area>
      <memory_area>
         <name>SDRAM</name>
         <page_id>0x0</page_id>
         <origin>0x80000000</origin>
         <length>0x100000</length>
         <used_space>0x0</used_space>
         <unused_space>0x100000</unused_space>
         <attributes>RWIX</attributes>
         <usage_details>
         </usage_details>
      </memory_area>
      <memory_area>
         <name>FLASH</name>
         <page_id>0x0</page_id>
         <origin>0x90000000</origin>
         <length>0x20000</length>
         <used_space>0x0</used_space>
         <unused_space>0x20000</unused_space>
         <attributes>RWIX</attributes>
         <usage_details>
         </usage_details>
      </memory_area>
   </placement_map>
   <symbol_table>
      <symbol id="sm-0">
         <name>cinit</name>
         <value>0x1d20</value>
      </symbol>
      <symbol id="sm-1">
         <name>___cinit__</name>
         <value>0x1d20</value>
      </symbol>
      <symbol id="sm-2">
         <name>pinit</name>
         <value>0xffffffff</value>
      </symbol>
      <symbol id="sm-3">
         <name>___pinit__</name>
         <value>0xffffffff</value>
      </symbol>
      <symbol id="sm-4">
         <name>binit</name>
         <value>0xffffffff</value>
      </symbol>
      <symbol id="sm-5">
         <name>___binit__</name>
         <value>0xffffffff</value>
      </symbol>
      <symbol id="sm-6">
         <name>__STACK_SIZE</name>
         <value>0x400</value>
      </symbol>
      <symbol id="sm-7">
         <name>__STACK_END</name>
         <value>0x1d20</value>
      </symbol>
      <symbol id="sm-8">
         <name>___c_args__</name>
         <value>0xffffffff</value>
      </symbol>
      <symbol id="sm-9">
         <name>.text</name>
         <value>0x220</value>
      </symbol>
      <symbol id="sm-a">
         <name>___text__</name>
         <value>0x220</value>
      </symbol>
      <symbol id="sm-b">
         <name>etext</name>
         <value>0x1920</value>
      </symbol>
      <symbol id="sm-c">
         <name>___etext__</name>
         <value>0x1920</value>
      </symbol>
      <symbol id="sm-d">
         <name>.bss</name>
         <value>0x220</value>
      </symbol>
      <symbol id="sm-e">
         <name>___bss__</name>
         <value>0x220</value>
      </symbol>
      <symbol id="sm-f">
         <name>end</name>
         <value>0x220</value>
      </symbol>
      <symbol id="sm-10">
         <name>___end__</name>
         <value>0x220</value>
      </symbol>
      <symbol id="sm-11">
         <name>___TI_pprof_out_hndl</name>
         <value>0xffffffff</value>
      </symbol>
      <symbol id="sm-12">
         <name>___TI_prof_data_start</name>
         <value>0xffffffff</value>
      </symbol>
      <symbol id="sm-13">
         <name>___TI_prof_data_size</name>
         <value>0xffffffff</value>
      </symbol>
      <symbol id="sm-14">
         <name>$bss</name>
         <value>0x220</value>
      </symbol>
      <symbol id="sm-4f">
         <name>_config</name>
         <value>0x212c</value>
         <object_component_ref idref="oc-17"/>
      </symbol>
      <symbol id="sm-50">
         <name>_AIC_data</name>
         <value>0x20e8</value>
         <object_component_ref idref="oc-17"/>
      </symbol>
      <symbol id="sm-51">
         <name>_hAIC23_handle</name>
         <value>0x2154</value>
         <object_component_ref idref="oc-17"/>
      </symbol>
      <symbol id="sm-52">
         <name>_AIC23CfgData</name>
         <value>0x20f4</value>
         <object_component_ref idref="oc-17"/>
      </symbol>
      <symbol id="sm-6b">
         <name>_main</name>
         <value>0x1740</value>
         <object_component_ref idref="oc-91"/>
      </symbol>
      <symbol id="sm-77">
         <name>_c_int00</name>
         <value>0x17c0</value>
         <object_component_ref idref="oc-e"/>
      </symbol>
      <symbol id="sm-78">
         <name>__stack</name>
         <value>0x1920</value>
         <object_component_ref idref="oc-20"/>
      </symbol>
      <symbol id="sm-88">
         <name>C$$EXIT</name>
         <value>0x18e0</value>
         <object_component_ref idref="oc-92"/>
      </symbol>
      <symbol id="sm-89">
         <name>_exit</name>
         <value>0x13a0</value>
         <object_component_ref idref="oc-83"/>
      </symbol>
      <symbol id="sm-8a">
         <name>___TI_enable_exit_profile_output</name>
         <value>0x2200</value>
         <object_component_ref idref="oc-25"/>
      </symbol>
      <symbol id="sm-8b">
         <name>_abort</name>
         <value>0x18e0</value>
         <object_component_ref idref="oc-92"/>
      </symbol>
      <symbol id="sm-8c">
         <name>__cleanup_ptr</name>
         <value>0x21f8</value>
         <object_component_ref idref="oc-25"/>
      </symbol>
      <symbol id="sm-8d">
         <name>__dtors_ptr</name>
         <value>0x21fc</value>
         <object_component_ref idref="oc-25"/>
      </symbol>
      <symbol id="sm-b3">
         <name>__args_main</name>
         <value>0x1820</value>
         <object_component_ref idref="oc-82"/>
      </symbol>
      <symbol id="sm-b4">
         <name>__TI_args_main</name>
         <value>0x1</value>
      </symbol>
      <symbol id="sm-be">
         <name>__auto_init</name>
         <value>0x1060</value>
         <object_component_ref idref="oc-81"/>
      </symbol>
      <symbol id="sm-c8">
         <name>___TI_cpp_init</name>
         <value>0x1640</value>
         <object_component_ref idref="oc-90"/>
      </symbol>
      <symbol id="sm-d2">
         <name>_copy_in</name>
         <value>0x15a0</value>
         <object_component_ref idref="oc-8e"/>
      </symbol>
      <symbol id="sm-e1">
         <name>_memcpy</name>
         <value>0x1140</value>
         <object_component_ref idref="oc-8f"/>
      </symbol>
      <symbol id="sm-ef">
         <name>__IRQ_eventTable</name>
         <value>0x2018</value>
         <object_component_ref idref="oc-48"/>
      </symbol>
      <symbol id="sm-f0">
         <name>__IRQ_intTable</name>
         <value>0x20a0</value>
         <object_component_ref idref="oc-48"/>
      </symbol>
      <symbol id="sm-f1">
         <name>__IRQ_dispatchTable</name>
         <value>0x20e0</value>
         <object_component_ref idref="oc-48"/>
      </symbol>
      <symbol id="sm-f2">
         <name>__IRQ_hookFetchPacket</name>
         <value>0x1900</value>
         <object_component_ref idref="oc-46"/>
      </symbol>
      <symbol id="sm-10e">
         <name>_MCBSP_reset</name>
         <value>0xa20</value>
         <object_component_ref idref="oc-93"/>
      </symbol>
      <symbol id="sm-10f">
         <name>_MCBSP_read</name>
         <value>0x1860</value>
         <object_component_ref idref="oc-8b"/>
      </symbol>
      <symbol id="sm-110">
         <name>_MCBSP_open</name>
         <value>0xea0</value>
         <object_component_ref idref="oc-87"/>
      </symbol>
      <symbol id="sm-111">
         <name>__MCBSP_hDev0</name>
         <value>0x21a0</value>
         <object_component_ref idref="oc-4d"/>
      </symbol>
      <symbol id="sm-112">
         <name>__MCBSP_hDev1</name>
         <value>0x21a4</value>
         <object_component_ref idref="oc-4d"/>
      </symbol>
      <symbol id="sm-113">
         <name>__MCBSP_hDev2</name>
         <value>0x21a8</value>
         <object_component_ref idref="oc-4d"/>
      </symbol>
      <symbol id="sm-114">
         <name>_MCBSP_start</name>
         <value>0xf80</value>
         <object_component_ref idref="oc-89"/>
      </symbol>
      <symbol id="sm-115">
         <name>_MCBSP_rrdy</name>
         <value>0x1880</value>
         <object_component_ref idref="oc-8a"/>
      </symbol>
      <symbol id="sm-116">
         <name>_MCBSP_config</name>
         <value>0x1220</value>
         <object_component_ref idref="oc-88"/>
      </symbol>
      <symbol id="sm-117">
         <name>_MCBSP_xrdy</name>
         <value>0x18c0</value>
         <object_component_ref idref="oc-8c"/>
      </symbol>
      <symbol id="sm-118">
         <name>_MCBSP_write</name>
         <value>0x18a0</value>
         <object_component_ref idref="oc-8d"/>
      </symbol>
      <symbol id="sm-148">
         <name>_DSK6416_waitusec</name>
         <value>0x4c0</value>
         <object_component_ref idref="oc-51"/>
      </symbol>
      <symbol id="sm-149">
         <name>_DSK6416_rget</name>
         <value>0x3d0</value>
         <object_component_ref idref="oc-51"/>
      </symbol>
      <symbol id="sm-14a">
         <name>_DSK6416_wait</name>
         <value>0x450</value>
         <object_component_ref idref="oc-51"/>
      </symbol>
      <symbol id="sm-14b">
         <name>_DSK6416_rset</name>
         <value>0x408</value>
         <object_component_ref idref="oc-51"/>
      </symbol>
      <symbol id="sm-14c">
         <name>_DSK6416_version</name>
         <value>0x21ac</value>
         <object_component_ref idref="oc-52"/>
      </symbol>
      <symbol id="sm-14d">
         <name>_DSK6416_getVersion</name>
         <value>0x50c</value>
         <object_component_ref idref="oc-51"/>
      </symbol>
      <symbol id="sm-14e">
         <name>_DSK6416_init</name>
         <value>0x220</value>
         <object_component_ref idref="oc-51"/>
      </symbol>
      <symbol id="sm-170">
         <name>_DSK6416_AIC23_openCodec</name>
         <value>0x5e0</value>
         <object_component_ref idref="oc-58"/>
      </symbol>
      <symbol id="sm-171">
         <name>_DSK6416_AIC23_codecdatahandle</name>
         <value>0x2208</value>
         <object_component_ref idref="oc-59"/>
      </symbol>
      <symbol id="sm-172">
         <name>_DSK6416_AIC23_codeccontrolhandle</name>
         <value>0x2204</value>
         <object_component_ref idref="oc-59"/>
      </symbol>
      <symbol id="sm-19f">
         <name>_DSK6416_AIC23_rset</name>
         <value>0x800</value>
         <object_component_ref idref="oc-5f"/>
      </symbol>
      <symbol id="sm-1a0">
         <name>_DSK6416_AIC23_config</name>
         <value>0x95c</value>
         <object_component_ref idref="oc-5f"/>
      </symbol>
      <symbol id="sm-1a1">
         <name>_DSK6416_AIC23_rget</name>
         <value>0x91c</value>
         <object_component_ref idref="oc-5f"/>
      </symbol>
      <symbol id="sm-1be">
         <name>_DSK6416_AIC23_setFreq</name>
         <value>0xda0</value>
         <object_component_ref idref="oc-66"/>
      </symbol>
      <symbol id="sm-1ce">
         <name>_DSK6416_DIP_init</name>
         <value>0x16c0</value>
         <object_component_ref idref="oc-6d"/>
      </symbol>
      <symbol id="sm-1cf">
         <name>_DSK6416_DIP_get</name>
         <value>0x16c4</value>
         <object_component_ref idref="oc-6d"/>
      </symbol>
      <symbol id="sm-1e8">
         <name>_DSK6416_LED_init</name>
         <value>0xc00</value>
         <object_component_ref idref="oc-72"/>
      </symbol>
      <symbol id="sm-1e9">
         <name>_DSK6416_LED_toggle</name>
         <value>0xd20</value>
         <object_component_ref idref="oc-72"/>
      </symbol>
      <symbol id="sm-1ea">
         <name>_DSK6416_LED_on</name>
         <value>0xcb4</value>
         <object_component_ref idref="oc-72"/>
      </symbol>
      <symbol id="sm-1eb">
         <name>_DSK6416_LED_off</name>
         <value>0xc48</value>
         <object_component_ref idref="oc-72"/>
      </symbol>
      <symbol id="sm-1f3">
         <name>__strasg</name>
         <value>0x12e0</value>
         <object_component_ref idref="oc-84"/>
      </symbol>
      <symbol id="sm-1fd">
         <name>_EMIFA_config</name>
         <value>0x1460</value>
         <object_component_ref idref="oc-86"/>
      </symbol>
      <symbol id="sm-207">
         <name>_EMIFB_config</name>
         <value>0x1500</value>
         <object_component_ref idref="oc-85"/>
      </symbol>
   </symbol_table>
</link_info>
